hour,kWh_generated
01/01/2023 0:00,10.13318792
01/01/2023 1:00,10.05895914
01/01/2023 2:00,10.15047555
01/01/2023 3:00,10.22565759
01/01/2023 4:00,10.24206628
01/01/2023 5:00,10.19972194
01/01/2023 6:00,10.13421204
01/01/2023 7:00,4.75800974
01/01/2023 8:00,0
01/01/2023 9:00,0
01/01/2023 10:00,0
01/01/2023 11:00,0
01/01/2023 12:00,0
01/01/2023 13:00,0
01/01/2023 14:00,0
01/01/2023 15:00,8.178808898
01/01/2023 16:00,10.75910079
01/01/2023 17:00,10.61137787
01/01/2023 18:00,10.4116041
01/01/2023 19:00,10.41610536
01/01/2023 20:00,10.28156729
01/01/2023 21:00,10.28856033
01/01/2023 22:00,10.2760066
01/01/2023 23:00,10.2592316
02/01/2023 0:00,10.24323238
02/01/2023 1:00,10.12282113
02/01/2023 2:00,10.14112464
02/01/2023 3:00,10.07847101
02/01/2023 4:00,10.16782548
02/01/2023 5:00,10.15736203
02/01/2023 6:00,10.2240776
02/01/2023 7:00,2.387208833
02/01/2023 8:00,0
02/01/2023 9:00,0
02/01/2023 10:00,0
02/01/2023 11:00,0
02/01/2023 12:00,0
02/01/2023 13:00,0
02/01/2023 14:00,0
02/01/2023 15:00,10.17532572
02/01/2023 16:00,10.57761649
02/01/2023 17:00,10.53922785
02/01/2023 18:00,10.4285062
02/01/2023 19:00,10.27894405
02/01/2023 20:00,10.16061757
02/01/2023 21:00,10.22364228
02/01/2023 22:00,10.11890157
02/01/2023 23:00,10.28652466
03/01/2023 0:00,10.02689256
03/01/2023 1:00,9.998246998
03/01/2023 2:00,9.989656373
03/01/2023 3:00,9.970643798
03/01/2023 4:00,10.23729528
03/01/2023 5:00,10.20667744
03/01/2023 6:00,10.2659272
03/01/2023 7:00,4.102684513
03/01/2023 8:00,0
03/01/2023 9:00,0
03/01/2023 10:00,0
03/01/2023 11:00,0
03/01/2023 12:00,0
03/01/2023 13:00,0
03/01/2023 14:00,0
03/01/2023 15:00,10.86898037
03/01/2023 16:00,10.61614905
03/01/2023 17:00,10.46947227
03/01/2023 18:00,10.28135856
03/01/2023 19:00,10.25593153
03/01/2023 20:00,10.19485582
03/01/2023 21:00,10.13289684
03/01/2023 22:00,10.23120973
03/01/2023 23:00,10.12569176
04/01/2023 0:00,10.2059369
04/01/2023 1:00,10.20037132
04/01/2023 2:00,10.21863687
04/01/2023 3:00,10.14030576
04/01/2023 4:00,10.23224834
04/01/2023 5:00,10.17749869
04/01/2023 6:00,10.16837152
04/01/2023 7:00,2.384548389
04/01/2023 8:00,0
04/01/2023 9:00,0
04/01/2023 10:00,0
04/01/2023 11:00,0
04/01/2023 12:00,0
04/01/2023 13:00,0
04/01/2023 14:00,0.979271651
04/01/2023 15:00,10.85880488
04/01/2023 16:00,10.72574572
04/01/2023 17:00,10.57328545
04/01/2023 18:00,10.53865461
04/01/2023 19:00,10.2594592
04/01/2023 20:00,10.36364351
04/01/2023 21:00,10.32773788
04/01/2023 22:00,10.35363674
04/01/2023 23:00,10.16539268
05/01/2023 0:00,10.22729131
05/01/2023 1:00,10.20970198
05/01/2023 2:00,10.19916375
05/01/2023 3:00,10.18180689
05/01/2023 4:00,10.21237839
05/01/2023 5:00,10.10569018
05/01/2023 6:00,10.20227167
05/01/2023 7:00,5.504112581
05/01/2023 8:00,0
05/01/2023 9:00,0
05/01/2023 10:00,0
05/01/2023 11:00,0
05/01/2023 12:00,0
05/01/2023 13:00,0
05/01/2023 14:00,4.159954565
05/01/2023 15:00,10.72859503
05/01/2023 16:00,10.3318083
05/01/2023 17:00,10.2829709
05/01/2023 18:00,10.3139145
05/01/2023 19:00,10.24559425
05/01/2023 20:00,10.20971603
05/01/2023 21:00,10.25619634
05/01/2023 22:00,10.17629744
05/01/2023 23:00,10.40940068
06/01/2023 0:00,10.18573781
06/01/2023 1:00,10.21105776
06/01/2023 2:00,10.27265106
06/01/2023 3:00,10.23135957
06/01/2023 4:00,10.35173711
06/01/2023 5:00,10.17760064
06/01/2023 6:00,10.25418027
06/01/2023 7:00,3.668184914
06/01/2023 8:00,0
06/01/2023 9:00,0
06/01/2023 10:00,0
06/01/2023 11:00,0
06/01/2023 12:00,0
06/01/2023 13:00,0
06/01/2023 14:00,0
06/01/2023 15:00,9.882297688
06/01/2023 16:00,10.66291327
06/01/2023 17:00,10.41345146
06/01/2023 18:00,10.35639072
06/01/2023 19:00,10.40704148
06/01/2023 20:00,10.22992993
06/01/2023 21:00,10.36057964
06/01/2023 22:00,10.22860828
06/01/2023 23:00,10.2455126
07/01/2023 0:00,10.19734122
07/01/2023 1:00,10.08414843
07/01/2023 2:00,10.07106425
07/01/2023 3:00,9.993101419
07/01/2023 4:00,10.15615951
07/01/2023 5:00,10.02766569
07/01/2023 6:00,10.03299295
07/01/2023 7:00,2.671214713
07/01/2023 8:00,0
07/01/2023 9:00,0
07/01/2023 10:00,0
07/01/2023 11:00,0
07/01/2023 12:00,0
07/01/2023 13:00,0
07/01/2023 14:00,0
07/01/2023 15:00,6.918104823
07/01/2023 16:00,10.60455113
07/01/2023 17:00,10.53453746
07/01/2023 18:00,10.37231361
07/01/2023 19:00,10.22167978
07/01/2023 20:00,10.21399801
07/01/2023 21:00,10.336072
07/01/2023 22:00,10.37409401
07/01/2023 23:00,10.34300787
08/01/2023 0:00,10.34966847
08/01/2023 1:00,10.27142822
08/01/2023 2:00,10.30276707
08/01/2023 3:00,10.22972002
08/01/2023 4:00,10.24327497
08/01/2023 5:00,10.11102356
08/01/2023 6:00,10.23634576
08/01/2023 7:00,3.778403407
08/01/2023 8:00,0
08/01/2023 9:00,0
08/01/2023 10:00,0
08/01/2023 11:00,0
08/01/2023 12:00,0
08/01/2023 13:00,0
08/01/2023 14:00,1.389578096
08/01/2023 15:00,10.92495211
08/01/2023 16:00,10.58692913
08/01/2023 17:00,10.49682835
08/01/2023 18:00,10.30779854
08/01/2023 19:00,10.25451515
08/01/2023 20:00,10.18760566
08/01/2023 21:00,10.04808726
08/01/2023 22:00,10.1291287
08/01/2023 23:00,10.10612072
09/01/2023 0:00,10.18019314
09/01/2023 1:00,10.09588243
09/01/2023 2:00,10.07795241
09/01/2023 3:00,10.01593392
09/01/2023 4:00,10.24335971
09/01/2023 5:00,10.08527573
09/01/2023 6:00,10.31303492
09/01/2023 7:00,8.151872461
09/01/2023 8:00,0
09/01/2023 9:00,0
09/01/2023 10:00,0
09/01/2023 11:00,0
09/01/2023 12:00,0
09/01/2023 13:00,0
09/01/2023 14:00,0
09/01/2023 15:00,9.689197829
09/01/2023 16:00,10.64078692
09/01/2023 17:00,10.46067173
09/01/2023 18:00,10.311581
09/01/2023 19:00,10.25343589
09/01/2023 20:00,10.29607947
09/01/2023 21:00,10.22702375
09/01/2023 22:00,10.16900384
09/01/2023 23:00,10.22202201
10/01/2023 0:00,10.05269187
10/01/2023 1:00,9.997580912
10/01/2023 2:00,10.09071603
10/01/2023 3:00,10.2275051
10/01/2023 4:00,10.31186072
10/01/2023 5:00,10.19105515
10/01/2023 6:00,10.29613403
10/01/2023 7:00,8.568022624
10/01/2023 8:00,0
10/01/2023 9:00,0
10/01/2023 10:00,0
10/01/2023 11:00,0
10/01/2023 12:00,0
10/01/2023 13:00,0
10/01/2023 14:00,0
10/01/2023 15:00,9.380538924
10/01/2023 16:00,10.52794546
10/01/2023 17:00,10.3628051
10/01/2023 18:00,10.2963624
10/01/2023 19:00,10.31265566
10/01/2023 20:00,10.18690013
10/01/2023 21:00,10.1658079
10/01/2023 22:00,10.16065851
10/01/2023 23:00,10.28179237
11/01/2023 0:00,10.2208638
11/01/2023 1:00,10.12907468
11/01/2023 2:00,10.12778145
11/01/2023 3:00,10.04951019
11/01/2023 4:00,10.23226967
11/01/2023 5:00,10.05426978
11/01/2023 6:00,10.17379421
11/01/2023 7:00,2.855942783
11/01/2023 8:00,0
11/01/2023 9:00,0
11/01/2023 10:00,0
11/01/2023 11:00,0
11/01/2023 12:00,0
11/01/2023 13:00,0
11/01/2023 14:00,1.497761833
11/01/2023 15:00,10.80933053
11/01/2023 16:00,10.38101895
11/01/2023 17:00,10.32137358
11/01/2023 18:00,10.23580763
11/01/2023 19:00,10.22174214
11/01/2023 20:00,10.21855355
11/01/2023 21:00,10.08882004
11/01/2023 22:00,10.23739102
11/01/2023 23:00,10.2544218
12/01/2023 0:00,10.22096956
12/01/2023 1:00,10.01151567
12/01/2023 2:00,10.11398199
12/01/2023 3:00,10.14232092
12/01/2023 4:00,10.20166008
12/01/2023 5:00,10.12535602
12/01/2023 6:00,9.875778571
12/01/2023 7:00,0
12/01/2023 8:00,0
12/01/2023 9:00,0
12/01/2023 10:00,0
12/01/2023 11:00,0
12/01/2023 12:00,0
12/01/2023 13:00,0
12/01/2023 14:00,0
12/01/2023 15:00,6.087253668
12/01/2023 16:00,10.65671385
12/01/2023 17:00,10.57090737
12/01/2023 18:00,10.27330092
12/01/2023 19:00,10.36286271
12/01/2023 20:00,10.2331986
12/01/2023 21:00,10.15720471
12/01/2023 22:00,10.1733371
12/01/2023 23:00,10.23463715
13/01/2023 0:00,10.15650291
13/01/2023 1:00,10.10734564
13/01/2023 2:00,10.11539571
13/01/2023 3:00,10.03899905
13/01/2023 4:00,10.26039051
13/01/2023 5:00,10.09030131
13/01/2023 6:00,10.12054814
13/01/2023 7:00,3.189081036
13/01/2023 8:00,0
13/01/2023 9:00,0
13/01/2023 10:00,0
13/01/2023 11:00,0
13/01/2023 12:00,0
13/01/2023 13:00,0
13/01/2023 14:00,0
13/01/2023 15:00,8.789276061
13/01/2023 16:00,10.60558783
13/01/2023 17:00,10.59364355
13/01/2023 18:00,10.39856369
13/01/2023 19:00,10.31359519
13/01/2023 20:00,10.39059556
13/01/2023 21:00,10.33764338
13/01/2023 22:00,10.15773958
13/01/2023 23:00,10.29799845
14/01/2023 0:00,10.11051167
14/01/2023 1:00,10.09840844
14/01/2023 2:00,10.12867887
14/01/2023 3:00,10.08906263
14/01/2023 4:00,10.23897151
14/01/2023 5:00,10.19327737
14/01/2023 6:00,10.28399571
14/01/2023 7:00,3.432036772
14/01/2023 8:00,0
14/01/2023 9:00,0
14/01/2023 10:00,0
14/01/2023 11:00,0
14/01/2023 12:00,0
14/01/2023 13:00,0
14/01/2023 14:00,0
14/01/2023 15:00,6.000121121
14/01/2023 16:00,10.55293576
14/01/2023 17:00,10.52394992
14/01/2023 18:00,10.37960111
14/01/2023 19:00,10.69460297
14/01/2023 20:00,10.74818654
14/01/2023 21:00,10.66084627
14/01/2023 22:00,10.40073354
14/01/2023 23:00,10.53483826
15/01/2023 0:00,10.15182327
15/01/2023 1:00,10.05600819
15/01/2023 2:00,10.33268899
15/01/2023 3:00,10.30909439
15/01/2023 4:00,10.3363764
15/01/2023 5:00,10.21001758
15/01/2023 6:00,10.2944471
15/01/2023 7:00,3.766586588
15/01/2023 8:00,0
15/01/2023 9:00,0
15/01/2023 10:00,0
15/01/2023 11:00,0
15/01/2023 12:00,0
15/01/2023 13:00,0
15/01/2023 14:00,3.0520886
15/01/2023 15:00,10.89616749
15/01/2023 16:00,10.49623296
15/01/2023 17:00,10.32584971
15/01/2023 18:00,10.36072159
15/01/2023 19:00,10.13749456
15/01/2023 20:00,10.25804913
15/01/2023 21:00,10.19297487
15/01/2023 22:00,10.20839588
15/01/2023 23:00,10.22433403
16/01/2023 0:00,10.23743658
16/01/2023 1:00,10.18879836
16/01/2023 2:00,10.16587496
16/01/2023 3:00,9.982502445
16/01/2023 4:00,10.41313172
16/01/2023 5:00,10.20685954
16/01/2023 6:00,10.25332912
16/01/2023 7:00,2.245717455
16/01/2023 8:00,0
16/01/2023 9:00,0
16/01/2023 10:00,0
16/01/2023 11:00,0
16/01/2023 12:00,0
16/01/2023 13:00,0
16/01/2023 14:00,0
16/01/2023 15:00,7.848327448
16/01/2023 16:00,10.7318259
16/01/2023 17:00,10.47568928
16/01/2023 18:00,10.41039358
16/01/2023 19:00,10.33798743
16/01/2023 20:00,10.37136336
16/01/2023 21:00,10.27143845
16/01/2023 22:00,10.28699004
16/01/2023 23:00,10.23334289
17/01/2023 0:00,10.19308704
17/01/2023 1:00,10.15595039
17/01/2023 2:00,10.17448109
17/01/2023 3:00,10.19364868
17/01/2023 4:00,10.20641959
17/01/2023 5:00,10.10082002
17/01/2023 6:00,10.0996383
17/01/2023 7:00,2.395736145
17/01/2023 8:00,0
17/01/2023 9:00,0
17/01/2023 10:00,0
17/01/2023 11:00,0
17/01/2023 12:00,0
17/01/2023 13:00,0
17/01/2023 14:00,0
17/01/2023 15:00,5.442757683
17/01/2023 16:00,10.70430565
17/01/2023 17:00,10.50780912
17/01/2023 18:00,10.33612735
17/01/2023 19:00,10.41284863
17/01/2023 20:00,10.49088183
17/01/2023 21:00,10.46074642
17/01/2023 22:00,10.28989809
17/01/2023 23:00,10.25735208
18/01/2023 0:00,10.24508547
18/01/2023 1:00,10.21630425
18/01/2023 2:00,10.15926832
18/01/2023 3:00,10.14431346
18/01/2023 4:00,10.19144244
18/01/2023 5:00,10.11506403
18/01/2023 6:00,10.42497358
18/01/2023 7:00,6.554505684
18/01/2023 8:00,0
18/01/2023 9:00,0
18/01/2023 10:00,0
18/01/2023 11:00,0
18/01/2023 12:00,0
18/01/2023 13:00,0
18/01/2023 14:00,0
18/01/2023 15:00,5.056623289
18/01/2023 16:00,10.81549556
18/01/2023 17:00,10.50976325
18/01/2023 18:00,10.32876005
18/01/2023 19:00,10.37089863
18/01/2023 20:00,10.3071372
18/01/2023 21:00,10.27800261
18/01/2023 22:00,10.16483292
18/01/2023 23:00,10.12806419
19/01/2023 0:00,10.04105189
19/01/2023 1:00,9.909305437
19/01/2023 2:00,10.09321209
19/01/2023 3:00,10.09327282
19/01/2023 4:00,10.13990121
19/01/2023 5:00,10.13617499
19/01/2023 6:00,10.13564404
19/01/2023 7:00,2.375366906
19/01/2023 8:00,0
19/01/2023 9:00,0
19/01/2023 10:00,0
19/01/2023 11:00,0
19/01/2023 12:00,0
19/01/2023 13:00,0
19/01/2023 14:00,0
19/01/2023 15:00,4.734403692
19/01/2023 16:00,10.75480352
19/01/2023 17:00,10.4978185
19/01/2023 18:00,10.5417757
19/01/2023 19:00,10.51554543
19/01/2023 20:00,10.41981031
19/01/2023 21:00,10.30778963
19/01/2023 22:00,10.22177179
19/01/2023 23:00,10.26177795
20/01/2023 0:00,10.31729461
20/01/2023 1:00,10.16736632
20/01/2023 2:00,10.10981323
20/01/2023 3:00,10.13556961
20/01/2023 4:00,10.1479789
20/01/2023 5:00,10.1475667
20/01/2023 6:00,10.39393853
20/01/2023 7:00,2.711293064
20/01/2023 8:00,0
20/01/2023 9:00,0
20/01/2023 10:00,0
20/01/2023 11:00,0
20/01/2023 12:00,0
20/01/2023 13:00,0
20/01/2023 14:00,2.990996303
20/01/2023 15:00,10.8946517
20/01/2023 16:00,10.44910834
20/01/2023 17:00,10.41572013
20/01/2023 18:00,10.23715267
20/01/2023 19:00,10.14558236
20/01/2023 20:00,10.14700383
20/01/2023 21:00,10.08059203
20/01/2023 22:00,10.02154417
20/01/2023 23:00,10.09446033
21/01/2023 0:00,9.991791344
21/01/2023 1:00,9.948586108
21/01/2023 2:00,10.03583534
21/01/2023 3:00,10.04085239
21/01/2023 4:00,10.07324933
21/01/2023 5:00,9.897260076
21/01/2023 6:00,10.14635939
21/01/2023 7:00,10.15031177
21/01/2023 8:00,3.544278342
21/01/2023 9:00,0
21/01/2023 10:00,0
21/01/2023 11:00,0
21/01/2023 12:00,1.860471827
21/01/2023 13:00,10.85618592
21/01/2023 14:00,10.76312392
21/01/2023 15:00,10.38795497
21/01/2023 16:00,10.18070459
21/01/2023 17:00,10.35595178
21/01/2023 18:00,10.15502042
21/01/2023 19:00,10.27767708
21/01/2023 20:00,10.23567915
21/01/2023 21:00,10.07316836
21/01/2023 22:00,10.1765413
21/01/2023 23:00,10.15018237
22/01/2023 0:00,10.05282007
22/01/2023 1:00,10.00552762
22/01/2023 2:00,10.01576731
22/01/2023 3:00,9.980226978
22/01/2023 4:00,10.11422357
22/01/2023 5:00,9.999936833
22/01/2023 6:00,10.02654746
22/01/2023 7:00,10.18711093
22/01/2023 8:00,10.11678421
22/01/2023 9:00,9.933477068
22/01/2023 10:00,0.662130536
22/01/2023 11:00,0
22/01/2023 12:00,0.974571139
22/01/2023 13:00,0.191036693
22/01/2023 14:00,9.157466517
22/01/2023 15:00,10.5382417
22/01/2023 16:00,10.37865188
22/01/2023 17:00,10.13325191
22/01/2023 18:00,10.12661709
22/01/2023 19:00,10.00792202
22/01/2023 20:00,10.04574696
22/01/2023 21:00,10.02966392
22/01/2023 22:00,10.12364359
22/01/2023 23:00,10.0847098
23/01/2023 0:00,9.962529417
23/01/2023 1:00,10.0984469
23/01/2023 2:00,9.967776587
23/01/2023 3:00,9.882687566
23/01/2023 4:00,10.10543039
23/01/2023 5:00,10.01052393
23/01/2023 6:00,10.02384595
23/01/2023 7:00,10.08700638
23/01/2023 8:00,10.07305768
23/01/2023 9:00,6.102244408
23/01/2023 10:00,0
23/01/2023 11:00,1.033437397
23/01/2023 12:00,0
23/01/2023 13:00,2.085800653
23/01/2023 14:00,9.876836123
23/01/2023 15:00,10.57629165
23/01/2023 16:00,10.50881897
23/01/2023 17:00,10.26340639
23/01/2023 18:00,10.26026647
23/01/2023 19:00,10.17290706
23/01/2023 20:00,10.14624337
23/01/2023 21:00,10.12262771
23/01/2023 22:00,10.16143273
23/01/2023 23:00,10.20160929
24/01/2023 0:00,10.13624592
24/01/2023 1:00,10.09523375
24/01/2023 2:00,9.950639744
24/01/2023 3:00,10.18572802
24/01/2023 4:00,10.14234468
24/01/2023 5:00,9.9746134
24/01/2023 6:00,9.94626108
24/01/2023 7:00,10.22832591
24/01/2023 8:00,6.876050253
24/01/2023 9:00,0
24/01/2023 10:00,0
24/01/2023 11:00,0
24/01/2023 12:00,0
24/01/2023 13:00,0
24/01/2023 14:00,0
24/01/2023 15:00,8.121058899
24/01/2023 16:00,10.63820325
24/01/2023 17:00,10.29439863
24/01/2023 18:00,10.18171264
24/01/2023 19:00,10.20486159
24/01/2023 20:00,10.12476913
24/01/2023 21:00,10.06499132
24/01/2023 22:00,10.08136428
24/01/2023 23:00,10.15790425
25/01/2023 0:00,10.16411351
25/01/2023 1:00,10.15668084
25/01/2023 2:00,10.11632979
25/01/2023 3:00,10.0518613
25/01/2023 4:00,10.24221203
25/01/2023 5:00,10.11455443
25/01/2023 6:00,10.18734721
25/01/2023 7:00,7.338993484
25/01/2023 8:00,0
25/01/2023 9:00,0
25/01/2023 10:00,0
25/01/2023 11:00,0
25/01/2023 12:00,0
25/01/2023 13:00,0
25/01/2023 14:00,1.502597045
25/01/2023 15:00,10.85849205
25/01/2023 16:00,10.57331842
25/01/2023 17:00,10.3170249
25/01/2023 18:00,10.38689978
25/01/2023 19:00,10.28065183
25/01/2023 20:00,10.24603621
25/01/2023 21:00,10.25799507
25/01/2023 22:00,10.23483991
25/01/2023 23:00,10.08234503
26/01/2023 0:00,10.00535025
26/01/2023 1:00,9.988586742
26/01/2023 2:00,10.16975911
26/01/2023 3:00,10.17535382
26/01/2023 4:00,10.14615384
26/01/2023 5:00,9.960379412
26/01/2023 6:00,10.31262615
26/01/2023 7:00,4.412580295
26/01/2023 8:00,0
26/01/2023 9:00,0
26/01/2023 10:00,0
26/01/2023 11:00,0
26/01/2023 12:00,0
26/01/2023 13:00,0
26/01/2023 14:00,0
26/01/2023 15:00,9.895469288
26/01/2023 16:00,10.56979305
26/01/2023 17:00,10.46766476
26/01/2023 18:00,10.42777982
26/01/2023 19:00,10.38564569
26/01/2023 20:00,10.29699601
26/01/2023 21:00,10.30847445
26/01/2023 22:00,10.25634307
26/01/2023 23:00,10.15930854
27/01/2023 0:00,10.02916531
27/01/2023 1:00,10.06245642
27/01/2023 2:00,10.08257452
27/01/2023 3:00,10.07244453
27/01/2023 4:00,10.12472357
27/01/2023 5:00,10.14148872
27/01/2023 6:00,10.04293632
27/01/2023 7:00,4.186452436
27/01/2023 8:00,0
27/01/2023 9:00,0
27/01/2023 10:00,0
27/01/2023 11:00,0
27/01/2023 12:00,0
27/01/2023 13:00,0
27/01/2023 14:00,0
27/01/2023 15:00,6.238551214
27/01/2023 16:00,10.49727532
27/01/2023 17:00,10.31702125
27/01/2023 18:00,10.26123427
27/01/2023 19:00,10.23112738
27/01/2023 20:00,10.19962308
27/01/2023 21:00,10.08832917
27/01/2023 22:00,10.14841959
27/01/2023 23:00,9.968293408
28/01/2023 0:00,10.09216266
28/01/2023 1:00,10.07657738
28/01/2023 2:00,10.08895742
28/01/2023 3:00,10.00712207
28/01/2023 4:00,10.15074225
28/01/2023 5:00,10.15952911
28/01/2023 6:00,10.26271656
28/01/2023 7:00,10.18844349
28/01/2023 8:00,5.607036847
28/01/2023 9:00,0
28/01/2023 10:00,0
28/01/2023 11:00,0
28/01/2023 12:00,0
28/01/2023 13:00,0
28/01/2023 14:00,0
28/01/2023 15:00,5.217327115
28/01/2023 16:00,10.65922088
28/01/2023 17:00,10.4288852
28/01/2023 18:00,10.277413
28/01/2023 19:00,10.1712497
28/01/2023 20:00,10.17133467
28/01/2023 21:00,10.16448885
28/01/2023 22:00,10.03605412
28/01/2023 23:00,10.07328104
29/01/2023 0:00,9.967431398
29/01/2023 1:00,10.2008732
29/01/2023 2:00,10.00476843
29/01/2023 3:00,10.02989459
29/01/2023 4:00,10.06697084
29/01/2023 5:00,10.02703645
29/01/2023 6:00,9.943825938
29/01/2023 7:00,0
29/01/2023 8:00,0
29/01/2023 9:00,0
29/01/2023 10:00,0
29/01/2023 11:00,0
29/01/2023 12:00,0
29/01/2023 13:00,0
29/01/2023 14:00,0
29/01/2023 15:00,3.788175467
29/01/2023 16:00,10.8906076
29/01/2023 17:00,10.65617971
29/01/2023 18:00,10.46115337
29/01/2023 19:00,10.27460159
29/01/2023 20:00,10.18435261
29/01/2023 21:00,10.18059274
29/01/2023 22:00,10.32508261
29/01/2023 23:00,10.28243108
30/01/2023 0:00,10.15175797
30/01/2023 1:00,10.33852153
30/01/2023 2:00,10.26551686
30/01/2023 3:00,10.18559591
30/01/2023 4:00,10.39759138
30/01/2023 5:00,10.15110399
30/01/2023 6:00,8.559574161
30/01/2023 7:00,0
30/01/2023 8:00,0
30/01/2023 9:00,0
30/01/2023 10:00,0
30/01/2023 11:00,0
30/01/2023 12:00,0
30/01/2023 13:00,0
30/01/2023 14:00,0
30/01/2023 15:00,2.530575144
30/01/2023 16:00,10.77021134
30/01/2023 17:00,10.58895866
30/01/2023 18:00,10.5167603
30/01/2023 19:00,10.34433032
30/01/2023 20:00,10.28137782
30/01/2023 21:00,10.20788853
30/01/2023 22:00,10.15815199
30/01/2023 23:00,10.28761471
31/01/2023 0:00,10.06426719
31/01/2023 1:00,10.19588312
31/01/2023 2:00,10.18490638
31/01/2023 3:00,10.18398496
31/01/2023 4:00,10.21684742
31/01/2023 5:00,10.05163632
31/01/2023 6:00,10.29578497
31/01/2023 7:00,1.855499902
31/01/2023 8:00,0
31/01/2023 9:00,0
31/01/2023 10:00,0
31/01/2023 11:00,0
31/01/2023 12:00,0
31/01/2023 13:00,0
31/01/2023 14:00,0
31/01/2023 15:00,6.741597948
31/01/2023 16:00,10.81873338
31/01/2023 17:00,10.68624373
31/01/2023 18:00,10.35227876
31/01/2023 19:00,10.36566375
31/01/2023 20:00,10.16958382
31/01/2023 21:00,10.13055475
31/01/2023 22:00,10.31773601
31/01/2023 23:00,10.33557217
01/02/2023 0:00,10.14582528
01/02/2023 1:00,10.14603765
01/02/2023 2:00,10.07053638
01/02/2023 3:00,10.06485234
01/02/2023 4:00,10.21522503
01/02/2023 5:00,10.18815594
01/02/2023 6:00,10.14252478
01/02/2023 7:00,2.785801795
01/02/2023 8:00,0
01/02/2023 9:00,0
01/02/2023 10:00,0
01/02/2023 11:00,0
01/02/2023 12:00,0
01/02/2023 13:00,0
01/02/2023 14:00,0.390449778
01/02/2023 15:00,11.48421773
01/02/2023 16:00,10.61366953
01/02/2023 17:00,10.36970994
01/02/2023 18:00,10.366599
01/02/2023 19:00,10.44980001
01/02/2023 20:00,10.4327734
01/02/2023 21:00,10.30255692
01/02/2023 22:00,10.29404919
01/02/2023 23:00,10.25755593
02/02/2023 0:00,10.14537199
02/02/2023 1:00,10.09710022
02/02/2023 2:00,10.06473952
02/02/2023 3:00,10.18137275
02/02/2023 4:00,10.33072432
02/02/2023 5:00,10.09876841
02/02/2023 6:00,10.16878702
02/02/2023 7:00,10.19075507
02/02/2023 8:00,10.18345275
02/02/2023 9:00,10.13448415
02/02/2023 10:00,10.18237667
02/02/2023 11:00,10.18684847
02/02/2023 12:00,10.17178113
02/02/2023 13:00,11.02138492
02/02/2023 14:00,10.65799788
02/02/2023 15:00,10.53587792
02/02/2023 16:00,10.33019501
02/02/2023 17:00,10.31028369
02/02/2023 18:00,10.27309775
02/02/2023 19:00,10.25904622
02/02/2023 20:00,10.17135682
02/02/2023 21:00,10.06546962
02/02/2023 22:00,10.18975751
02/02/2023 23:00,10.10586793
03/02/2023 0:00,10.08096949
03/02/2023 1:00,10.08746657
03/02/2023 2:00,10.06724628
03/02/2023 3:00,10.07438928
03/02/2023 4:00,10.11406986
03/02/2023 5:00,10.024064
03/02/2023 6:00,10.09245232
03/02/2023 7:00,10.1069338
03/02/2023 8:00,9.8222129
03/02/2023 9:00,4.230675029
03/02/2023 10:00,0
03/02/2023 11:00,0
03/02/2023 12:00,0
03/02/2023 13:00,0
03/02/2023 14:00,0
03/02/2023 15:00,5.722147681
03/02/2023 16:00,10.68498347
03/02/2023 17:00,10.55357896
03/02/2023 18:00,10.26919134
03/02/2023 19:00,10.34465944
03/02/2023 20:00,10.30354607
03/02/2023 21:00,10.134777
03/02/2023 22:00,10.13604536
03/02/2023 23:00,10.20386935
04/02/2023 0:00,10.09761521
04/02/2023 1:00,10.0139581
04/02/2023 2:00,9.999898829
04/02/2023 3:00,9.926137366
04/02/2023 4:00,9.988790789
04/02/2023 5:00,9.97920783
04/02/2023 6:00,7.762503819
04/02/2023 7:00,0
04/02/2023 8:00,0
04/02/2023 9:00,0
04/02/2023 10:00,0
04/02/2023 11:00,0
04/02/2023 12:00,0
04/02/2023 13:00,0
04/02/2023 14:00,0
04/02/2023 15:00,0
04/02/2023 16:00,10.96771109
04/02/2023 17:00,10.72139288
04/02/2023 18:00,10.33598827
04/02/2023 19:00,10.42740515
04/02/2023 20:00,10.28666967
04/02/2023 21:00,10.33324936
04/02/2023 22:00,10.2194602
04/02/2023 23:00,10.21998196
05/02/2023 0:00,10.07105668
05/02/2023 1:00,10.10698147
05/02/2023 2:00,10.01327652
05/02/2023 3:00,9.96897776
05/02/2023 4:00,10.10162082
05/02/2023 5:00,10.21958914
05/02/2023 6:00,6.134060707
05/02/2023 7:00,0
05/02/2023 8:00,0
05/02/2023 9:00,0
05/02/2023 10:00,0
05/02/2023 11:00,0
05/02/2023 12:00,0
05/02/2023 13:00,0
05/02/2023 14:00,0
05/02/2023 15:00,0.01279144
05/02/2023 16:00,10.83472174
05/02/2023 17:00,10.66318841
05/02/2023 18:00,10.63979248
05/02/2023 19:00,10.40984493
05/02/2023 20:00,10.38372075
05/02/2023 21:00,10.10596838
05/02/2023 22:00,10.07159874
05/02/2023 23:00,10.08731664
06/02/2023 0:00,10.05940688
06/02/2023 1:00,10.12897854
06/02/2023 2:00,10.02696694
06/02/2023 3:00,10.0594148
06/02/2023 4:00,10.17120096
06/02/2023 5:00,10.13532773
06/02/2023 6:00,7.430343467
06/02/2023 7:00,0
06/02/2023 8:00,0
06/02/2023 9:00,0
06/02/2023 10:00,0
06/02/2023 11:00,0
06/02/2023 12:00,0
06/02/2023 13:00,0
06/02/2023 14:00,0
06/02/2023 15:00,1.606519603
06/02/2023 16:00,10.72993586
06/02/2023 17:00,10.48724378
06/02/2023 18:00,10.43191131
06/02/2023 19:00,10.22095371
06/02/2023 20:00,10.09023373
06/02/2023 21:00,10.0666132
06/02/2023 22:00,10.07530837
06/02/2023 23:00,10.13502902
07/02/2023 0:00,10.26767522
07/02/2023 1:00,10.20089803
07/02/2023 2:00,10.18992331
07/02/2023 3:00,10.00590039
07/02/2023 4:00,10.31221491
07/02/2023 5:00,10.15317108
07/02/2023 6:00,6.708747833
07/02/2023 7:00,0
07/02/2023 8:00,0
07/02/2023 9:00,0.46907
07/02/2023 10:00,0
07/02/2023 11:00,0
07/02/2023 12:00,0
07/02/2023 13:00,0
07/02/2023 14:00,0
07/02/2023 15:00,0
07/02/2023 16:00,9.220518251
07/02/2023 17:00,10.72201088
07/02/2023 18:00,10.54102989
07/02/2023 19:00,10.56232851
07/02/2023 20:00,10.46949863
07/02/2023 21:00,10.28379623
07/02/2023 22:00,10.36988802
07/02/2023 23:00,10.28490294
08/02/2023 0:00,10.27323058
08/02/2023 1:00,10.19302891
08/02/2023 2:00,10.08184852
08/02/2023 3:00,10.16657511
08/02/2023 4:00,10.11196934
08/02/2023 5:00,10.04908922
08/02/2023 6:00,6.528247129
08/02/2023 7:00,0
08/02/2023 8:00,0
08/02/2023 9:00,0
08/02/2023 10:00,0
08/02/2023 11:00,0
08/02/2023 12:00,0
08/02/2023 13:00,0
08/02/2023 14:00,0
08/02/2023 15:00,0
08/02/2023 16:00,9.007365201
08/02/2023 17:00,10.6583219
08/02/2023 18:00,10.63857566
08/02/2023 19:00,10.46280514
08/02/2023 20:00,10.45714668
08/02/2023 21:00,10.50606963
08/02/2023 22:00,10.43357757
08/02/2023 23:00,10.53646326
09/02/2023 0:00,10.44949538
09/02/2023 1:00,10.24062351
09/02/2023 2:00,10.17848203
09/02/2023 3:00,10.13578597
09/02/2023 4:00,10.25693068
09/02/2023 5:00,10.19686216
09/02/2023 6:00,5.795882308
09/02/2023 7:00,0
09/02/2023 8:00,0
09/02/2023 9:00,0
09/02/2023 10:00,0
09/02/2023 11:00,0
09/02/2023 12:00,0
09/02/2023 13:00,0
09/02/2023 14:00,0
09/02/2023 15:00,0
09/02/2023 16:00,8.727805157
09/02/2023 17:00,10.78360458
09/02/2023 18:00,10.57426132
09/02/2023 19:00,10.50745621
09/02/2023 20:00,10.52811487
09/02/2023 21:00,10.50431215
09/02/2023 22:00,10.38409873
09/02/2023 23:00,10.38458911
10/02/2023 0:00,10.19069896
10/02/2023 1:00,10.29174607
10/02/2023 2:00,10.21197948
10/02/2023 3:00,10.12439099
10/02/2023 4:00,10.29832802
10/02/2023 5:00,10.19775107
10/02/2023 6:00,5.948762939
10/02/2023 7:00,0
10/02/2023 8:00,0
10/02/2023 9:00,0
10/02/2023 10:00,0
10/02/2023 11:00,0
10/02/2023 12:00,0
10/02/2023 13:00,0
10/02/2023 14:00,0
10/02/2023 15:00,0
10/02/2023 16:00,7.847205742
10/02/2023 17:00,10.93712089
10/02/2023 18:00,10.63433803
10/02/2023 19:00,10.52564548
10/02/2023 20:00,10.44714781
10/02/2023 21:00,10.48838513
10/02/2023 22:00,10.47630106
10/02/2023 23:00,10.35860135
11/02/2023 0:00,10.21754566
11/02/2023 1:00,10.12275318
11/02/2023 2:00,10.20909159
11/02/2023 3:00,10.19145893
11/02/2023 4:00,10.31321851
11/02/2023 5:00,10.10629019
11/02/2023 6:00,7.500384164
11/02/2023 7:00,0
11/02/2023 8:00,0
11/02/2023 9:00,0
11/02/2023 10:00,0
11/02/2023 11:00,0
11/02/2023 12:00,0
11/02/2023 13:00,0
11/02/2023 14:00,0
11/02/2023 15:00,0
11/02/2023 16:00,10.76356433
11/02/2023 17:00,10.70898323
11/02/2023 18:00,10.50474961
11/02/2023 19:00,10.32470401
11/02/2023 20:00,10.35586556
11/02/2023 21:00,10.41687585
11/02/2023 22:00,10.40289692
11/02/2023 23:00,10.45967105
12/02/2023 0:00,10.2424723
12/02/2023 1:00,10.25816501
12/02/2023 2:00,10.41408952
12/02/2023 3:00,10.31434743
12/02/2023 4:00,10.50496381
12/02/2023 5:00,10.35760599
12/02/2023 6:00,10.50148002
12/02/2023 7:00,0.277471021
12/02/2023 8:00,0
12/02/2023 9:00,0
12/02/2023 10:00,0
12/02/2023 11:00,0
12/02/2023 12:00,0
12/02/2023 13:00,0
12/02/2023 14:00,0
12/02/2023 15:00,0
12/02/2023 16:00,9.152761751
12/02/2023 17:00,10.80929937
12/02/2023 18:00,10.44811678
12/02/2023 19:00,10.57314134
12/02/2023 20:00,10.4553735
12/02/2023 21:00,10.63221147
12/02/2023 22:00,10.42299802
12/02/2023 23:00,10.43854839
13/02/2023 0:00,10.33472717
13/02/2023 1:00,10.38680413
13/02/2023 2:00,10.33040858
13/02/2023 3:00,10.22697714
13/02/2023 4:00,10.42989353
13/02/2023 5:00,10.31728381
13/02/2023 6:00,7.111385675
13/02/2023 7:00,0
13/02/2023 8:00,0
13/02/2023 9:00,0
13/02/2023 10:00,0
13/02/2023 11:00,0
13/02/2023 12:00,0
13/02/2023 13:00,0
13/02/2023 14:00,0
13/02/2023 15:00,0
13/02/2023 16:00,7.197215759
13/02/2023 17:00,10.67800771
13/02/2023 18:00,10.36286895
13/02/2023 19:00,10.35792049
13/02/2023 20:00,10.31918021
13/02/2023 21:00,10.30545047
13/02/2023 22:00,10.22076404
13/02/2023 23:00,10.26374568
14/02/2023 0:00,10.09169538
14/02/2023 1:00,9.96793506
14/02/2023 2:00,10.02760893
14/02/2023 3:00,10.05820924
14/02/2023 4:00,10.3108027
14/02/2023 5:00,10.15803702
14/02/2023 6:00,8.683326294
14/02/2023 7:00,0
14/02/2023 8:00,0
14/02/2023 9:00,0
14/02/2023 10:00,0
14/02/2023 11:00,0
14/02/2023 12:00,0
14/02/2023 13:00,0
14/02/2023 14:00,0
14/02/2023 15:00,0.741236559
14/02/2023 16:00,10.94434847
14/02/2023 17:00,10.53494774
14/02/2023 18:00,10.3794972
14/02/2023 19:00,10.33690231
14/02/2023 20:00,10.28696639
14/02/2023 21:00,10.16531574
14/02/2023 22:00,10.2366661
14/02/2023 23:00,10.36179428
15/02/2023 0:00,10.28410215
15/02/2023 1:00,10.19630778
15/02/2023 2:00,10.2049216
15/02/2023 3:00,10.15970893
15/02/2023 4:00,10.39088746
15/02/2023 5:00,10.31939464
15/02/2023 6:00,9.208731519
15/02/2023 7:00,0
15/02/2023 8:00,0
15/02/2023 9:00,0
15/02/2023 10:00,0
15/02/2023 11:00,0
15/02/2023 12:00,0
15/02/2023 13:00,0
15/02/2023 14:00,0
15/02/2023 15:00,0
15/02/2023 16:00,10.27970068
15/02/2023 17:00,10.72330408
15/02/2023 18:00,10.56703349
15/02/2023 19:00,10.70407269
15/02/2023 20:00,10.51161715
15/02/2023 21:00,10.35790614
15/02/2023 22:00,10.31179677
15/02/2023 23:00,10.37339505
16/02/2023 0:00,10.40102631
16/02/2023 1:00,10.34969004
16/02/2023 2:00,10.33412248
16/02/2023 3:00,10.28789356
16/02/2023 4:00,10.30653059
16/02/2023 5:00,10.1537294
16/02/2023 6:00,8.490513968
16/02/2023 7:00,0
16/02/2023 8:00,0
16/02/2023 9:00,0
16/02/2023 10:00,0
16/02/2023 11:00,0
16/02/2023 12:00,0
16/02/2023 13:00,0
16/02/2023 14:00,0
16/02/2023 15:00,0
16/02/2023 16:00,7.383304514
16/02/2023 17:00,10.72730435
16/02/2023 18:00,10.49102837
16/02/2023 19:00,10.43850889
16/02/2023 20:00,10.31560024
16/02/2023 21:00,10.24465537
16/02/2023 22:00,10.29738314
16/02/2023 23:00,10.32115218
17/02/2023 0:00,10.16014928
17/02/2023 1:00,10.24544727
17/02/2023 2:00,10.23238389
17/02/2023 3:00,10.19069005
17/02/2023 4:00,10.3059436
17/02/2023 5:00,10.21347444
17/02/2023 6:00,5.780091847
17/02/2023 7:00,0
17/02/2023 8:00,0
17/02/2023 9:00,0
17/02/2023 10:00,0
17/02/2023 11:00,0
17/02/2023 12:00,0
17/02/2023 13:00,0
17/02/2023 14:00,0
17/02/2023 15:00,0
17/02/2023 16:00,8.3757045
17/02/2023 17:00,10.70459555
17/02/2023 18:00,10.48651434
17/02/2023 19:00,10.30807543
17/02/2023 20:00,10.35529126
17/02/2023 21:00,10.19549575
17/02/2023 22:00,10.21779301
17/02/2023 23:00,10.32603309
18/02/2023 0:00,10.26335285
18/02/2023 1:00,10.11045207
18/02/2023 2:00,10.17950871
18/02/2023 3:00,10.15369105
18/02/2023 4:00,10.2707778
18/02/2023 5:00,10.17093461
18/02/2023 6:00,7.793359252
18/02/2023 7:00,0
18/02/2023 8:00,0
18/02/2023 9:00,0
18/02/2023 10:00,0
18/02/2023 11:00,0
18/02/2023 12:00,0
18/02/2023 13:00,0
18/02/2023 14:00,0
18/02/2023 15:00,0
18/02/2023 16:00,9.063335815
18/02/2023 17:00,10.73894032
18/02/2023 18:00,10.55293648
18/02/2023 19:00,10.45376283
18/02/2023 20:00,10.3950545
18/02/2023 21:00,10.31142956
18/02/2023 22:00,10.24671049
18/02/2023 23:00,10.31656556
19/02/2023 0:00,10.28191472
19/02/2023 1:00,10.16894652
19/02/2023 2:00,10.18897546
19/02/2023 3:00,10.21549243
19/02/2023 4:00,10.21047333
19/02/2023 5:00,10.21271636
19/02/2023 6:00,5.324727207
19/02/2023 7:00,0
19/02/2023 8:00,0
19/02/2023 9:00,0
19/02/2023 10:00,0
19/02/2023 11:00,0
19/02/2023 12:00,0
19/02/2023 13:00,0
19/02/2023 14:00,0
19/02/2023 15:00,0
19/02/2023 16:00,6.031664939
19/02/2023 17:00,10.79640284
19/02/2023 18:00,10.44155335
19/02/2023 19:00,10.38198201
19/02/2023 20:00,10.33426387
19/02/2023 21:00,10.44581779
19/02/2023 22:00,10.41411206
19/02/2023 23:00,10.35757419
20/02/2023 0:00,10.37311552
20/02/2023 1:00,10.14831388
20/02/2023 2:00,10.28551859
20/02/2023 3:00,10.19765041
20/02/2023 4:00,10.26440733
20/02/2023 5:00,10.22771208
20/02/2023 6:00,4.092484446
20/02/2023 7:00,0
20/02/2023 8:00,0
20/02/2023 9:00,0
20/02/2023 10:00,0
20/02/2023 11:00,0
20/02/2023 12:00,0
20/02/2023 13:00,0
20/02/2023 14:00,0
20/02/2023 15:00,0
20/02/2023 16:00,4.837715835
20/02/2023 17:00,10.81309598
20/02/2023 18:00,10.4867273
20/02/2023 19:00,10.43509238
20/02/2023 20:00,10.3323163
20/02/2023 21:00,10.41189841
20/02/2023 22:00,10.34081948
20/02/2023 23:00,10.45683186
21/02/2023 0:00,10.36136411
21/02/2023 1:00,10.1089106
21/02/2023 2:00,10.06923001
21/02/2023 3:00,10.07991392
21/02/2023 4:00,10.34454996
21/02/2023 5:00,10.23023002
21/02/2023 6:00,2.908239271
21/02/2023 7:00,0
21/02/2023 8:00,0
21/02/2023 9:00,0
21/02/2023 10:00,0
21/02/2023 11:00,0
21/02/2023 12:00,0
21/02/2023 13:00,0
21/02/2023 14:00,0
21/02/2023 15:00,0
21/02/2023 16:00,5.634391844
21/02/2023 17:00,10.81340529
21/02/2023 18:00,10.57632064
21/02/2023 19:00,10.49758673
21/02/2023 20:00,10.30208634
21/02/2023 21:00,10.15413316
21/02/2023 22:00,10.04147989
21/02/2023 23:00,10.09544071
22/02/2023 0:00,10.04896405
22/02/2023 1:00,10.03506015
22/02/2023 2:00,10.04336555
22/02/2023 3:00,10.06664718
22/02/2023 4:00,10.36892048
22/02/2023 5:00,10.29453073
22/02/2023 6:00,1.584041833
22/02/2023 7:00,0
22/02/2023 8:00,0
22/02/2023 9:00,0
22/02/2023 10:00,0
22/02/2023 11:00,0
22/02/2023 12:00,0
22/02/2023 13:00,0
22/02/2023 14:00,0
22/02/2023 15:00,0
22/02/2023 16:00,5.064394679
22/02/2023 17:00,10.89734546
22/02/2023 18:00,10.66310555
22/02/2023 19:00,10.52873687
22/02/2023 20:00,10.47848266
22/02/2023 21:00,10.38632877
22/02/2023 22:00,10.20863636
22/02/2023 23:00,10.18166752
23/02/2023 0:00,10.12829107
23/02/2023 1:00,10.10817588
23/02/2023 2:00,10.0379156
23/02/2023 3:00,10.14221279
23/02/2023 4:00,10.39439043
23/02/2023 5:00,10.23048163
23/02/2023 6:00,4.385592432
23/02/2023 7:00,0
23/02/2023 8:00,0
23/02/2023 9:00,0
23/02/2023 10:00,0
23/02/2023 11:00,0
23/02/2023 12:00,0
23/02/2023 13:00,0
23/02/2023 14:00,0
23/02/2023 15:00,0
23/02/2023 16:00,5.02950922
23/02/2023 17:00,10.63304848
23/02/2023 18:00,10.52155261
23/02/2023 19:00,10.41350375
23/02/2023 20:00,10.38531947
23/02/2023 21:00,10.36714295
23/02/2023 22:00,10.39908696
23/02/2023 23:00,10.43841666
24/02/2023 0:00,10.20584372
24/02/2023 1:00,10.09302365
24/02/2023 2:00,10.05355443
24/02/2023 3:00,10.1920804
24/02/2023 4:00,10.19279842
24/02/2023 5:00,10.18946801
24/02/2023 6:00,3.511773431
24/02/2023 7:00,0
24/02/2023 8:00,0
24/02/2023 9:00,0
24/02/2023 10:00,0
24/02/2023 11:00,0
24/02/2023 12:00,0
24/02/2023 13:00,0
24/02/2023 14:00,0.117713037
24/02/2023 15:00,1.830174864
24/02/2023 16:00,8.244287904
24/02/2023 17:00,10.66034397
24/02/2023 18:00,10.57005349
24/02/2023 19:00,10.3507562
24/02/2023 20:00,10.39529611
24/02/2023 21:00,10.24113025
24/02/2023 22:00,10.18788316
24/02/2023 23:00,10.44164121
25/02/2023 0:00,10.2214851
25/02/2023 1:00,10.14686163
25/02/2023 2:00,10.13029491
25/02/2023 3:00,10.14150727
25/02/2023 4:00,10.21420946
25/02/2023 5:00,10.17709887
25/02/2023 6:00,2.391950236
25/02/2023 7:00,0
25/02/2023 8:00,0
25/02/2023 9:00,0
25/02/2023 10:00,0
25/02/2023 11:00,0
25/02/2023 12:00,0
25/02/2023 13:00,0
25/02/2023 14:00,0
25/02/2023 15:00,1.075100182
25/02/2023 16:00,11.06503628
25/02/2023 17:00,10.70830446
25/02/2023 18:00,10.40818449
25/02/2023 19:00,10.5941757
25/02/2023 20:00,10.34778791
25/02/2023 21:00,10.35127328
25/02/2023 22:00,10.28763076
25/02/2023 23:00,10.23573633
26/02/2023 0:00,10.24934884
26/02/2023 1:00,10.16339788
26/02/2023 2:00,10.18152888
26/02/2023 3:00,10.15721457
26/02/2023 4:00,10.49431106
26/02/2023 5:00,10.50042768
26/02/2023 6:00,9.496063331
26/02/2023 7:00,0
26/02/2023 8:00,0
26/02/2023 9:00,0
26/02/2023 10:00,0
26/02/2023 11:00,0
26/02/2023 12:00,0
26/02/2023 13:00,0
26/02/2023 14:00,0
26/02/2023 15:00,0
26/02/2023 16:00,3.975352433
26/02/2023 17:00,10.68067686
26/02/2023 18:00,10.5604302
26/02/2023 19:00,10.44428085
26/02/2023 20:00,10.34415419
26/02/2023 21:00,10.22542286
26/02/2023 22:00,10.15289206
26/02/2023 23:00,10.36079432
27/02/2023 0:00,10.25438205
27/02/2023 1:00,10.32038159
27/02/2023 2:00,10.24333631
27/02/2023 3:00,10.27080639
27/02/2023 4:00,10.20215275
27/02/2023 5:00,10.16050842
27/02/2023 6:00,1.489602527
27/02/2023 7:00,0
27/02/2023 8:00,0
27/02/2023 9:00,0
27/02/2023 10:00,0
27/02/2023 11:00,0
27/02/2023 12:00,0
27/02/2023 13:00,0
27/02/2023 14:00,0
27/02/2023 15:00,0
27/02/2023 16:00,6.831646524
27/02/2023 17:00,10.5149977
27/02/2023 18:00,10.46092239
27/02/2023 19:00,10.61211159
27/02/2023 20:00,10.50514013
27/02/2023 21:00,10.57294632
27/02/2023 22:00,10.32173807
27/02/2023 23:00,10.20196677
28/02/2023 0:00,10.12487542
28/02/2023 1:00,10.08445572
28/02/2023 2:00,10.05731728
28/02/2023 3:00,10.05820159
28/02/2023 4:00,10.20287175
28/02/2023 5:00,10.22147067
28/02/2023 6:00,0.102211672
28/02/2023 7:00,0
28/02/2023 8:00,0
28/02/2023 9:00,0
28/02/2023 10:00,0
28/02/2023 11:00,0
28/02/2023 12:00,0
28/02/2023 13:00,0
28/02/2023 14:00,0
28/02/2023 15:00,0
28/02/2023 16:00,7.010394218
28/02/2023 17:00,10.72340734
28/02/2023 18:00,10.53127431
28/02/2023 19:00,10.41388995
28/02/2023 20:00,10.22707784
28/02/2023 21:00,10.06105798
28/02/2023 22:00,10.00650466
28/02/2023 23:00,10.00359825
01/03/2023 0:00,10.02054098
01/03/2023 1:00,10.29634783
01/03/2023 2:00,10.14313026
01/03/2023 3:00,10.08880222
01/03/2023 4:00,10.27054091
01/03/2023 5:00,9.938072337
01/03/2023 6:00,0
01/03/2023 7:00,0
01/03/2023 8:00,0
01/03/2023 9:00,0
01/03/2023 10:00,0
01/03/2023 11:00,0
01/03/2023 12:00,0
01/03/2023 13:00,0
01/03/2023 14:00,0
01/03/2023 15:00,0
01/03/2023 16:00,1.958726349
01/03/2023 17:00,10.886387
01/03/2023 18:00,10.65485626
01/03/2023 19:00,10.60381931
01/03/2023 20:00,10.29555969
01/03/2023 21:00,10.1860784
01/03/2023 22:00,10.10591383
01/03/2023 23:00,10.13435854
02/03/2023 0:00,10.18122358
02/03/2023 1:00,10.13606237
02/03/2023 2:00,10.11531845
02/03/2023 3:00,10.17103391
02/03/2023 4:00,10.32515032
02/03/2023 5:00,9.803010237
02/03/2023 6:00,0
02/03/2023 7:00,0
02/03/2023 8:00,0
02/03/2023 9:00,0
02/03/2023 10:00,0
02/03/2023 11:00,0
02/03/2023 12:00,0
02/03/2023 13:00,0
02/03/2023 14:00,0
02/03/2023 15:00,0
02/03/2023 16:00,2.948386751
02/03/2023 17:00,10.87356247
02/03/2023 18:00,10.62409172
02/03/2023 19:00,10.65228374
02/03/2023 20:00,10.49190932
02/03/2023 21:00,10.36670051
02/03/2023 22:00,10.37721205
02/03/2023 23:00,10.35423704
03/03/2023 0:00,10.27118157
03/03/2023 1:00,10.25059544
03/03/2023 2:00,10.18829037
03/03/2023 3:00,10.15632765
03/03/2023 4:00,10.27771819
03/03/2023 5:00,10.22391856
03/03/2023 6:00,0.170822194
03/03/2023 7:00,0
03/03/2023 8:00,0
03/03/2023 9:00,0
03/03/2023 10:00,0
03/03/2023 11:00,0
03/03/2023 12:00,0
03/03/2023 13:00,0
03/03/2023 14:00,0
03/03/2023 15:00,0
03/03/2023 16:00,2.568203614
03/03/2023 17:00,10.92363342
03/03/2023 18:00,10.54166202
03/03/2023 19:00,10.43616405
03/03/2023 20:00,10.29610775
03/03/2023 21:00,10.28588533
03/03/2023 22:00,10.31904933
03/03/2023 23:00,10.28989286
04/03/2023 0:00,10.21835746
04/03/2023 1:00,10.49782042
04/03/2023 2:00,10.27525221
04/03/2023 3:00,10.24016239
04/03/2023 4:00,10.40810261
04/03/2023 5:00,9.458562474
04/03/2023 6:00,0
04/03/2023 7:00,0
04/03/2023 8:00,0
04/03/2023 9:00,0
04/03/2023 10:00,0
04/03/2023 11:00,0
04/03/2023 12:00,0
04/03/2023 13:00,0
04/03/2023 14:00,0
04/03/2023 15:00,0
04/03/2023 16:00,2.23932914
04/03/2023 17:00,10.85312926
04/03/2023 18:00,10.51949168
04/03/2023 19:00,10.44120199
04/03/2023 20:00,10.37632739
04/03/2023 21:00,10.31209915
04/03/2023 22:00,10.34975879
04/03/2023 23:00,10.27262222
05/03/2023 0:00,10.20222352
05/03/2023 1:00,10.27947143
05/03/2023 2:00,10.17900154
05/03/2023 3:00,10.21063874
05/03/2023 4:00,10.17096641
05/03/2023 5:00,10.11647293
05/03/2023 6:00,1.971645037
05/03/2023 7:00,0
05/03/2023 8:00,0
05/03/2023 9:00,0
05/03/2023 10:00,0
05/03/2023 11:00,0
05/03/2023 12:00,0
05/03/2023 13:00,0
05/03/2023 14:00,0
05/03/2023 15:00,0
05/03/2023 16:00,9.019564905
05/03/2023 17:00,10.58345422
05/03/2023 18:00,10.48077753
05/03/2023 19:00,10.41708477
05/03/2023 20:00,10.3155386
05/03/2023 21:00,10.19155547
05/03/2023 22:00,10.12446883
05/03/2023 23:00,10.11481649
06/03/2023 0:00,10.0814159
06/03/2023 1:00,9.946782006
06/03/2023 2:00,10.1703311
06/03/2023 3:00,10.33071913
06/03/2023 4:00,10.31186236
06/03/2023 5:00,10.1538002
06/03/2023 6:00,0
06/03/2023 7:00,0
06/03/2023 8:00,0
06/03/2023 9:00,0
06/03/2023 10:00,0
06/03/2023 11:00,0
06/03/2023 12:00,0
06/03/2023 13:00,0
06/03/2023 14:00,0
06/03/2023 15:00,0
06/03/2023 16:00,3.266632731
06/03/2023 17:00,10.75770569
06/03/2023 18:00,10.55149897
06/03/2023 19:00,10.49884236
06/03/2023 20:00,10.29973188
06/03/2023 21:00,10.29662707
06/03/2023 22:00,10.205638
06/03/2023 23:00,10.23373828
07/03/2023 0:00,10.19896798
07/03/2023 1:00,10.14297141
07/03/2023 2:00,10.12888504
07/03/2023 3:00,10.14303019
07/03/2023 4:00,10.27169373
07/03/2023 5:00,9.514836791
07/03/2023 6:00,0
07/03/2023 7:00,0
07/03/2023 8:00,0
07/03/2023 9:00,0
07/03/2023 10:00,0
07/03/2023 11:00,0
07/03/2023 12:00,0
07/03/2023 13:00,0
07/03/2023 14:00,0
07/03/2023 15:00,0
07/03/2023 16:00,0.120304236
07/03/2023 17:00,11.13195995
07/03/2023 18:00,10.71394416
07/03/2023 19:00,10.41134011
07/03/2023 20:00,10.35864785
07/03/2023 21:00,10.2804726
07/03/2023 22:00,10.28308061
07/03/2023 23:00,10.30237076
08/03/2023 0:00,10.22047002
08/03/2023 1:00,10.13997843
08/03/2023 2:00,10.1737174
08/03/2023 3:00,10.19073912
08/03/2023 4:00,10.43027258
08/03/2023 5:00,7.314140956
08/03/2023 6:00,0
08/03/2023 7:00,0
08/03/2023 8:00,0
08/03/2023 9:00,0
08/03/2023 10:00,0
08/03/2023 11:00,0
08/03/2023 12:00,0
08/03/2023 13:00,0
08/03/2023 14:00,0
08/03/2023 15:00,0
08/03/2023 16:00,3.157588529
08/03/2023 17:00,10.65424483
08/03/2023 18:00,10.52210374
08/03/2023 19:00,10.3740424
08/03/2023 20:00,10.3399905
08/03/2023 21:00,10.22248902
08/03/2023 22:00,10.23215747
08/03/2023 23:00,10.25195397
09/03/2023 0:00,10.16776666
09/03/2023 1:00,10.1115749
09/03/2023 2:00,10.10051173
09/03/2023 3:00,10.1913105
09/03/2023 4:00,10.27692108
09/03/2023 5:00,8.547043066
09/03/2023 6:00,0
09/03/2023 7:00,0
09/03/2023 8:00,0
09/03/2023 9:00,0
09/03/2023 10:00,0
09/03/2023 11:00,0
09/03/2023 12:00,0
09/03/2023 13:00,0
09/03/2023 14:00,0
09/03/2023 15:00,0
09/03/2023 16:00,1.152607361
09/03/2023 17:00,10.91635537
09/03/2023 18:00,10.62604708
09/03/2023 19:00,10.31601003
09/03/2023 20:00,10.28363173
09/03/2023 21:00,10.15987186
09/03/2023 22:00,10.21488348
09/03/2023 23:00,10.22396257
10/03/2023 0:00,10.16833045
10/03/2023 1:00,10.05432483
10/03/2023 2:00,10.05837338
10/03/2023 3:00,10.14591051
10/03/2023 4:00,10.29897185
10/03/2023 5:00,6.940751928
10/03/2023 6:00,0
10/03/2023 7:00,0
10/03/2023 8:00,0
10/03/2023 9:00,0
10/03/2023 10:00,0
10/03/2023 11:00,0
10/03/2023 12:00,0
10/03/2023 13:00,0
10/03/2023 14:00,0
10/03/2023 15:00,0
10/03/2023 16:00,2.536043932
10/03/2023 17:00,10.87655808
10/03/2023 18:00,10.57986079
10/03/2023 19:00,10.50300874
10/03/2023 20:00,10.43956353
10/03/2023 21:00,10.33926702
10/03/2023 22:00,10.3445078
10/03/2023 23:00,10.38380141
11/03/2023 0:00,10.24121603
11/03/2023 1:00,10.20536802
11/03/2023 2:00,10.18163754
11/03/2023 3:00,10.21167658
11/03/2023 4:00,10.16603657
11/03/2023 5:00,6.698127982
11/03/2023 6:00,0
11/03/2023 7:00,0
11/03/2023 8:00,0
11/03/2023 9:00,0
11/03/2023 10:00,0
11/03/2023 11:00,0
11/03/2023 12:00,0
11/03/2023 13:00,0
11/03/2023 14:00,0
11/03/2023 15:00,0
11/03/2023 16:00,1.630105756
11/03/2023 17:00,10.99431126
11/03/2023 18:00,10.55249484
11/03/2023 19:00,10.55158797
11/03/2023 20:00,10.43161601
11/03/2023 21:00,10.32097178
11/03/2023 22:00,10.34889716
11/03/2023 23:00,10.26001804
12/03/2023 0:00,10.27910841
12/03/2023 1:00,10.24357795
12/03/2023 2:00,10.21024688
12/03/2023 3:00,10.16989219
12/03/2023 4:00,10.17938356
12/03/2023 5:00,6.890111149
12/03/2023 6:00,0
12/03/2023 7:00,0
12/03/2023 8:00,0
12/03/2023 9:00,0
12/03/2023 10:00,0
12/03/2023 11:00,0
12/03/2023 12:00,0
12/03/2023 13:00,0
12/03/2023 14:00,0
12/03/2023 15:00,0
12/03/2023 16:00,2.523243057
12/03/2023 17:00,10.95434175
12/03/2023 18:00,10.4937072
12/03/2023 19:00,10.32628708
12/03/2023 20:00,10.26222228
12/03/2023 21:00,10.2144659
12/03/2023 22:00,10.19704446
12/03/2023 23:00,10.1212013
13/03/2023 0:00,10.13043037
13/03/2023 1:00,10.21057822
13/03/2023 2:00,10.18392131
13/03/2023 3:00,10.2221129
13/03/2023 4:00,10.34325127
13/03/2023 5:00,7.672881157
13/03/2023 6:00,0
13/03/2023 7:00,0
13/03/2023 8:00,0
13/03/2023 9:00,0
13/03/2023 10:00,0
13/03/2023 11:00,0
13/03/2023 12:00,0
13/03/2023 13:00,0
13/03/2023 14:00,0
13/03/2023 15:00,0
13/03/2023 16:00,0.016093385
13/03/2023 17:00,11.00544447
13/03/2023 18:00,10.68857938
13/03/2023 19:00,10.46515142
13/03/2023 20:00,10.42485312
13/03/2023 21:00,10.53074001
13/03/2023 22:00,10.41252456
13/03/2023 23:00,10.39880345
14/03/2023 0:00,10.26033776
14/03/2023 1:00,10.21711687
14/03/2023 2:00,10.19193389
14/03/2023 3:00,10.14876006
14/03/2023 4:00,10.17088532
14/03/2023 5:00,10.16676006
14/03/2023 6:00,3.882284136
14/03/2023 7:00,0
14/03/2023 8:00,0
14/03/2023 9:00,0
14/03/2023 10:00,0
14/03/2023 11:00,0
14/03/2023 12:00,0
14/03/2023 13:00,0
14/03/2023 14:00,0
14/03/2023 15:00,0
14/03/2023 16:00,1.330472345
14/03/2023 17:00,11.21514673
14/03/2023 18:00,10.53533926
14/03/2023 19:00,10.52207265
14/03/2023 20:00,10.38342204
14/03/2023 21:00,10.29594398
14/03/2023 22:00,10.18746612
14/03/2023 23:00,10.19588724
15/03/2023 0:00,10.23866712
15/03/2023 1:00,10.1719801
15/03/2023 2:00,10.1215597
15/03/2023 3:00,10.12798702
15/03/2023 4:00,10.32524674
15/03/2023 5:00,10.36221073
15/03/2023 6:00,1.893821417
15/03/2023 7:00,0
15/03/2023 8:00,0
15/03/2023 9:00,0
15/03/2023 10:00,0
15/03/2023 11:00,0
15/03/2023 12:00,0
15/03/2023 13:00,0
15/03/2023 14:00,0
15/03/2023 15:00,0
15/03/2023 16:00,2.154248966
15/03/2023 17:00,10.82527047
15/03/2023 18:00,10.56718901
15/03/2023 19:00,10.49462892
15/03/2023 20:00,10.50227417
15/03/2023 21:00,10.29316526
15/03/2023 22:00,10.30122376
15/03/2023 23:00,10.22784705
16/03/2023 0:00,10.22458684
16/03/2023 1:00,10.0981573
16/03/2023 2:00,10.16571002
16/03/2023 3:00,10.2445464
16/03/2023 4:00,10.15523412
16/03/2023 5:00,4.414899135
16/03/2023 6:00,0
16/03/2023 7:00,0
16/03/2023 8:00,0
16/03/2023 9:00,0
16/03/2023 10:00,0
16/03/2023 11:00,0
16/03/2023 12:00,0
16/03/2023 13:00,0
16/03/2023 14:00,0
16/03/2023 15:00,0
16/03/2023 16:00,0
16/03/2023 17:00,10.41483307
16/03/2023 18:00,10.70168453
16/03/2023 19:00,10.53977006
16/03/2023 20:00,10.33275248
16/03/2023 21:00,10.36312375
16/03/2023 22:00,10.2199795
16/03/2023 23:00,10.14428202
17/03/2023 0:00,10.14873853
17/03/2023 1:00,10.02604008
17/03/2023 2:00,10.06617983
17/03/2023 3:00,10.1733193
17/03/2023 4:00,10.19223201
17/03/2023 5:00,4.460600669
17/03/2023 6:00,0
17/03/2023 7:00,0
17/03/2023 8:00,0
17/03/2023 9:00,0
17/03/2023 10:00,0
17/03/2023 11:00,0
17/03/2023 12:00,0
17/03/2023 13:00,0
17/03/2023 14:00,0
17/03/2023 15:00,0.234801852
17/03/2023 16:00,0
17/03/2023 17:00,10.45156679
17/03/2023 18:00,10.63648052
17/03/2023 19:00,10.53075949
17/03/2023 20:00,10.44167344
17/03/2023 21:00,10.37015669
17/03/2023 22:00,10.32153079
17/03/2023 23:00,10.25130451
18/03/2023 0:00,10.23148085
18/03/2023 1:00,10.30287535
18/03/2023 2:00,10.35089076
18/03/2023 3:00,10.24727663
18/03/2023 4:00,10.48646323
18/03/2023 5:00,4.720114325
18/03/2023 6:00,0
18/03/2023 7:00,0
18/03/2023 8:00,0
18/03/2023 9:00,0
18/03/2023 10:00,0
18/03/2023 11:00,0
18/03/2023 12:00,0
18/03/2023 13:00,0
18/03/2023 14:00,0
18/03/2023 15:00,0
18/03/2023 16:00,0
18/03/2023 17:00,9.258832798
18/03/2023 18:00,10.75485362
18/03/2023 19:00,10.77052761
18/03/2023 20:00,10.46226994
18/03/2023 21:00,10.44290662
18/03/2023 22:00,10.42858392
18/03/2023 23:00,10.38864161
19/03/2023 0:00,10.35113047
19/03/2023 1:00,10.27559366
19/03/2023 2:00,10.17123419
19/03/2023 3:00,10.19642716
19/03/2023 4:00,10.33427796
19/03/2023 5:00,4.479565483
19/03/2023 6:00,0
19/03/2023 7:00,0
19/03/2023 8:00,0
19/03/2023 9:00,0
19/03/2023 10:00,0
19/03/2023 11:00,0
19/03/2023 12:00,0
19/03/2023 13:00,0
19/03/2023 14:00,0
19/03/2023 15:00,0
19/03/2023 16:00,0
19/03/2023 17:00,9.160159549
19/03/2023 18:00,10.7756839
19/03/2023 19:00,10.52240966
19/03/2023 20:00,10.49002818
19/03/2023 21:00,10.27730858
19/03/2023 22:00,10.22968724
19/03/2023 23:00,10.27352552
20/03/2023 0:00,10.22137716
20/03/2023 1:00,10.28203419
20/03/2023 2:00,10.47286008
20/03/2023 3:00,10.42519385
20/03/2023 4:00,10.37966836
20/03/2023 5:00,6.261152558
20/03/2023 6:00,0
20/03/2023 7:00,0
20/03/2023 8:00,0
20/03/2023 9:00,0
20/03/2023 10:00,0
20/03/2023 11:00,0
20/03/2023 12:00,0
20/03/2023 13:00,0
20/03/2023 14:00,0
20/03/2023 15:00,0
20/03/2023 16:00,0
20/03/2023 17:00,10.05897886
20/03/2023 18:00,10.8407719
20/03/2023 19:00,10.44572055
20/03/2023 20:00,10.39408854
20/03/2023 21:00,10.45197595
20/03/2023 22:00,10.45845105
20/03/2023 23:00,10.34484446
21/03/2023 0:00,10.37846899
21/03/2023 1:00,10.36771365
21/03/2023 2:00,10.36840753
21/03/2023 3:00,10.35275536
21/03/2023 4:00,10.2250212
21/03/2023 5:00,2.907603099
21/03/2023 6:00,0
21/03/2023 7:00,0
21/03/2023 8:00,0
21/03/2023 9:00,0
21/03/2023 10:00,0
21/03/2023 11:00,0
21/03/2023 12:00,0
21/03/2023 13:00,0
21/03/2023 14:00,0
21/03/2023 15:00,0
21/03/2023 16:00,0
21/03/2023 17:00,8.671171814
21/03/2023 18:00,10.67303737
21/03/2023 19:00,10.58804057
21/03/2023 20:00,10.46834107
21/03/2023 21:00,10.46420791
21/03/2023 22:00,10.31591779
21/03/2023 23:00,10.25232335
22/03/2023 0:00,10.22511501
22/03/2023 1:00,10.22713168
22/03/2023 2:00,10.18701634
22/03/2023 3:00,10.23685731
22/03/2023 4:00,10.41839547
22/03/2023 5:00,3.842950782
22/03/2023 6:00,0
22/03/2023 7:00,0
22/03/2023 8:00,0
22/03/2023 9:00,0
22/03/2023 10:00,0
22/03/2023 11:00,0
22/03/2023 12:00,0
22/03/2023 13:00,0
22/03/2023 14:00,0
22/03/2023 15:00,0
22/03/2023 16:00,0
22/03/2023 17:00,8.812930877
22/03/2023 18:00,10.72153879
22/03/2023 19:00,10.57774436
22/03/2023 20:00,10.4211864
22/03/2023 21:00,10.592544
22/03/2023 22:00,10.53799263
22/03/2023 23:00,10.47655598
23/03/2023 0:00,10.40979195
23/03/2023 1:00,10.7404011
23/03/2023 2:00,10.33535787
23/03/2023 3:00,10.34994162
23/03/2023 4:00,10.37148178
23/03/2023 5:00,3.828611156
23/03/2023 6:00,0
23/03/2023 7:00,0
23/03/2023 8:00,0
23/03/2023 9:00,0
23/03/2023 10:00,0
23/03/2023 11:00,0
23/03/2023 12:00,0
23/03/2023 13:00,0
23/03/2023 14:00,0
23/03/2023 15:00,0
23/03/2023 16:00,0.061198435
23/03/2023 17:00,11.09055063
23/03/2023 18:00,10.76551129
23/03/2023 19:00,10.59484991
23/03/2023 20:00,10.39841005
23/03/2023 21:00,10.48816122
23/03/2023 22:00,10.38465129
23/03/2023 23:00,10.56365242
24/03/2023 0:00,10.36122087
24/03/2023 1:00,10.30620019
24/03/2023 2:00,10.26357107
24/03/2023 3:00,10.41464835
24/03/2023 4:00,10.39229103
24/03/2023 5:00,2.780106867
24/03/2023 6:00,0
24/03/2023 7:00,0
24/03/2023 8:00,0
24/03/2023 9:00,0
24/03/2023 10:00,0
24/03/2023 11:00,0
24/03/2023 12:00,0
24/03/2023 13:00,0
24/03/2023 14:00,0
24/03/2023 15:00,0
24/03/2023 16:00,1.690035514
24/03/2023 17:00,10.40619829
24/03/2023 18:00,10.73130099
24/03/2023 19:00,10.5496438
24/03/2023 20:00,10.32984731
24/03/2023 21:00,10.26312476
24/03/2023 22:00,10.29147928
24/03/2023 23:00,10.51279183
25/03/2023 0:00,10.39672545
25/03/2023 1:00,10.41568341
25/03/2023 2:00,10.3868612
25/03/2023 3:00,10.32131598
25/03/2023 4:00,10.23075704
25/03/2023 5:00,3.246633569
25/03/2023 6:00,0
25/03/2023 7:00,0
25/03/2023 8:00,0
25/03/2023 9:00,0
25/03/2023 10:00,0
25/03/2023 11:00,0
25/03/2023 12:00,0
25/03/2023 13:00,0
25/03/2023 14:00,0
25/03/2023 15:00,2.146603565
25/03/2023 16:00,7.997166293
25/03/2023 17:00,10.17062038
25/03/2023 18:00,10.78075133
25/03/2023 19:00,10.64245406
25/03/2023 20:00,10.52792728
25/03/2023 21:00,10.51963482
25/03/2023 22:00,10.4971573
25/03/2023 23:00,10.34997929
26/03/2023 0:00,10.27931231
26/03/2023 1:00,10.22941624
26/03/2023 2:00,10.19584386
26/03/2023 3:00,10.22186498
26/03/2023 4:00,10.26839291
26/03/2023 5:00,0.848030295
26/03/2023 6:00,0
26/03/2023 7:00,0
26/03/2023 8:00,0
26/03/2023 9:00,0
26/03/2023 10:00,0
26/03/2023 11:00,0
26/03/2023 12:00,0
26/03/2023 13:00,0
26/03/2023 14:00,0
26/03/2023 15:00,0
26/03/2023 16:00,0
26/03/2023 17:00,9.665064179
26/03/2023 18:00,10.71419724
26/03/2023 19:00,10.58291167
26/03/2023 20:00,10.51627501
26/03/2023 21:00,10.49748066
26/03/2023 22:00,10.46194213
26/03/2023 23:00,10.35613226
27/03/2023 0:00,10.35260167
27/03/2023 1:00,10.33441118
27/03/2023 2:00,10.25580913
27/03/2023 3:00,10.341868
27/03/2023 4:00,10.58695805
27/03/2023 5:00,4.858010239
27/03/2023 6:00,0
27/03/2023 7:00,0
27/03/2023 8:00,0
27/03/2023 9:00,0
27/03/2023 10:00,0
27/03/2023 11:00,0
27/03/2023 12:00,0
27/03/2023 13:00,0
27/03/2023 14:00,0
27/03/2023 15:00,0
27/03/2023 16:00,0
27/03/2023 17:00,6.815965256
27/03/2023 18:00,10.74664033
27/03/2023 19:00,10.63354088
27/03/2023 20:00,10.48671354
27/03/2023 21:00,10.3559151
27/03/2023 22:00,10.40088135
27/03/2023 23:00,10.36329864
28/03/2023 0:00,10.32992778
28/03/2023 1:00,10.28197231
28/03/2023 2:00,10.20757337
28/03/2023 3:00,10.22854684
28/03/2023 4:00,10.39879708
28/03/2023 5:00,1.394647139
28/03/2023 6:00,0
28/03/2023 7:00,0
28/03/2023 8:00,0
28/03/2023 9:00,0
28/03/2023 10:00,0
28/03/2023 11:00,0
28/03/2023 12:00,0
28/03/2023 13:00,0
28/03/2023 14:00,0
28/03/2023 15:00,0
28/03/2023 16:00,0
28/03/2023 17:00,6.389133914
28/03/2023 18:00,10.81598677
28/03/2023 19:00,10.68026755
28/03/2023 20:00,10.58637951
28/03/2023 21:00,10.56450834
28/03/2023 22:00,10.39539108
28/03/2023 23:00,10.34694019
29/03/2023 0:00,10.28749648
29/03/2023 1:00,10.27250855
29/03/2023 2:00,10.18695357
29/03/2023 3:00,10.21795571
29/03/2023 4:00,10.31202174
29/03/2023 5:00,10.32787302
29/03/2023 6:00,2.550084693
29/03/2023 7:00,0
29/03/2023 8:00,0
29/03/2023 9:00,0
29/03/2023 10:00,0
29/03/2023 11:00,0
29/03/2023 12:00,0
29/03/2023 13:00,0
29/03/2023 14:00,0
29/03/2023 15:00,0
29/03/2023 16:00,0
29/03/2023 17:00,9.786357583
29/03/2023 18:00,10.7967633
29/03/2023 19:00,10.59114972
29/03/2023 20:00,10.4914735
29/03/2023 21:00,10.50538554
29/03/2023 22:00,10.4469932
29/03/2023 23:00,10.3143738
30/03/2023 0:00,10.30572907
30/03/2023 1:00,10.26643929
30/03/2023 2:00,10.19474963
30/03/2023 3:00,10.39759015
30/03/2023 4:00,10.53920032
30/03/2023 5:00,5.821687135
30/03/2023 6:00,0
30/03/2023 7:00,0
30/03/2023 8:00,0
30/03/2023 9:00,0
30/03/2023 10:00,0
30/03/2023 11:00,0
30/03/2023 12:00,0
30/03/2023 13:00,0
30/03/2023 14:00,0
30/03/2023 15:00,0
30/03/2023 16:00,0.156166205
30/03/2023 17:00,5.039268329
30/03/2023 18:00,10.88303581
30/03/2023 19:00,10.62535625
30/03/2023 20:00,10.53310575
30/03/2023 21:00,10.3790707
30/03/2023 22:00,10.47092463
30/03/2023 23:00,10.34744746
31/03/2023 0:00,10.29463877
31/03/2023 1:00,10.19726804
31/03/2023 2:00,10.184541
31/03/2023 3:00,10.30815777
31/03/2023 4:00,10.30098516
31/03/2023 5:00,2.641847588
31/03/2023 6:00,0
31/03/2023 7:00,0
31/03/2023 8:00,0
31/03/2023 9:00,0
31/03/2023 10:00,0
31/03/2023 11:00,0
31/03/2023 12:00,1.595604814
31/03/2023 13:00,0
31/03/2023 14:00,0
31/03/2023 15:00,0
31/03/2023 16:00,4.325312994
31/03/2023 17:00,7.162357741
31/03/2023 18:00,10.82964175
31/03/2023 19:00,10.60052399
31/03/2023 20:00,10.43278422
31/03/2023 21:00,10.35193703
31/03/2023 22:00,10.40458
31/03/2023 23:00,10.33591538
01/04/2023 0:00,10.28819567
01/04/2023 1:00,10.2438621
01/04/2023 2:00,10.21573833
01/04/2023 3:00,10.17055963
01/04/2023 4:00,10.43148462
01/04/2023 5:00,1.747144778
01/04/2023 6:00,0
01/04/2023 7:00,0
01/04/2023 8:00,0
01/04/2023 9:00,0
01/04/2023 10:00,0
01/04/2023 11:00,0
01/04/2023 12:00,0
01/04/2023 13:00,0
01/04/2023 14:00,0
01/04/2023 15:00,0
01/04/2023 16:00,0
01/04/2023 17:00,8.54086773
01/04/2023 18:00,10.88872823
01/04/2023 19:00,10.79165651
01/04/2023 20:00,10.66610728
01/04/2023 21:00,10.60701153
01/04/2023 22:00,10.4680203
01/04/2023 23:00,10.62594363
02/04/2023 0:00,10.31610826
02/04/2023 1:00,10.45501579
02/04/2023 2:00,10.45935325
02/04/2023 3:00,10.44299158
02/04/2023 4:00,10.51487516
02/04/2023 5:00,4.503243463
02/04/2023 6:00,0
02/04/2023 7:00,0
02/04/2023 8:00,0
02/04/2023 9:00,0
02/04/2023 10:00,0
02/04/2023 11:00,0
02/04/2023 12:00,0
02/04/2023 13:00,0
02/04/2023 14:00,0
02/04/2023 15:00,0
02/04/2023 16:00,0
02/04/2023 17:00,8.657988192
02/04/2023 18:00,10.7384071
02/04/2023 19:00,10.55704163
02/04/2023 20:00,10.37337674
02/04/2023 21:00,10.56500562
02/04/2023 22:00,10.56166392
02/04/2023 23:00,10.62615982
03/04/2023 0:00,10.57585801
03/04/2023 1:00,10.49384331
03/04/2023 2:00,10.42089275
03/04/2023 3:00,10.34471849
03/04/2023 4:00,10.38638097
03/04/2023 5:00,2.402272619
03/04/2023 6:00,0
03/04/2023 7:00,0
03/04/2023 8:00,0
03/04/2023 9:00,0
03/04/2023 10:00,0
03/04/2023 11:00,0
03/04/2023 12:00,0
03/04/2023 13:00,0
03/04/2023 14:00,0
03/04/2023 15:00,0
03/04/2023 16:00,0
03/04/2023 17:00,7.826814598
03/04/2023 18:00,10.71774504
03/04/2023 19:00,10.52789628
03/04/2023 20:00,10.60273913
03/04/2023 21:00,10.48078964
03/04/2023 22:00,10.50259835
03/04/2023 23:00,10.41586085
04/04/2023 0:00,10.36450602
04/04/2023 1:00,10.31583319
04/04/2023 2:00,10.33585565
04/04/2023 3:00,10.32539974
04/04/2023 4:00,10.30618244
04/04/2023 5:00,0
04/04/2023 6:00,0
04/04/2023 7:00,0
04/04/2023 8:00,0
04/04/2023 9:00,0
04/04/2023 10:00,0
04/04/2023 11:00,0
04/04/2023 12:00,0
04/04/2023 13:00,0
04/04/2023 14:00,0
04/04/2023 15:00,0
04/04/2023 16:00,0
04/04/2023 17:00,5.40132545
04/04/2023 18:00,10.84679086
04/04/2023 19:00,10.56034384
04/04/2023 20:00,10.1205914
04/04/2023 21:00,10.37362271
04/04/2023 22:00,10.52285293
04/04/2023 23:00,10.52181656
05/04/2023 0:00,10.37923463
05/04/2023 1:00,10.42517764
05/04/2023 2:00,10.32278771
05/04/2023 3:00,10.3963606
05/04/2023 4:00,8.138991617
05/04/2023 5:00,0
05/04/2023 6:00,0
05/04/2023 7:00,0
05/04/2023 8:00,0
05/04/2023 9:00,0
05/04/2023 10:00,0
05/04/2023 11:00,0
05/04/2023 12:00,0
05/04/2023 13:00,0
05/04/2023 14:00,0
05/04/2023 15:00,0
05/04/2023 16:00,0
05/04/2023 17:00,3.783660406
05/04/2023 18:00,10.87173799
05/04/2023 19:00,10.63307532
05/04/2023 20:00,10.403507
05/04/2023 21:00,10.40640709
05/04/2023 22:00,10.50952346
05/04/2023 23:00,10.42161814
06/04/2023 0:00,10.36591359
06/04/2023 1:00,10.34884442
06/04/2023 2:00,10.31766768
06/04/2023 3:00,10.24671354
06/04/2023 4:00,8.127112045
06/04/2023 5:00,0
06/04/2023 6:00,0
06/04/2023 7:00,0
06/04/2023 8:00,0
06/04/2023 9:00,0
06/04/2023 10:00,0
06/04/2023 11:00,0
06/04/2023 12:00,0
06/04/2023 13:00,0
06/04/2023 14:00,0
06/04/2023 15:00,0
06/04/2023 16:00,0
06/04/2023 17:00,4.313987313
06/04/2023 18:00,10.95188093
06/04/2023 19:00,10.6910665
06/04/2023 20:00,10.71111289
06/04/2023 21:00,10.52613361
06/04/2023 22:00,10.43190083
06/04/2023 23:00,10.52762888
07/04/2023 0:00,10.47137987
07/04/2023 1:00,10.49952401
07/04/2023 2:00,10.47492102
07/04/2023 3:00,10.53592394
07/04/2023 4:00,9.319496545
07/04/2023 5:00,0
07/04/2023 6:00,0
07/04/2023 7:00,0
07/04/2023 8:00,0
07/04/2023 9:00,0
07/04/2023 10:00,0
07/04/2023 11:00,0
07/04/2023 12:00,0
07/04/2023 13:00,0
07/04/2023 14:00,0
07/04/2023 15:00,0
07/04/2023 16:00,0
07/04/2023 17:00,3.831333658
07/04/2023 18:00,11.0103868
07/04/2023 19:00,10.72547849
07/04/2023 20:00,10.52869825
07/04/2023 21:00,10.52264213
07/04/2023 22:00,10.55932199
07/04/2023 23:00,10.51272938
08/04/2023 0:00,10.37887884
08/04/2023 1:00,10.37534504
08/04/2023 2:00,10.41807766
08/04/2023 3:00,10.36146164
08/04/2023 4:00,10.28478006
08/04/2023 5:00,4.009926143
08/04/2023 6:00,0
08/04/2023 7:00,0
08/04/2023 8:00,0
08/04/2023 9:00,0
08/04/2023 10:00,0
08/04/2023 11:00,0
08/04/2023 12:00,0
08/04/2023 13:00,0
08/04/2023 14:00,0
08/04/2023 15:00,0
08/04/2023 16:00,0
08/04/2023 17:00,7.427534312
08/04/2023 18:00,10.73122372
08/04/2023 19:00,10.71524536
08/04/2023 20:00,10.60524849
08/04/2023 21:00,10.50414834
08/04/2023 22:00,10.49249417
08/04/2023 23:00,10.47424293
09/04/2023 0:00,10.44931832
09/04/2023 1:00,10.25544062
09/04/2023 2:00,10.1807995
09/04/2023 3:00,10.40135635
09/04/2023 4:00,10.39112577
09/04/2023 5:00,6.012491969
09/04/2023 6:00,0
09/04/2023 7:00,0
09/04/2023 8:00,0
09/04/2023 9:00,0
09/04/2023 10:00,0
09/04/2023 11:00,0
09/04/2023 12:00,0
09/04/2023 13:00,0
09/04/2023 14:00,0
09/04/2023 15:00,0
09/04/2023 16:00,0
09/04/2023 17:00,4.37569795
09/04/2023 18:00,10.88989699
09/04/2023 19:00,10.69816769
09/04/2023 20:00,10.56361565
09/04/2023 21:00,10.59650856
09/04/2023 22:00,10.52430326
09/04/2023 23:00,10.40434651
10/04/2023 0:00,10.41250656
10/04/2023 1:00,10.35240467
10/04/2023 2:00,10.26489953
10/04/2023 3:00,10.36059236
10/04/2023 4:00,7.110804528
10/04/2023 5:00,0
10/04/2023 6:00,0
10/04/2023 7:00,0
10/04/2023 8:00,0
10/04/2023 9:00,0
10/04/2023 10:00,0
10/04/2023 11:00,0
10/04/2023 12:00,0
10/04/2023 13:00,0
10/04/2023 14:00,0
10/04/2023 15:00,0
10/04/2023 16:00,0
10/04/2023 17:00,4.245210262
10/04/2023 18:00,10.87220719
10/04/2023 19:00,10.59603163
10/04/2023 20:00,10.74222795
10/04/2023 21:00,10.55275655
10/04/2023 22:00,10.47362838
10/04/2023 23:00,10.64334973
11/04/2023 0:00,10.56990153
11/04/2023 1:00,10.46929996
11/04/2023 2:00,10.39909876
11/04/2023 3:00,10.40395204
11/04/2023 4:00,10.49411414
11/04/2023 5:00,2.299270358
11/04/2023 6:00,0
11/04/2023 7:00,0
11/04/2023 8:00,0
11/04/2023 9:00,0
11/04/2023 10:00,0
11/04/2023 11:00,0
11/04/2023 12:00,0
11/04/2023 13:00,0
11/04/2023 14:00,0
11/04/2023 15:00,0
11/04/2023 16:00,0
11/04/2023 17:00,7.203106437
11/04/2023 18:00,10.95360159
11/04/2023 19:00,10.65824167
11/04/2023 20:00,10.60370622
11/04/2023 21:00,10.46449487
11/04/2023 22:00,10.43495942
11/04/2023 23:00,10.39596677
12/04/2023 0:00,10.37918931
12/04/2023 1:00,10.33545117
12/04/2023 2:00,10.18887599
12/04/2023 3:00,10.30539962
12/04/2023 4:00,3.963355892
12/04/2023 5:00,0
12/04/2023 6:00,0
12/04/2023 7:00,0
12/04/2023 8:00,0
12/04/2023 9:00,0
12/04/2023 10:00,0
12/04/2023 11:00,0
12/04/2023 12:00,0
12/04/2023 13:00,0
12/04/2023 14:00,0
12/04/2023 15:00,0
12/04/2023 16:00,0
12/04/2023 17:00,3.485500951
12/04/2023 18:00,10.87443105
12/04/2023 19:00,10.67488194
12/04/2023 20:00,10.51298568
12/04/2023 21:00,10.51367877
12/04/2023 22:00,10.42321212
12/04/2023 23:00,10.39101891
13/04/2023 0:00,10.32945114
13/04/2023 1:00,10.25232048
13/04/2023 2:00,10.18222835
13/04/2023 3:00,10.35449161
13/04/2023 4:00,8.72430555
13/04/2023 5:00,0.929145361
13/04/2023 6:00,0
13/04/2023 7:00,0
13/04/2023 8:00,0
13/04/2023 9:00,0
13/04/2023 10:00,0
13/04/2023 11:00,0
13/04/2023 12:00,0
13/04/2023 13:00,0
13/04/2023 14:00,0
13/04/2023 15:00,0
13/04/2023 16:00,0
13/04/2023 17:00,9.64032651
13/04/2023 18:00,10.91348242
13/04/2023 19:00,10.70638916
13/04/2023 20:00,10.56566015
13/04/2023 21:00,10.57459307
13/04/2023 22:00,10.59443665
13/04/2023 23:00,10.35859106
14/04/2023 0:00,10.32825588
14/04/2023 1:00,10.20933279
14/04/2023 2:00,10.34814136
14/04/2023 3:00,10.31945081
14/04/2023 4:00,10.45172643
14/04/2023 5:00,3.011432844
14/04/2023 6:00,0
14/04/2023 7:00,0
14/04/2023 8:00,0
14/04/2023 9:00,0
14/04/2023 10:00,0
14/04/2023 11:00,0
14/04/2023 12:00,0
14/04/2023 13:00,0
14/04/2023 14:00,0
14/04/2023 15:00,0
14/04/2023 16:00,0
14/04/2023 17:00,5.880746311
14/04/2023 18:00,10.85352256
14/04/2023 19:00,10.66190083
14/04/2023 20:00,10.61375544
14/04/2023 21:00,10.45061331
14/04/2023 22:00,10.56430464
14/04/2023 23:00,10.46240452
15/04/2023 0:00,10.30207023
15/04/2023 1:00,10.39611969
15/04/2023 2:00,10.40737514
15/04/2023 3:00,10.46084012
15/04/2023 4:00,10.47529694
15/04/2023 5:00,0.10952528
15/04/2023 6:00,0
15/04/2023 7:00,0
15/04/2023 8:00,0
15/04/2023 9:00,0
15/04/2023 10:00,0
15/04/2023 11:00,0
15/04/2023 12:00,0
15/04/2023 13:00,0
15/04/2023 14:00,0
15/04/2023 15:00,0
15/04/2023 16:00,0
15/04/2023 17:00,8.776434318
15/04/2023 18:00,10.80508818
15/04/2023 19:00,10.65967154
15/04/2023 20:00,10.51534238
15/04/2023 21:00,10.47600001
15/04/2023 22:00,10.39250924
15/04/2023 23:00,10.311592
16/04/2023 0:00,10.34900661
16/04/2023 1:00,10.2804308
16/04/2023 2:00,10.21940939
16/04/2023 3:00,10.26523997
16/04/2023 4:00,9.33641367
16/04/2023 5:00,6.219315738
16/04/2023 6:00,0
16/04/2023 7:00,0
16/04/2023 8:00,0
16/04/2023 9:00,0
16/04/2023 10:00,0
16/04/2023 11:00,0
16/04/2023 12:00,0
16/04/2023 13:00,0
16/04/2023 14:00,0
16/04/2023 15:00,0
16/04/2023 16:00,0
16/04/2023 17:00,2.216199896
16/04/2023 18:00,11.05514116
16/04/2023 19:00,10.82990142
16/04/2023 20:00,10.64419724
16/04/2023 21:00,10.52415834
16/04/2023 22:00,10.48592986
16/04/2023 23:00,10.35255957
17/04/2023 0:00,10.34158551
17/04/2023 1:00,10.28056479
17/04/2023 2:00,10.33036506
17/04/2023 3:00,10.57964543
17/04/2023 4:00,6.054667699
17/04/2023 5:00,0
17/04/2023 6:00,0
17/04/2023 7:00,0
17/04/2023 8:00,0
17/04/2023 9:00,0
17/04/2023 10:00,0
17/04/2023 11:00,0
17/04/2023 12:00,0
17/04/2023 13:00,0
17/04/2023 14:00,0
17/04/2023 15:00,0
17/04/2023 16:00,0
17/04/2023 17:00,2.443917159
17/04/2023 18:00,10.97461695
17/04/2023 19:00,10.72351984
17/04/2023 20:00,10.5780656
17/04/2023 21:00,10.57477586
17/04/2023 22:00,10.63239355
17/04/2023 23:00,10.60059372
18/04/2023 0:00,10.37373701
18/04/2023 1:00,10.52626614
18/04/2023 2:00,10.4528459
18/04/2023 3:00,10.35223392
18/04/2023 4:00,6.199740965
18/04/2023 5:00,0
18/04/2023 6:00,0
18/04/2023 7:00,0
18/04/2023 8:00,0
18/04/2023 9:00,0
18/04/2023 10:00,0
18/04/2023 11:00,0
18/04/2023 12:00,0
18/04/2023 13:00,0
18/04/2023 14:00,0
18/04/2023 15:00,0
18/04/2023 16:00,0
18/04/2023 17:00,7.494952265
18/04/2023 18:00,10.91314919
18/04/2023 19:00,10.62657588
18/04/2023 20:00,10.66770907
18/04/2023 21:00,10.62586148
18/04/2023 22:00,10.56037574
18/04/2023 23:00,10.37483816
19/04/2023 0:00,10.37112655
19/04/2023 1:00,10.30824246
19/04/2023 2:00,10.34333265
19/04/2023 3:00,10.53635267
19/04/2023 4:00,7.011352643
19/04/2023 5:00,0
19/04/2023 6:00,0
19/04/2023 7:00,0
19/04/2023 8:00,0
19/04/2023 9:00,0
19/04/2023 10:00,0
19/04/2023 11:00,0
19/04/2023 12:00,0
19/04/2023 13:00,0
19/04/2023 14:00,0
19/04/2023 15:00,0
19/04/2023 16:00,0
19/04/2023 17:00,6.794805661
19/04/2023 18:00,10.7395699
19/04/2023 19:00,10.63969658
19/04/2023 20:00,10.72520565
19/04/2023 21:00,10.60574672
19/04/2023 22:00,10.45192181
19/04/2023 23:00,10.35790292
20/04/2023 0:00,10.50830015
20/04/2023 1:00,10.55065207
20/04/2023 2:00,10.52568361
20/04/2023 3:00,10.4575962
20/04/2023 4:00,7.050596639
20/04/2023 5:00,0
20/04/2023 6:00,0
20/04/2023 7:00,0
20/04/2023 8:00,0
20/04/2023 9:00,0
20/04/2023 10:00,0
20/04/2023 11:00,0
20/04/2023 12:00,0
20/04/2023 13:00,0
20/04/2023 14:00,0
20/04/2023 15:00,0
20/04/2023 16:00,0
20/04/2023 17:00,1.490371269
20/04/2023 18:00,11.21272976
20/04/2023 19:00,10.91636269
20/04/2023 20:00,10.54825852
20/04/2023 21:00,10.5938109
20/04/2023 22:00,10.66880922
20/04/2023 23:00,10.5302772
21/04/2023 0:00,10.49697008
21/04/2023 1:00,10.47545921
21/04/2023 2:00,10.37587244
21/04/2023 3:00,10.43834665
21/04/2023 4:00,2.342211461
21/04/2023 5:00,0
21/04/2023 6:00,0
21/04/2023 7:00,0
21/04/2023 8:00,0
21/04/2023 9:00,0
21/04/2023 10:00,0
21/04/2023 11:00,0
21/04/2023 12:00,0
21/04/2023 13:00,0
21/04/2023 14:00,0
21/04/2023 15:00,0
21/04/2023 16:00,0
21/04/2023 17:00,0
21/04/2023 18:00,10.74937271
21/04/2023 19:00,10.78232607
21/04/2023 20:00,10.83634336
21/04/2023 21:00,10.56616394
21/04/2023 22:00,10.52766507
21/04/2023 23:00,10.45175157
22/04/2023 0:00,10.36941689
22/04/2023 1:00,10.35455836
22/04/2023 2:00,10.31335493
22/04/2023 3:00,10.357504
22/04/2023 4:00,2.370479494
22/04/2023 5:00,0
22/04/2023 6:00,0
22/04/2023 7:00,0
22/04/2023 8:00,0
22/04/2023 9:00,0
22/04/2023 10:00,0
22/04/2023 11:00,0
22/04/2023 12:00,0
22/04/2023 13:00,0
22/04/2023 14:00,0
22/04/2023 15:00,0
22/04/2023 16:00,0
22/04/2023 17:00,0
22/04/2023 18:00,10.7727124
22/04/2023 19:00,10.68457079
22/04/2023 20:00,10.46684989
22/04/2023 21:00,10.53673519
22/04/2023 22:00,10.56656167
22/04/2023 23:00,10.50787082
23/04/2023 0:00,10.41860811
23/04/2023 1:00,10.37629191
23/04/2023 2:00,10.32287541
23/04/2023 3:00,10.44329241
23/04/2023 4:00,3.454063365
23/04/2023 5:00,0
23/04/2023 6:00,0
23/04/2023 7:00,0
23/04/2023 8:00,0
23/04/2023 9:00,0
23/04/2023 10:00,0
23/04/2023 11:00,0
23/04/2023 12:00,0
23/04/2023 13:00,0
23/04/2023 14:00,0
23/04/2023 15:00,0
23/04/2023 16:00,0
23/04/2023 17:00,3.833858473
23/04/2023 18:00,11.03101479
23/04/2023 19:00,10.7696469
23/04/2023 20:00,10.54653667
23/04/2023 21:00,10.40672866
23/04/2023 22:00,10.57453882
23/04/2023 23:00,10.45604627
24/04/2023 0:00,10.50082771
24/04/2023 1:00,10.69106281
24/04/2023 2:00,10.61612553
24/04/2023 3:00,10.67638474
24/04/2023 4:00,3.19796425
24/04/2023 5:00,0
24/04/2023 6:00,0
24/04/2023 7:00,0
24/04/2023 8:00,0
24/04/2023 9:00,0
24/04/2023 10:00,0
24/04/2023 11:00,0
24/04/2023 12:00,0
24/04/2023 13:00,0
24/04/2023 14:00,0
24/04/2023 15:00,0
24/04/2023 16:00,0
24/04/2023 17:00,0
24/04/2023 18:00,8.991386517
24/04/2023 19:00,10.87571658
24/04/2023 20:00,10.7599451
24/04/2023 21:00,10.64028927
24/04/2023 22:00,10.68909295
24/04/2023 23:00,10.60101388
25/04/2023 0:00,10.52137201
25/04/2023 1:00,10.54344188
25/04/2023 2:00,10.50064322
25/04/2023 3:00,10.44139002
25/04/2023 4:00,2.622628504
25/04/2023 5:00,0
25/04/2023 6:00,0
25/04/2023 7:00,0
25/04/2023 8:00,0
25/04/2023 9:00,0
25/04/2023 10:00,0
25/04/2023 11:00,0
25/04/2023 12:00,0
25/04/2023 13:00,0
25/04/2023 14:00,0
25/04/2023 15:00,0
25/04/2023 16:00,0
25/04/2023 17:00,2.055431915
25/04/2023 18:00,9.978739749
25/04/2023 19:00,10.72044203
25/04/2023 20:00,10.67632935
25/04/2023 21:00,10.54339699
25/04/2023 22:00,10.58089484
25/04/2023 23:00,10.50483353
26/04/2023 0:00,10.33155371
26/04/2023 1:00,10.34008107
26/04/2023 2:00,10.35235275
26/04/2023 3:00,10.46458006
26/04/2023 4:00,1.08417988
26/04/2023 5:00,0
26/04/2023 6:00,0
26/04/2023 7:00,0
26/04/2023 8:00,0
26/04/2023 9:00,0
26/04/2023 10:00,0
26/04/2023 11:00,0
26/04/2023 12:00,0
26/04/2023 13:00,0
26/04/2023 14:00,0
26/04/2023 15:00,0
26/04/2023 16:00,0
26/04/2023 17:00,0
26/04/2023 18:00,9.747633332
26/04/2023 19:00,10.66317273
26/04/2023 20:00,10.6585252
26/04/2023 21:00,10.68221625
26/04/2023 22:00,10.68472447
26/04/2023 23:00,10.59972451
27/04/2023 0:00,10.47022078
27/04/2023 1:00,10.48635679
27/04/2023 2:00,10.49761966
27/04/2023 3:00,10.50769363
27/04/2023 4:00,1.931266472
27/04/2023 5:00,0
27/04/2023 6:00,0
27/04/2023 7:00,0
27/04/2023 8:00,0
27/04/2023 9:00,0
27/04/2023 10:00,0
27/04/2023 11:00,0
27/04/2023 12:00,0
27/04/2023 13:00,0
27/04/2023 14:00,0
27/04/2023 15:00,0
27/04/2023 16:00,0
27/04/2023 17:00,0
27/04/2023 18:00,10.39039635
27/04/2023 19:00,10.68755795
27/04/2023 20:00,10.44538687
27/04/2023 21:00,10.45604175
27/04/2023 22:00,10.4084191
27/04/2023 23:00,10.37384041
28/04/2023 0:00,10.28761783
28/04/2023 1:00,10.24808039
28/04/2023 2:00,10.14816253
28/04/2023 3:00,10.46175466
28/04/2023 4:00,0.696893697
28/04/2023 5:00,0
28/04/2023 6:00,0
28/04/2023 7:00,0
28/04/2023 8:00,0
28/04/2023 9:00,0
28/04/2023 10:00,0
28/04/2023 11:00,0
28/04/2023 12:00,0
28/04/2023 13:00,0
28/04/2023 14:00,0
28/04/2023 15:00,0
28/04/2023 16:00,1.11406207
28/04/2023 17:00,10.30601901
28/04/2023 18:00,10.73111105
28/04/2023 19:00,10.56531319
28/04/2023 20:00,10.37603656
28/04/2023 21:00,10.39566516
28/04/2023 22:00,10.43661593
28/04/2023 23:00,10.45375256
29/04/2023 0:00,10.361261
29/04/2023 1:00,10.35189231
29/04/2023 2:00,10.33872338
29/04/2023 3:00,10.35127506
29/04/2023 4:00,2.825836669
29/04/2023 5:00,0
29/04/2023 6:00,0
29/04/2023 7:00,0
29/04/2023 8:00,0
29/04/2023 9:00,0
29/04/2023 10:00,0
29/04/2023 11:00,0
29/04/2023 12:00,0
29/04/2023 13:00,0
29/04/2023 14:00,0
29/04/2023 15:00,0
29/04/2023 16:00,0
29/04/2023 17:00,0
29/04/2023 18:00,9.008080159
29/04/2023 19:00,11.00391756
29/04/2023 20:00,10.57652954
29/04/2023 21:00,10.45048921
29/04/2023 22:00,10.5742045
29/04/2023 23:00,10.41973541
30/04/2023 0:00,10.34275407
30/04/2023 1:00,10.33908157
30/04/2023 2:00,10.34247395
30/04/2023 3:00,10.37806306
30/04/2023 4:00,2.201573169
30/04/2023 5:00,0
30/04/2023 6:00,0
30/04/2023 7:00,0
30/04/2023 8:00,0
30/04/2023 9:00,0
30/04/2023 10:00,0
30/04/2023 11:00,0
30/04/2023 12:00,0
30/04/2023 13:00,0
30/04/2023 14:00,0
30/04/2023 15:00,0
30/04/2023 16:00,0
30/04/2023 17:00,0
30/04/2023 18:00,10.04111411
30/04/2023 19:00,10.81036393
30/04/2023 20:00,10.77728501
30/04/2023 21:00,10.66165684
30/04/2023 22:00,10.58843785
30/04/2023 23:00,10.5359473
01/05/2023 0:00,10.48119677
01/05/2023 1:00,10.47975252
01/05/2023 2:00,10.26384643
01/05/2023 3:00,10.66130294
01/05/2023 4:00,0.44727615
01/05/2023 5:00,0
01/05/2023 6:00,0
01/05/2023 7:00,0
01/05/2023 8:00,0
01/05/2023 9:00,0
01/05/2023 10:00,0
01/05/2023 11:00,0
01/05/2023 12:00,0
01/05/2023 13:00,0
01/05/2023 14:00,0
01/05/2023 15:00,0
01/05/2023 16:00,0
01/05/2023 17:00,0
01/05/2023 18:00,10.03296468
01/05/2023 19:00,10.85361853
01/05/2023 20:00,10.63604427
01/05/2023 21:00,10.51904771
01/05/2023 22:00,10.40665321
01/05/2023 23:00,10.30456294
02/05/2023 0:00,10.32519091
02/05/2023 1:00,10.35747014
02/05/2023 2:00,10.2533995
02/05/2023 3:00,10.62601975
02/05/2023 4:00,0.47437067
02/05/2023 5:00,0
02/05/2023 6:00,0
02/05/2023 7:00,0
02/05/2023 8:00,0
02/05/2023 9:00,0
02/05/2023 10:00,0
02/05/2023 11:00,0
02/05/2023 12:00,0
02/05/2023 13:00,0
02/05/2023 14:00,0
02/05/2023 15:00,0
02/05/2023 16:00,0
02/05/2023 17:00,2.696223168
02/05/2023 18:00,10.98530992
02/05/2023 19:00,10.63237977
02/05/2023 20:00,10.55641703
02/05/2023 21:00,10.52116903
02/05/2023 22:00,10.42974288
02/05/2023 23:00,10.34383503
03/05/2023 0:00,10.20608171
03/05/2023 1:00,10.51255549
03/05/2023 2:00,10.45909672
03/05/2023 3:00,10.5660163
03/05/2023 4:00,3.617988968
03/05/2023 5:00,0
03/05/2023 6:00,0
03/05/2023 7:00,0
03/05/2023 8:00,0
03/05/2023 9:00,0
03/05/2023 10:00,0
03/05/2023 11:00,0
03/05/2023 12:00,0
03/05/2023 13:00,0
03/05/2023 14:00,0
03/05/2023 15:00,0
03/05/2023 16:00,0
03/05/2023 17:00,0
03/05/2023 18:00,8.878646677
03/05/2023 19:00,10.78096449
03/05/2023 20:00,10.55641426
03/05/2023 21:00,10.55293236
03/05/2023 22:00,10.67512056
03/05/2023 23:00,10.6250442
04/05/2023 0:00,10.48635381
04/05/2023 1:00,10.46781081
04/05/2023 2:00,10.36386892
04/05/2023 3:00,9.858372712
04/05/2023 4:00,0
04/05/2023 5:00,0
04/05/2023 6:00,0
04/05/2023 7:00,0
04/05/2023 8:00,0
04/05/2023 9:00,0
04/05/2023 10:00,0
04/05/2023 11:00,0
04/05/2023 12:00,0
04/05/2023 13:00,0
04/05/2023 14:00,0
04/05/2023 15:00,0
04/05/2023 16:00,0
04/05/2023 17:00,0
04/05/2023 18:00,9.299549493
04/05/2023 19:00,10.79829304
04/05/2023 20:00,10.63640283
04/05/2023 21:00,10.47417545
04/05/2023 22:00,10.44713068
04/05/2023 23:00,10.34971072
05/05/2023 0:00,10.20888267
05/05/2023 1:00,10.17962449
05/05/2023 2:00,10.23966828
05/05/2023 3:00,10.36200808
05/05/2023 4:00,0.360764333
05/05/2023 5:00,0
05/05/2023 6:00,0
05/05/2023 7:00,0
05/05/2023 8:00,0
05/05/2023 9:00,0
05/05/2023 10:00,0
05/05/2023 11:00,0
05/05/2023 12:00,0
05/05/2023 13:00,0
05/05/2023 14:00,0
05/05/2023 15:00,0
05/05/2023 16:00,0
05/05/2023 17:00,0
05/05/2023 18:00,10.17666228
05/05/2023 19:00,10.89078867
05/05/2023 20:00,10.70197427
05/05/2023 21:00,10.47224774
05/05/2023 22:00,10.46880555
05/05/2023 23:00,10.37897978
06/05/2023 0:00,10.29347458
06/05/2023 1:00,10.31848072
06/05/2023 2:00,10.29450131
06/05/2023 3:00,10.30219841
06/05/2023 4:00,2.698051795
06/05/2023 5:00,0
06/05/2023 6:00,0
06/05/2023 7:00,0
06/05/2023 8:00,0
06/05/2023 9:00,0
06/05/2023 10:00,0
06/05/2023 11:00,0
06/05/2023 12:00,0
06/05/2023 13:00,0
06/05/2023 14:00,0
06/05/2023 15:00,0
06/05/2023 16:00,0
06/05/2023 17:00,0
06/05/2023 18:00,7.807053174
06/05/2023 19:00,10.92379129
06/05/2023 20:00,10.72308844
06/05/2023 21:00,10.44659519
06/05/2023 22:00,10.50524169
06/05/2023 23:00,10.41130557
07/05/2023 0:00,10.31396465
07/05/2023 1:00,10.26305498
07/05/2023 2:00,10.25290103
07/05/2023 3:00,10.0524952
07/05/2023 4:00,0
07/05/2023 5:00,0
07/05/2023 6:00,0
07/05/2023 7:00,0
07/05/2023 8:00,0
07/05/2023 9:00,0
07/05/2023 10:00,0
07/05/2023 11:00,0
07/05/2023 12:00,0
07/05/2023 13:00,0
07/05/2023 14:00,0
07/05/2023 15:00,0
07/05/2023 16:00,0
07/05/2023 17:00,0
07/05/2023 18:00,9.597278287
07/05/2023 19:00,10.71614463
07/05/2023 20:00,10.58134947
07/05/2023 21:00,10.49752025
07/05/2023 22:00,10.4379266
07/05/2023 23:00,10.34087165
08/05/2023 0:00,10.72136077
08/05/2023 1:00,10.56636995
08/05/2023 2:00,10.42889868
08/05/2023 3:00,8.114582933
08/05/2023 4:00,0
08/05/2023 5:00,0
08/05/2023 6:00,0
08/05/2023 7:00,0
08/05/2023 8:00,0
08/05/2023 9:00,0
08/05/2023 10:00,0
08/05/2023 11:00,0
08/05/2023 12:00,0
08/05/2023 13:00,0
08/05/2023 14:00,0
08/05/2023 15:00,0
08/05/2023 16:00,0
08/05/2023 17:00,0
08/05/2023 18:00,7.261621517
08/05/2023 19:00,10.85680743
08/05/2023 20:00,10.71930296
08/05/2023 21:00,10.65467962
08/05/2023 22:00,10.58680684
08/05/2023 23:00,10.47919593
09/05/2023 0:00,10.40787313
09/05/2023 1:00,10.36602331
09/05/2023 2:00,10.32333643
09/05/2023 3:00,10.07755585
09/05/2023 4:00,0
09/05/2023 5:00,0
09/05/2023 6:00,0
09/05/2023 7:00,0
09/05/2023 8:00,0
09/05/2023 9:00,0
09/05/2023 10:00,0
09/05/2023 11:00,0
09/05/2023 12:00,0
09/05/2023 13:00,0
09/05/2023 14:00,0
09/05/2023 15:00,0
09/05/2023 16:00,0
09/05/2023 17:00,0
09/05/2023 18:00,7.217280243
09/05/2023 19:00,10.92231842
09/05/2023 20:00,10.59722058
09/05/2023 21:00,10.42977785
09/05/2023 22:00,10.47396214
09/05/2023 23:00,10.42339992
10/05/2023 0:00,10.35624919
10/05/2023 1:00,10.41063231
10/05/2023 2:00,10.33163816
10/05/2023 3:00,10.45360934
10/05/2023 4:00,3.590779194
10/05/2023 5:00,0
10/05/2023 6:00,0
10/05/2023 7:00,0
10/05/2023 8:00,0
10/05/2023 9:00,0
10/05/2023 10:00,0
10/05/2023 11:00,0
10/05/2023 12:00,0
10/05/2023 13:00,0
10/05/2023 14:00,0
10/05/2023 15:00,0
10/05/2023 16:00,0
10/05/2023 17:00,0
10/05/2023 18:00,10.24513401
10/05/2023 19:00,10.76997141
10/05/2023 20:00,10.49692655
10/05/2023 21:00,10.36514538
10/05/2023 22:00,10.32703416
10/05/2023 23:00,10.33049758
11/05/2023 0:00,10.20406193
11/05/2023 1:00,10.24165602
11/05/2023 2:00,10.15071485
11/05/2023 3:00,10.39642894
11/05/2023 4:00,1.659312739
11/05/2023 5:00,0
11/05/2023 6:00,0
11/05/2023 7:00,0
11/05/2023 8:00,0
11/05/2023 9:00,0
11/05/2023 10:00,0
11/05/2023 11:00,0
11/05/2023 12:00,0
11/05/2023 13:00,0
11/05/2023 14:00,0
11/05/2023 15:00,0
11/05/2023 16:00,0
11/05/2023 17:00,0.047516826
11/05/2023 18:00,11.27370645
11/05/2023 19:00,10.71786649
11/05/2023 20:00,10.60469799
11/05/2023 21:00,10.38434452
11/05/2023 22:00,10.4959249
11/05/2023 23:00,10.31969008
12/05/2023 0:00,10.24561119
12/05/2023 1:00,10.27810416
12/05/2023 2:00,10.20831012
12/05/2023 3:00,10.2982239
12/05/2023 4:00,3.620657408
12/05/2023 5:00,0
12/05/2023 6:00,0
12/05/2023 7:00,0
12/05/2023 8:00,0
12/05/2023 9:00,0
12/05/2023 10:00,0
12/05/2023 11:00,0
12/05/2023 12:00,0
12/05/2023 13:00,0
12/05/2023 14:00,0
12/05/2023 15:00,0
12/05/2023 16:00,0
12/05/2023 17:00,0
12/05/2023 18:00,9.221833057
12/05/2023 19:00,10.72613886
12/05/2023 20:00,10.53134361
12/05/2023 21:00,10.42160927
12/05/2023 22:00,10.37092059
12/05/2023 23:00,10.30518647
13/05/2023 0:00,10.31799433
13/05/2023 1:00,10.33907044
13/05/2023 2:00,10.26765161
13/05/2023 3:00,10.49675156
13/05/2023 4:00,2.009295617
13/05/2023 5:00,0
13/05/2023 6:00,0
13/05/2023 7:00,0
13/05/2023 8:00,0
13/05/2023 9:00,0
13/05/2023 10:00,0
13/05/2023 11:00,0
13/05/2023 12:00,0
13/05/2023 13:00,0
13/05/2023 14:00,0
13/05/2023 15:00,0
13/05/2023 16:00,0
13/05/2023 17:00,0
13/05/2023 18:00,7.421919057
13/05/2023 19:00,10.87103038
13/05/2023 20:00,10.63575287
13/05/2023 21:00,10.60424131
13/05/2023 22:00,10.48306271
13/05/2023 23:00,10.39253042
14/05/2023 0:00,10.59817177
14/05/2023 1:00,10.46958753
14/05/2023 2:00,10.3843148
14/05/2023 3:00,7.561135289
14/05/2023 4:00,0
14/05/2023 5:00,0
14/05/2023 6:00,0
14/05/2023 7:00,0
14/05/2023 8:00,0
14/05/2023 9:00,0
14/05/2023 10:00,0
14/05/2023 11:00,0
14/05/2023 12:00,0
14/05/2023 13:00,0
14/05/2023 14:00,0
14/05/2023 15:00,0
14/05/2023 16:00,0
14/05/2023 17:00,0
14/05/2023 18:00,8.250408329
14/05/2023 19:00,10.75472094
14/05/2023 20:00,10.52935958
14/05/2023 21:00,10.54304342
14/05/2023 22:00,10.57195303
14/05/2023 23:00,10.47201233
15/05/2023 0:00,10.33777634
15/05/2023 1:00,10.27437476
15/05/2023 2:00,10.30198549
15/05/2023 3:00,10.38616238
15/05/2023 4:00,0
15/05/2023 5:00,0
15/05/2023 6:00,0
15/05/2023 7:00,0
15/05/2023 8:00,0
15/05/2023 9:00,0
15/05/2023 10:00,0
15/05/2023 11:00,0
15/05/2023 12:00,0
15/05/2023 13:00,0
15/05/2023 14:00,0
15/05/2023 15:00,0
15/05/2023 16:00,0
15/05/2023 17:00,0
15/05/2023 18:00,5.919601552
15/05/2023 19:00,10.96128917
15/05/2023 20:00,11.06520173
15/05/2023 21:00,10.60453433
15/05/2023 22:00,10.66169461
15/05/2023 23:00,10.42661894
16/05/2023 0:00,10.5835362
16/05/2023 1:00,10.76897147
16/05/2023 2:00,10.53777299
16/05/2023 3:00,7.125870664
16/05/2023 4:00,0
16/05/2023 5:00,0
16/05/2023 6:00,0
16/05/2023 7:00,0
16/05/2023 8:00,0
16/05/2023 9:00,0
16/05/2023 10:00,0
16/05/2023 11:00,0
16/05/2023 12:00,0
16/05/2023 13:00,0
16/05/2023 14:00,0
16/05/2023 15:00,1.544679782
16/05/2023 16:00,0
16/05/2023 17:00,0.08260904
16/05/2023 18:00,9.605284007
16/05/2023 19:00,10.6398291
16/05/2023 20:00,10.76590025
16/05/2023 21:00,10.64317488
16/05/2023 22:00,10.5876701
16/05/2023 23:00,10.45059275
17/05/2023 0:00,10.36810073
17/05/2023 1:00,10.23842454
17/05/2023 2:00,10.24530817
17/05/2023 3:00,10.50204569
17/05/2023 4:00,6.326001575
17/05/2023 5:00,0
17/05/2023 6:00,0
17/05/2023 7:00,0
17/05/2023 8:00,0
17/05/2023 9:00,0
17/05/2023 10:00,0
17/05/2023 11:00,0
17/05/2023 12:00,0
17/05/2023 13:00,0
17/05/2023 14:00,0
17/05/2023 15:00,0
17/05/2023 16:00,0
17/05/2023 17:00,0
17/05/2023 18:00,9.056507877
17/05/2023 19:00,11.04318733
17/05/2023 20:00,10.95205169
17/05/2023 21:00,10.9117183
17/05/2023 22:00,10.81363398
17/05/2023 23:00,10.47672715
18/05/2023 0:00,10.57036967
18/05/2023 1:00,10.66786105
18/05/2023 2:00,10.58872416
18/05/2023 3:00,9.409701225
18/05/2023 4:00,0
18/05/2023 5:00,0
18/05/2023 6:00,0
18/05/2023 7:00,0
18/05/2023 8:00,0
18/05/2023 9:00,0
18/05/2023 10:00,0
18/05/2023 11:00,0
18/05/2023 12:00,0
18/05/2023 13:00,0
18/05/2023 14:00,0
18/05/2023 15:00,0
18/05/2023 16:00,0
18/05/2023 17:00,0
18/05/2023 18:00,5.58502697
18/05/2023 19:00,10.89794361
18/05/2023 20:00,10.64552681
18/05/2023 21:00,10.62151864
18/05/2023 22:00,10.58809464
18/05/2023 23:00,10.56051565
19/05/2023 0:00,10.43466761
19/05/2023 1:00,10.35380284
19/05/2023 2:00,10.5102558
19/05/2023 3:00,8.699237254
19/05/2023 4:00,0
19/05/2023 5:00,0
19/05/2023 6:00,0
19/05/2023 7:00,0
19/05/2023 8:00,0
19/05/2023 9:00,0
19/05/2023 10:00,0
19/05/2023 11:00,0
19/05/2023 12:00,0
19/05/2023 13:00,0
19/05/2023 14:00,0
19/05/2023 15:00,0
19/05/2023 16:00,0
19/05/2023 17:00,0
19/05/2023 18:00,6.658244683
19/05/2023 19:00,11.13243639
19/05/2023 20:00,10.77864869
19/05/2023 21:00,10.76357197
19/05/2023 22:00,10.87559056
19/05/2023 23:00,10.60592817
20/05/2023 0:00,10.44577258
20/05/2023 1:00,10.5909048
20/05/2023 2:00,10.54134711
20/05/2023 3:00,7.103715192
20/05/2023 4:00,0
20/05/2023 5:00,0
20/05/2023 6:00,0
20/05/2023 7:00,0
20/05/2023 8:00,0
20/05/2023 9:00,0
20/05/2023 10:00,0
20/05/2023 11:00,0
20/05/2023 12:00,0
20/05/2023 13:00,0
20/05/2023 14:00,0
20/05/2023 15:00,0
20/05/2023 16:00,0
20/05/2023 17:00,0
20/05/2023 18:00,5.861712659
20/05/2023 19:00,10.89161551
20/05/2023 20:00,10.70919614
20/05/2023 21:00,10.57560033
20/05/2023 22:00,10.65950959
20/05/2023 23:00,10.36517039
21/05/2023 0:00,10.37674593
21/05/2023 1:00,10.39676606
21/05/2023 2:00,10.52920224
21/05/2023 3:00,6.449987204
21/05/2023 4:00,0
21/05/2023 5:00,0
21/05/2023 6:00,0
21/05/2023 7:00,0
21/05/2023 8:00,0
21/05/2023 9:00,0
21/05/2023 10:00,0
21/05/2023 11:00,0
21/05/2023 12:00,0
21/05/2023 13:00,0
21/05/2023 14:00,0
21/05/2023 15:00,0
21/05/2023 16:00,0
21/05/2023 17:00,0
21/05/2023 18:00,4.979042384
21/05/2023 19:00,10.85766539
21/05/2023 20:00,10.55892625
21/05/2023 21:00,10.68178786
21/05/2023 22:00,10.65541278
21/05/2023 23:00,10.4975747
22/05/2023 0:00,10.50668391
22/05/2023 1:00,10.66688763
22/05/2023 2:00,10.64906087
22/05/2023 3:00,6.375300114
22/05/2023 4:00,0
22/05/2023 5:00,0
22/05/2023 6:00,0
22/05/2023 7:00,0
22/05/2023 8:00,0
22/05/2023 9:00,0
22/05/2023 10:00,0
22/05/2023 11:00,0
22/05/2023 12:00,0
22/05/2023 13:00,0
22/05/2023 14:00,0
22/05/2023 15:00,0
22/05/2023 16:00,0
22/05/2023 17:00,0
22/05/2023 18:00,4.562579684
22/05/2023 19:00,10.95279353
22/05/2023 20:00,10.62347413
22/05/2023 21:00,10.57309176
22/05/2023 22:00,10.4998269
22/05/2023 23:00,10.49428576
23/05/2023 0:00,10.39938844
23/05/2023 1:00,10.36492741
23/05/2023 2:00,10.37277629
23/05/2023 3:00,6.419694292
23/05/2023 4:00,0
23/05/2023 5:00,0
23/05/2023 6:00,0
23/05/2023 7:00,0
23/05/2023 8:00,0
23/05/2023 9:00,0
23/05/2023 10:00,0
23/05/2023 11:00,0
23/05/2023 12:00,0
23/05/2023 13:00,0
23/05/2023 14:00,0
23/05/2023 15:00,0
23/05/2023 16:00,0
23/05/2023 17:00,0
23/05/2023 18:00,3.427113276
23/05/2023 19:00,10.93898506
23/05/2023 20:00,10.68962918
23/05/2023 21:00,10.64005931
23/05/2023 22:00,10.54119071
23/05/2023 23:00,10.43036938
24/05/2023 0:00,10.36554729
24/05/2023 1:00,10.36022353
24/05/2023 2:00,10.24631146
24/05/2023 3:00,7.943864151
24/05/2023 4:00,0
24/05/2023 5:00,0
24/05/2023 6:00,0
24/05/2023 7:00,0
24/05/2023 8:00,0
24/05/2023 9:00,0
24/05/2023 10:00,0
24/05/2023 11:00,0
24/05/2023 12:00,0
24/05/2023 13:00,0
24/05/2023 14:00,0
24/05/2023 15:00,0
24/05/2023 16:00,0
24/05/2023 17:00,0
24/05/2023 18:00,7.954883711
24/05/2023 19:00,10.75614853
24/05/2023 20:00,10.53870889
24/05/2023 21:00,10.51853986
24/05/2023 22:00,10.52841866
24/05/2023 23:00,10.33612261
25/05/2023 0:00,10.27355903
25/05/2023 1:00,10.58658516
25/05/2023 2:00,10.53704595
25/05/2023 3:00,6.38556518
25/05/2023 4:00,0
25/05/2023 5:00,0
25/05/2023 6:00,0
25/05/2023 7:00,0
25/05/2023 8:00,0
25/05/2023 9:00,0
25/05/2023 10:00,0
25/05/2023 11:00,0
25/05/2023 12:00,0
25/05/2023 13:00,0
25/05/2023 14:00,0
25/05/2023 15:00,0
25/05/2023 16:00,0
25/05/2023 17:00,0
25/05/2023 18:00,4.641715011
25/05/2023 19:00,10.91694763
25/05/2023 20:00,10.70796969
25/05/2023 21:00,10.6598783
25/05/2023 22:00,10.59731093
25/05/2023 23:00,10.56152583
26/05/2023 0:00,10.45752456
26/05/2023 1:00,10.39155108
26/05/2023 2:00,10.46038091
26/05/2023 3:00,8.123908453
26/05/2023 4:00,0
26/05/2023 5:00,0
26/05/2023 6:00,0
26/05/2023 7:00,0
26/05/2023 8:00,0
26/05/2023 9:00,0
26/05/2023 10:00,0
26/05/2023 11:00,0
26/05/2023 12:00,0
26/05/2023 13:00,0
26/05/2023 14:00,0
26/05/2023 15:00,0
26/05/2023 16:00,0
26/05/2023 17:00,0
26/05/2023 18:00,6.454296476
26/05/2023 19:00,10.84681653
26/05/2023 20:00,10.54764921
26/05/2023 21:00,10.40724604
26/05/2023 22:00,10.39618526
26/05/2023 23:00,10.37223989
27/05/2023 0:00,10.29816096
27/05/2023 1:00,10.24565521
27/05/2023 2:00,10.28078223
27/05/2023 3:00,5.846496194
27/05/2023 4:00,0
27/05/2023 5:00,0
27/05/2023 6:00,0
27/05/2023 7:00,0
27/05/2023 8:00,0
27/05/2023 9:00,0
27/05/2023 10:00,0
27/05/2023 11:00,0
27/05/2023 12:00,0
27/05/2023 13:00,0
27/05/2023 14:00,0
27/05/2023 15:00,0
27/05/2023 16:00,0
27/05/2023 17:00,0
27/05/2023 18:00,3.539105168
27/05/2023 19:00,11.01531842
27/05/2023 20:00,10.64943326
27/05/2023 21:00,10.67499129
27/05/2023 22:00,10.58656961
27/05/2023 23:00,10.5524653
28/05/2023 0:00,10.45400809
28/05/2023 1:00,10.39725706
28/05/2023 2:00,10.34631416
28/05/2023 3:00,5.348844461
28/05/2023 4:00,0
28/05/2023 5:00,0
28/05/2023 6:00,0
28/05/2023 7:00,0
28/05/2023 8:00,0
28/05/2023 9:00,0
28/05/2023 10:00,0
28/05/2023 11:00,0
28/05/2023 12:00,0
28/05/2023 13:00,0
28/05/2023 14:00,0
28/05/2023 15:00,0
28/05/2023 16:00,0
28/05/2023 17:00,0
28/05/2023 18:00,2.719272993
28/05/2023 19:00,11.07957089
28/05/2023 20:00,10.5727297
28/05/2023 21:00,10.47189224
28/05/2023 22:00,10.53727745
28/05/2023 23:00,10.52129293
29/05/2023 0:00,10.45614741
29/05/2023 1:00,10.40074459
29/05/2023 2:00,10.57567576
29/05/2023 3:00,5.303595421
29/05/2023 4:00,0
29/05/2023 5:00,0
29/05/2023 6:00,0
29/05/2023 7:00,0
29/05/2023 8:00,0
29/05/2023 9:00,0
29/05/2023 10:00,0
29/05/2023 11:00,0
29/05/2023 12:00,0
29/05/2023 13:00,0
29/05/2023 14:00,0
29/05/2023 15:00,0
29/05/2023 16:00,0
29/05/2023 17:00,0
29/05/2023 18:00,3.564755569
29/05/2023 19:00,10.92193619
29/05/2023 20:00,10.58402119
29/05/2023 21:00,10.62185677
29/05/2023 22:00,10.60024906
29/05/2023 23:00,10.42785672
30/05/2023 0:00,10.24838414
30/05/2023 1:00,10.21700393
30/05/2023 2:00,10.38037668
30/05/2023 3:00,5.461082536
30/05/2023 4:00,0
30/05/2023 5:00,0
30/05/2023 6:00,0
30/05/2023 7:00,0
30/05/2023 8:00,0
30/05/2023 9:00,0
30/05/2023 10:00,0
30/05/2023 11:00,0
30/05/2023 12:00,0
30/05/2023 13:00,0
30/05/2023 14:00,0
30/05/2023 15:00,0
30/05/2023 16:00,0
30/05/2023 17:00,0
30/05/2023 18:00,3.530478987
30/05/2023 19:00,11.1193812
30/05/2023 20:00,10.86976887
30/05/2023 21:00,10.69781598
30/05/2023 22:00,10.62241881
30/05/2023 23:00,10.50948623
31/05/2023 0:00,10.57151849
31/05/2023 1:00,10.50694784
31/05/2023 2:00,10.39178475
31/05/2023 3:00,4.804555389
31/05/2023 4:00,0
31/05/2023 5:00,0
31/05/2023 6:00,0
31/05/2023 7:00,0
31/05/2023 8:00,0
31/05/2023 9:00,0
31/05/2023 10:00,0
31/05/2023 11:00,0
31/05/2023 12:00,0
31/05/2023 13:00,0
31/05/2023 14:00,0
31/05/2023 15:00,0
31/05/2023 16:00,0
31/05/2023 17:00,0
31/05/2023 18:00,1.764598003
31/05/2023 19:00,11.02133972
31/05/2023 20:00,10.63672754
31/05/2023 21:00,10.56324217
31/05/2023 22:00,10.57777628
31/05/2023 23:00,10.52035501
01/06/2023 0:00,10.34144592
01/06/2023 1:00,10.60303731
01/06/2023 2:00,10.50888195
01/06/2023 3:00,4.485810275
01/06/2023 4:00,0
01/06/2023 5:00,0
01/06/2023 6:00,0
01/06/2023 7:00,0
01/06/2023 8:00,0
01/06/2023 9:00,0
01/06/2023 10:00,0
01/06/2023 11:00,0
01/06/2023 12:00,0
01/06/2023 13:00,0
01/06/2023 14:00,0
01/06/2023 15:00,0
01/06/2023 16:00,0
01/06/2023 17:00,0
01/06/2023 18:00,1.891207527
01/06/2023 19:00,11.03353561
01/06/2023 20:00,10.61559524
01/06/2023 21:00,10.48819342
01/06/2023 22:00,10.49312826
01/06/2023 23:00,10.44205083
02/06/2023 0:00,10.36383577
02/06/2023 1:00,10.29199719
02/06/2023 2:00,10.22231195
02/06/2023 3:00,4.867151578
02/06/2023 4:00,0
02/06/2023 5:00,0
02/06/2023 6:00,0
02/06/2023 7:00,0
02/06/2023 8:00,0
02/06/2023 9:00,0
02/06/2023 10:00,0
02/06/2023 11:00,0
02/06/2023 12:00,0
02/06/2023 13:00,0
02/06/2023 14:00,0
02/06/2023 15:00,0
02/06/2023 16:00,0
02/06/2023 17:00,0
02/06/2023 18:00,0.610144103
02/06/2023 19:00,11.01071349
02/06/2023 20:00,10.58639116
02/06/2023 21:00,10.54660714
02/06/2023 22:00,10.52722245
02/06/2023 23:00,10.41178501
03/06/2023 0:00,10.34782707
03/06/2023 1:00,10.30479786
03/06/2023 2:00,10.23863448
03/06/2023 3:00,4.808596231
03/06/2023 4:00,0
03/06/2023 5:00,0
03/06/2023 6:00,0
03/06/2023 7:00,0
03/06/2023 8:00,0
03/06/2023 9:00,0
03/06/2023 10:00,0
03/06/2023 11:00,0
03/06/2023 12:00,0
03/06/2023 13:00,0
03/06/2023 14:00,0
03/06/2023 15:00,0
03/06/2023 16:00,0
03/06/2023 17:00,0
03/06/2023 18:00,1.123919383
03/06/2023 19:00,11.03467865
03/06/2023 20:00,10.76587801
03/06/2023 21:00,10.67648309
03/06/2023 22:00,10.57690495
03/06/2023 23:00,10.46116003
04/06/2023 0:00,10.34802821
04/06/2023 1:00,10.34842845
04/06/2023 2:00,10.27727756
04/06/2023 3:00,4.221330401
04/06/2023 4:00,0
04/06/2023 5:00,0
04/06/2023 6:00,0
04/06/2023 7:00,0
04/06/2023 8:00,0
04/06/2023 9:00,0
04/06/2023 10:00,0
04/06/2023 11:00,0
04/06/2023 12:00,0
04/06/2023 13:00,0
04/06/2023 14:00,0
04/06/2023 15:00,0
04/06/2023 16:00,0
04/06/2023 17:00,0
04/06/2023 18:00,2.102649276
04/06/2023 19:00,11.15405015
04/06/2023 20:00,10.87995944
04/06/2023 21:00,10.60883883
04/06/2023 22:00,10.86417621
04/06/2023 23:00,10.67778269
05/06/2023 0:00,10.62461519
05/06/2023 1:00,10.65121902
05/06/2023 2:00,10.44487312
05/06/2023 3:00,6.036576871
05/06/2023 4:00,0
05/06/2023 5:00,0
05/06/2023 6:00,0
05/06/2023 7:00,0
05/06/2023 8:00,0
05/06/2023 9:00,0
05/06/2023 10:00,0
05/06/2023 11:00,0
05/06/2023 12:00,0
05/06/2023 13:00,0
05/06/2023 14:00,2.591710261
05/06/2023 15:00,0
05/06/2023 16:00,0
05/06/2023 17:00,0
05/06/2023 18:00,2.63446225
05/06/2023 19:00,10.84020722
05/06/2023 20:00,10.49707825
05/06/2023 21:00,10.48041919
05/06/2023 22:00,10.40056013
05/06/2023 23:00,10.34634964
06/06/2023 0:00,10.25838976
06/06/2023 1:00,10.19173173
06/06/2023 2:00,10.20024333
06/06/2023 3:00,9.439342342
06/06/2023 4:00,0
06/06/2023 5:00,0
06/06/2023 6:00,0
06/06/2023 7:00,0
06/06/2023 8:00,0
06/06/2023 9:00,0
06/06/2023 10:00,0
06/06/2023 11:00,0
06/06/2023 12:00,0
06/06/2023 13:00,0
06/06/2023 14:00,0
06/06/2023 15:00,0
06/06/2023 16:00,0
06/06/2023 17:00,0
06/06/2023 18:00,0.694952497
06/06/2023 19:00,11.12873378
06/06/2023 20:00,10.74513503
06/06/2023 21:00,10.61029956
06/06/2023 22:00,10.54056154
06/06/2023 23:00,10.45802682
07/06/2023 0:00,10.44607205
07/06/2023 1:00,10.3731206
07/06/2023 2:00,10.35933974
07/06/2023 3:00,5.516225734
07/06/2023 4:00,0
07/06/2023 5:00,0
07/06/2023 6:00,0
07/06/2023 7:00,0
07/06/2023 8:00,0
07/06/2023 9:00,0
07/06/2023 10:00,0
07/06/2023 11:00,0
07/06/2023 12:00,0
07/06/2023 13:00,0
07/06/2023 14:00,0
07/06/2023 15:00,0
07/06/2023 16:00,0
07/06/2023 17:00,0
07/06/2023 18:00,1.351891417
07/06/2023 19:00,11.07403341
07/06/2023 20:00,10.60638445
07/06/2023 21:00,10.5367604
07/06/2023 22:00,10.52248771
07/06/2023 23:00,10.52311493
08/06/2023 0:00,10.52766807
08/06/2023 1:00,10.26381626
08/06/2023 2:00,10.2190096
08/06/2023 3:00,6.173932825
08/06/2023 4:00,0
08/06/2023 5:00,0
08/06/2023 6:00,0
08/06/2023 7:00,0
08/06/2023 8:00,0
08/06/2023 9:00,0
08/06/2023 10:00,0
08/06/2023 11:00,0
08/06/2023 12:00,0
08/06/2023 13:00,0
08/06/2023 14:00,0
08/06/2023 15:00,0
08/06/2023 16:00,0
08/06/2023 17:00,0
08/06/2023 18:00,1.742830157
08/06/2023 19:00,11.00045428
08/06/2023 20:00,10.70090893
08/06/2023 21:00,10.63944706
08/06/2023 22:00,10.54913983
08/06/2023 23:00,10.33788867
09/06/2023 0:00,10.26477527
09/06/2023 1:00,10.29753084
09/06/2023 2:00,10.31517108
09/06/2023 3:00,6.305901647
09/06/2023 4:00,0
09/06/2023 5:00,0
09/06/2023 6:00,0
09/06/2023 7:00,0
09/06/2023 8:00,0
09/06/2023 9:00,0
09/06/2023 10:00,0
09/06/2023 11:00,0
09/06/2023 12:00,0
09/06/2023 13:00,0
09/06/2023 14:00,0
09/06/2023 15:00,0
09/06/2023 16:00,0
09/06/2023 17:00,0
09/06/2023 18:00,0.834815962
09/06/2023 19:00,11.09197277
09/06/2023 20:00,10.85732512
09/06/2023 21:00,10.62899371
09/06/2023 22:00,10.56561187
09/06/2023 23:00,10.48950132
10/06/2023 0:00,10.39739236
10/06/2023 1:00,10.37486601
10/06/2023 2:00,10.43603453
10/06/2023 3:00,5.703074609
10/06/2023 4:00,0
10/06/2023 5:00,0
10/06/2023 6:00,0
10/06/2023 7:00,0
10/06/2023 8:00,0
10/06/2023 9:00,0
10/06/2023 10:00,0
10/06/2023 11:00,0
10/06/2023 12:00,0
10/06/2023 13:00,0
10/06/2023 14:00,0
10/06/2023 15:00,0
10/06/2023 16:00,0
10/06/2023 17:00,0
10/06/2023 18:00,0
10/06/2023 19:00,9.541721418
10/06/2023 20:00,10.68769483
10/06/2023 21:00,10.56920967
10/06/2023 22:00,10.53438213
10/06/2023 23:00,10.45644834
11/06/2023 0:00,10.42756729
11/06/2023 1:00,10.33942996
11/06/2023 2:00,10.29453049
11/06/2023 3:00,3.950575233
11/06/2023 4:00,0
11/06/2023 5:00,0
11/06/2023 6:00,0
11/06/2023 7:00,0
11/06/2023 8:00,0
11/06/2023 9:00,0
11/06/2023 10:00,0
11/06/2023 11:00,0
11/06/2023 12:00,0
11/06/2023 13:00,0
11/06/2023 14:00,0
11/06/2023 15:00,0
11/06/2023 16:00,0
11/06/2023 17:00,0
11/06/2023 18:00,1.974186033
11/06/2023 19:00,11.1948603
11/06/2023 20:00,10.88239151
11/06/2023 21:00,10.46287333
11/06/2023 22:00,10.59780121
11/06/2023 23:00,10.55702177
12/06/2023 0:00,10.49199451
12/06/2023 1:00,10.49521982
12/06/2023 2:00,10.66529826
12/06/2023 3:00,3.765251499
12/06/2023 4:00,0
12/06/2023 5:00,0
12/06/2023 6:00,0
12/06/2023 7:00,0
12/06/2023 8:00,0
12/06/2023 9:00,0
12/06/2023 10:00,0
12/06/2023 11:00,0
12/06/2023 12:00,0
12/06/2023 13:00,0
12/06/2023 14:00,0
12/06/2023 15:00,0
12/06/2023 16:00,0
12/06/2023 17:00,0
12/06/2023 18:00,0
12/06/2023 19:00,10.94611779
12/06/2023 20:00,10.7026777
12/06/2023 21:00,10.57914055
12/06/2023 22:00,10.63982097
12/06/2023 23:00,10.30915273
13/06/2023 0:00,10.20528868
13/06/2023 1:00,10.31980592
13/06/2023 2:00,10.46989765
13/06/2023 3:00,3.935284394
13/06/2023 4:00,0
13/06/2023 5:00,0
13/06/2023 6:00,0
13/06/2023 7:00,0
13/06/2023 8:00,0
13/06/2023 9:00,0
13/06/2023 10:00,0
13/06/2023 11:00,0
13/06/2023 12:00,0
13/06/2023 13:00,0
13/06/2023 14:00,0
13/06/2023 15:00,0
13/06/2023 16:00,0
13/06/2023 17:00,0
13/06/2023 18:00,0.530568458
13/06/2023 19:00,11.13251269
13/06/2023 20:00,10.69137292
13/06/2023 21:00,10.4729427
13/06/2023 22:00,10.42723317
13/06/2023 23:00,10.28493504
14/06/2023 0:00,10.68786996
14/06/2023 1:00,10.61200588
14/06/2023 2:00,10.57778876
14/06/2023 3:00,4.161496267
14/06/2023 4:00,0
14/06/2023 5:00,0
14/06/2023 6:00,0
14/06/2023 7:00,0
14/06/2023 8:00,0
14/06/2023 9:00,0
14/06/2023 10:00,0
14/06/2023 11:00,0
14/06/2023 12:00,0
14/06/2023 13:00,0
14/06/2023 14:00,0
14/06/2023 15:00,0
14/06/2023 16:00,0
14/06/2023 17:00,0
14/06/2023 18:00,4.623743804
14/06/2023 19:00,10.83820368
14/06/2023 20:00,10.54791404
14/06/2023 21:00,10.5105407
14/06/2023 22:00,10.43954924
14/06/2023 23:00,10.184816
15/06/2023 0:00,10.21814278
15/06/2023 1:00,10.29814382
15/06/2023 2:00,10.24486712
15/06/2023 3:00,3.768832497
15/06/2023 4:00,0
15/06/2023 5:00,0
15/06/2023 6:00,0
15/06/2023 7:00,0
15/06/2023 8:00,0
15/06/2023 9:00,0
15/06/2023 10:00,0
15/06/2023 11:00,0
15/06/2023 12:00,0
15/06/2023 13:00,0
15/06/2023 14:00,0
15/06/2023 15:00,0
15/06/2023 16:00,0
15/06/2023 17:00,0
15/06/2023 18:00,0.735661399
15/06/2023 19:00,10.9841959
15/06/2023 20:00,10.62512964
15/06/2023 21:00,10.38634995
15/06/2023 22:00,10.34174365
15/06/2023 23:00,10.31226729
16/06/2023 0:00,10.27723219
16/06/2023 1:00,10.20983838
16/06/2023 2:00,10.24288443
16/06/2023 3:00,3.957178951
16/06/2023 4:00,0
16/06/2023 5:00,0
16/06/2023 6:00,0
16/06/2023 7:00,0
16/06/2023 8:00,0
16/06/2023 9:00,0
16/06/2023 10:00,0
16/06/2023 11:00,0
16/06/2023 12:00,0
16/06/2023 13:00,0
16/06/2023 14:00,0
16/06/2023 15:00,0
16/06/2023 16:00,0
16/06/2023 17:00,0
16/06/2023 18:00,0.001831386
16/06/2023 19:00,10.90128846
16/06/2023 20:00,10.67633105
16/06/2023 21:00,10.55270766
16/06/2023 22:00,10.68782848
16/06/2023 23:00,10.63178381
17/06/2023 0:00,10.53233494
17/06/2023 1:00,10.50318955
17/06/2023 2:00,10.46428551
17/06/2023 3:00,5.042824571
17/06/2023 4:00,0
17/06/2023 5:00,0
17/06/2023 6:00,0
17/06/2023 7:00,0
17/06/2023 8:00,0
17/06/2023 9:00,0
17/06/2023 10:00,0
17/06/2023 11:00,0
17/06/2023 12:00,0
17/06/2023 13:00,0
17/06/2023 14:00,0
17/06/2023 15:00,0
17/06/2023 16:00,0
17/06/2023 17:00,0
17/06/2023 18:00,0.592499481
17/06/2023 19:00,11.07511383
17/06/2023 20:00,10.68580781
17/06/2023 21:00,10.49143326
17/06/2023 22:00,10.64758955
17/06/2023 23:00,10.57461111
18/06/2023 0:00,10.36143983
18/06/2023 1:00,10.3249431
18/06/2023 2:00,10.30369235
18/06/2023 3:00,3.595383876
18/06/2023 4:00,0
18/06/2023 5:00,0
18/06/2023 6:00,0
18/06/2023 7:00,0
18/06/2023 8:00,0
18/06/2023 9:00,0
18/06/2023 10:00,0
18/06/2023 11:00,0
18/06/2023 12:00,0
18/06/2023 13:00,0
18/06/2023 14:00,0
18/06/2023 15:00,0
18/06/2023 16:00,0
18/06/2023 17:00,0
18/06/2023 18:00,0
18/06/2023 19:00,10.82791038
18/06/2023 20:00,10.55388174
18/06/2023 21:00,10.42324501
18/06/2023 22:00,10.40989604
18/06/2023 23:00,10.30198332
19/06/2023 0:00,10.45615001
19/06/2023 1:00,10.31342289
19/06/2023 2:00,10.26449351
19/06/2023 3:00,3.137872031
19/06/2023 4:00,0
19/06/2023 5:00,0
19/06/2023 6:00,0
19/06/2023 7:00,0
19/06/2023 8:00,0
19/06/2023 9:00,0
19/06/2023 10:00,0
19/06/2023 11:00,0
19/06/2023 12:00,0
19/06/2023 13:00,0
19/06/2023 14:00,0
19/06/2023 15:00,0
19/06/2023 16:00,0
19/06/2023 17:00,0
19/06/2023 18:00,0.984349559
19/06/2023 19:00,11.07607646
19/06/2023 20:00,10.6025041
19/06/2023 21:00,10.51097071
19/06/2023 22:00,10.49861137
19/06/2023 23:00,10.42145621
20/06/2023 0:00,10.36260138
20/06/2023 1:00,10.29909011
20/06/2023 2:00,10.27620273
20/06/2023 3:00,3.574095378
20/06/2023 4:00,0
20/06/2023 5:00,0
20/06/2023 6:00,0
20/06/2023 7:00,0
20/06/2023 8:00,0
20/06/2023 9:00,0
20/06/2023 10:00,0
20/06/2023 11:00,0
20/06/2023 12:00,0
20/06/2023 13:00,0
20/06/2023 14:00,0
20/06/2023 15:00,0
20/06/2023 16:00,0
20/06/2023 17:00,0
20/06/2023 18:00,1.056080486
20/06/2023 19:00,11.02438711
20/06/2023 20:00,10.74552199
20/06/2023 21:00,10.4803926
20/06/2023 22:00,10.4519185
20/06/2023 23:00,10.34418099
21/06/2023 0:00,10.40610833
21/06/2023 1:00,10.37956875
21/06/2023 2:00,10.37230662
21/06/2023 3:00,4.3335903
21/06/2023 4:00,0
21/06/2023 5:00,0
21/06/2023 6:00,0
21/06/2023 7:00,0
21/06/2023 8:00,0
21/06/2023 9:00,0
21/06/2023 10:00,0
21/06/2023 11:00,0
21/06/2023 12:00,0
21/06/2023 13:00,0
21/06/2023 14:00,0
21/06/2023 15:00,0
21/06/2023 16:00,0
21/06/2023 17:00,0
21/06/2023 18:00,0
21/06/2023 19:00,9.942298993
21/06/2023 20:00,10.61627701
21/06/2023 21:00,10.40744668
21/06/2023 22:00,10.43081038
21/06/2023 23:00,10.40455733
22/06/2023 0:00,10.31763249
22/06/2023 1:00,10.24919698
22/06/2023 2:00,10.25143497
22/06/2023 3:00,3.885048097
22/06/2023 4:00,0
22/06/2023 5:00,0
22/06/2023 6:00,0
22/06/2023 7:00,0
22/06/2023 8:00,0
22/06/2023 9:00,0
22/06/2023 10:00,0
22/06/2023 11:00,0
22/06/2023 12:00,0
22/06/2023 13:00,0
22/06/2023 14:00,0
22/06/2023 15:00,0
22/06/2023 16:00,0
22/06/2023 17:00,0
22/06/2023 18:00,3.452300893
22/06/2023 19:00,10.83012642
22/06/2023 20:00,10.59126142
22/06/2023 21:00,10.59724586
22/06/2023 22:00,10.58249137
22/06/2023 23:00,10.36481374
23/06/2023 0:00,10.44984616
23/06/2023 1:00,10.25817165
23/06/2023 2:00,10.17061706
23/06/2023 3:00,8.589611313
23/06/2023 4:00,1.30674825
23/06/2023 5:00,0
23/06/2023 6:00,0
23/06/2023 7:00,0
23/06/2023 8:00,0
23/06/2023 9:00,0
23/06/2023 10:00,0
23/06/2023 11:00,0
23/06/2023 12:00,0
23/06/2023 13:00,0
23/06/2023 14:00,0
23/06/2023 15:00,0
23/06/2023 16:00,0
23/06/2023 17:00,0
23/06/2023 18:00,4.164956309
23/06/2023 19:00,10.9866095
23/06/2023 20:00,10.60352685
23/06/2023 21:00,10.49117433
23/06/2023 22:00,10.48198886
23/06/2023 23:00,10.38118805
24/06/2023 0:00,10.40279095
24/06/2023 1:00,10.37019474
24/06/2023 2:00,10.32216211
24/06/2023 3:00,10.41318767
24/06/2023 4:00,7.489296808
24/06/2023 5:00,0
24/06/2023 6:00,0
24/06/2023 7:00,0
24/06/2023 8:00,0
24/06/2023 9:00,0
24/06/2023 10:00,0
24/06/2023 11:00,0
24/06/2023 12:00,0
24/06/2023 13:00,0
24/06/2023 14:00,0
24/06/2023 15:00,0
24/06/2023 16:00,0
24/06/2023 17:00,0
24/06/2023 18:00,0
24/06/2023 19:00,10.41516648
24/06/2023 20:00,10.57667296
24/06/2023 21:00,10.42718828
24/06/2023 22:00,10.47951155
24/06/2023 23:00,10.52180029
25/06/2023 0:00,10.43010737
25/06/2023 1:00,10.36767528
25/06/2023 2:00,10.25314562
25/06/2023 3:00,4.216072653
25/06/2023 4:00,0
25/06/2023 5:00,0
25/06/2023 6:00,0
25/06/2023 7:00,0
25/06/2023 8:00,0
25/06/2023 9:00,0
25/06/2023 10:00,0
25/06/2023 11:00,0
25/06/2023 12:00,0
25/06/2023 13:00,0
25/06/2023 14:00,0
25/06/2023 15:00,0
25/06/2023 16:00,0
25/06/2023 17:00,0
25/06/2023 18:00,0
25/06/2023 19:00,10.82462538
25/06/2023 20:00,10.65894667
25/06/2023 21:00,10.53557779
25/06/2023 22:00,10.40671332
25/06/2023 23:00,10.32786955
26/06/2023 0:00,10.49463399
26/06/2023 1:00,10.55383801
26/06/2023 2:00,10.44063364
26/06/2023 3:00,4.421147728
26/06/2023 4:00,0
26/06/2023 5:00,0
26/06/2023 6:00,0
26/06/2023 7:00,0
26/06/2023 8:00,0
26/06/2023 9:00,0
26/06/2023 10:00,0
26/06/2023 11:00,0
26/06/2023 12:00,0
26/06/2023 13:00,0
26/06/2023 14:00,0
26/06/2023 15:00,0
26/06/2023 16:00,0
26/06/2023 17:00,0
26/06/2023 18:00,2.086653184
26/06/2023 19:00,10.892712
26/06/2023 20:00,10.59608531
26/06/2023 21:00,10.42071075
26/06/2023 22:00,10.37171111
26/06/2023 23:00,10.40689571
27/06/2023 0:00,10.45889064
27/06/2023 1:00,10.39531851
27/06/2023 2:00,10.38704166
27/06/2023 3:00,5.562812887
27/06/2023 4:00,0
27/06/2023 5:00,0
27/06/2023 6:00,0
27/06/2023 7:00,0
27/06/2023 8:00,0
27/06/2023 9:00,0
27/06/2023 10:00,0
27/06/2023 11:00,0
27/06/2023 12:00,0
27/06/2023 13:00,0
27/06/2023 14:00,0
27/06/2023 15:00,0
27/06/2023 16:00,0
27/06/2023 17:00,0
27/06/2023 18:00,2.225429026
27/06/2023 19:00,10.99428148
27/06/2023 20:00,10.59008476
27/06/2023 21:00,10.55457252
27/06/2023 22:00,10.55719059
27/06/2023 23:00,10.49803984
28/06/2023 0:00,10.37234752
28/06/2023 1:00,10.33088446
28/06/2023 2:00,10.27252536
28/06/2023 3:00,8.015393911
28/06/2023 4:00,0
28/06/2023 5:00,0
28/06/2023 6:00,0
28/06/2023 7:00,0
28/06/2023 8:00,0
28/06/2023 9:00,0
28/06/2023 10:00,0
28/06/2023 11:00,0
28/06/2023 12:00,0
28/06/2023 13:00,0
28/06/2023 14:00,0
28/06/2023 15:00,0
28/06/2023 16:00,0
28/06/2023 17:00,0
28/06/2023 18:00,0.125785077
28/06/2023 19:00,11.30055039
28/06/2023 20:00,10.68252118
28/06/2023 21:00,10.57239905
28/06/2023 22:00,10.57280195
28/06/2023 23:00,10.38585811
29/06/2023 0:00,10.46484704
29/06/2023 1:00,10.46487956
29/06/2023 2:00,10.43170712
29/06/2023 3:00,4.650983875
29/06/2023 4:00,0
29/06/2023 5:00,0
29/06/2023 6:00,0
29/06/2023 7:00,0
29/06/2023 8:00,0
29/06/2023 9:00,0
29/06/2023 10:00,0
29/06/2023 11:00,0
29/06/2023 12:00,0
29/06/2023 13:00,0
29/06/2023 14:00,0
29/06/2023 15:00,0
29/06/2023 16:00,0
29/06/2023 17:00,0
29/06/2023 18:00,0.348429458
29/06/2023 19:00,11.11265368
29/06/2023 20:00,10.75512703
29/06/2023 21:00,10.6283585
29/06/2023 22:00,10.50563591
29/06/2023 23:00,10.48570526
30/06/2023 0:00,10.4536871
30/06/2023 1:00,10.44597463
30/06/2023 2:00,10.42722409
30/06/2023 3:00,4.749798184
30/06/2023 4:00,0
30/06/2023 5:00,0
30/06/2023 6:00,0
30/06/2023 7:00,0
30/06/2023 8:00,0
30/06/2023 9:00,0
30/06/2023 10:00,0
30/06/2023 11:00,0
30/06/2023 12:00,0
30/06/2023 13:00,0
30/06/2023 14:00,0
30/06/2023 15:00,0
30/06/2023 16:00,0
30/06/2023 17:00,0
30/06/2023 18:00,6.952501382
30/06/2023 19:00,10.83217559
30/06/2023 20:00,10.62850333
30/06/2023 21:00,10.56866007
30/06/2023 22:00,10.50856889
30/06/2023 23:00,10.34342958
01/07/2023 0:00,10.28751688
01/07/2023 1:00,10.31881592
01/07/2023 2:00,10.28792792
01/07/2023 3:00,9.787028014
01/07/2023 4:00,0
01/07/2023 5:00,0
01/07/2023 6:00,0
01/07/2023 7:00,0
01/07/2023 8:00,0
01/07/2023 9:00,0
01/07/2023 10:00,0
01/07/2023 11:00,0
01/07/2023 12:00,0
01/07/2023 13:00,0
01/07/2023 14:00,0
01/07/2023 15:00,0
01/07/2023 16:00,0
01/07/2023 17:00,0
01/07/2023 18:00,0.409559177
01/07/2023 19:00,11.09356008
01/07/2023 20:00,10.78805781
01/07/2023 21:00,10.59167369
01/07/2023 22:00,10.5367436
01/07/2023 23:00,10.43461136
02/07/2023 0:00,10.45387507
02/07/2023 1:00,10.47395443
02/07/2023 2:00,10.53807253
02/07/2023 3:00,5.445013861
02/07/2023 4:00,0
02/07/2023 5:00,0
02/07/2023 6:00,0
02/07/2023 7:00,0
02/07/2023 8:00,0
02/07/2023 9:00,0
02/07/2023 10:00,0
02/07/2023 11:00,0
02/07/2023 12:00,0
02/07/2023 13:00,0
02/07/2023 14:00,0
02/07/2023 15:00,0
02/07/2023 16:00,0
02/07/2023 17:00,0
02/07/2023 18:00,0.006215912
02/07/2023 19:00,11.01872031
02/07/2023 20:00,10.79355286
02/07/2023 21:00,10.52203921
02/07/2023 22:00,10.47933603
02/07/2023 23:00,10.35510087
03/07/2023 0:00,10.47304229
03/07/2023 1:00,10.4175761
03/07/2023 2:00,10.41441267
03/07/2023 3:00,4.443942994
03/07/2023 4:00,0
03/07/2023 5:00,0
03/07/2023 6:00,0
03/07/2023 7:00,0
03/07/2023 8:00,0
03/07/2023 9:00,0
03/07/2023 10:00,0
03/07/2023 11:00,0
03/07/2023 12:00,0
03/07/2023 13:00,0
03/07/2023 14:00,0
03/07/2023 15:00,0
03/07/2023 16:00,0
03/07/2023 17:00,0
03/07/2023 18:00,1.621100804
03/07/2023 19:00,11.07141388
03/07/2023 20:00,10.72339697
03/07/2023 21:00,10.55248734
03/07/2023 22:00,10.50863177
03/07/2023 23:00,10.49585543
04/07/2023 0:00,10.69974811
04/07/2023 1:00,10.56118378
04/07/2023 2:00,10.50372995
04/07/2023 3:00,5.723563154
04/07/2023 4:00,0
04/07/2023 5:00,0
04/07/2023 6:00,0
04/07/2023 7:00,0
04/07/2023 8:00,0
04/07/2023 9:00,0
04/07/2023 10:00,0
04/07/2023 11:00,0
04/07/2023 12:00,0
04/07/2023 13:00,0
04/07/2023 14:00,0
04/07/2023 15:00,0
04/07/2023 16:00,0
04/07/2023 17:00,0
04/07/2023 18:00,0
04/07/2023 19:00,11.16032209
04/07/2023 20:00,10.72449634
04/07/2023 21:00,10.59245094
04/07/2023 22:00,10.66466555
04/07/2023 23:00,10.71585659
05/07/2023 0:00,10.42382194
05/07/2023 1:00,10.75290002
05/07/2023 2:00,10.60280772
05/07/2023 3:00,6.497211361
05/07/2023 4:00,0
05/07/2023 5:00,0
05/07/2023 6:00,0
05/07/2023 7:00,0
05/07/2023 8:00,0
05/07/2023 9:00,0
05/07/2023 10:00,0
05/07/2023 11:00,0
05/07/2023 12:00,0
05/07/2023 13:00,0
05/07/2023 14:00,0
05/07/2023 15:00,0
05/07/2023 16:00,0
05/07/2023 17:00,0
05/07/2023 18:00,0
05/07/2023 19:00,9.296364895
05/07/2023 20:00,10.64345986
05/07/2023 21:00,10.609515
05/07/2023 22:00,10.62270756
05/07/2023 23:00,10.45621721
06/07/2023 0:00,10.42370834
06/07/2023 1:00,10.35904405
06/07/2023 2:00,10.30218859
06/07/2023 3:00,6.010923578
06/07/2023 4:00,0
06/07/2023 5:00,0
06/07/2023 6:00,0
06/07/2023 7:00,0
06/07/2023 8:00,0
06/07/2023 9:00,0
06/07/2023 10:00,0
06/07/2023 11:00,0
06/07/2023 12:00,0
06/07/2023 13:00,0
06/07/2023 14:00,0
06/07/2023 15:00,0
06/07/2023 16:00,0
06/07/2023 17:00,0
06/07/2023 18:00,0
06/07/2023 19:00,10.63486309
06/07/2023 20:00,10.8921508
06/07/2023 21:00,10.67124192
06/07/2023 22:00,10.53882096
06/07/2023 23:00,10.51197678
07/07/2023 0:00,10.48859855
07/07/2023 1:00,10.45613667
07/07/2023 2:00,10.54289292
07/07/2023 3:00,5.339718833
07/07/2023 4:00,0
07/07/2023 5:00,0
07/07/2023 6:00,0
07/07/2023 7:00,0
07/07/2023 8:00,0
07/07/2023 9:00,0
07/07/2023 10:00,0
07/07/2023 11:00,0
07/07/2023 12:00,0
07/07/2023 13:00,0
07/07/2023 14:00,0
07/07/2023 15:00,0
07/07/2023 16:00,0
07/07/2023 17:00,0
07/07/2023 18:00,0
07/07/2023 19:00,10.96676619
07/07/2023 20:00,10.69436635
07/07/2023 21:00,10.45609128
07/07/2023 22:00,10.44636619
07/07/2023 23:00,10.36906574
08/07/2023 0:00,10.20294653
08/07/2023 1:00,10.20688176
08/07/2023 2:00,10.1866159
08/07/2023 3:00,4.764335351
08/07/2023 4:00,0
08/07/2023 5:00,0
08/07/2023 6:00,0
08/07/2023 7:00,0
08/07/2023 8:00,0
08/07/2023 9:00,0
08/07/2023 10:00,0
08/07/2023 11:00,0
08/07/2023 12:00,0
08/07/2023 13:00,0
08/07/2023 14:00,0
08/07/2023 15:00,0
08/07/2023 16:00,0
08/07/2023 17:00,0
08/07/2023 18:00,0.878704158
08/07/2023 19:00,11.06264912
08/07/2023 20:00,10.65190466
08/07/2023 21:00,10.43192887
08/07/2023 22:00,10.43277818
08/07/2023 23:00,10.32649084
09/07/2023 0:00,10.31618108
09/07/2023 1:00,10.47645905
09/07/2023 2:00,10.35332134
09/07/2023 3:00,5.852409436
09/07/2023 4:00,0
09/07/2023 5:00,0
09/07/2023 6:00,0
09/07/2023 7:00,0
09/07/2023 8:00,0
09/07/2023 9:00,0
09/07/2023 10:00,0
09/07/2023 11:00,0
09/07/2023 12:00,0
09/07/2023 13:00,0
09/07/2023 14:00,0
09/07/2023 15:00,0
09/07/2023 16:00,0
09/07/2023 17:00,0
09/07/2023 18:00,1.345012996
09/07/2023 19:00,11.02933576
09/07/2023 20:00,10.58759622
09/07/2023 21:00,10.51550685
09/07/2023 22:00,10.5561061
09/07/2023 23:00,10.57314713
10/07/2023 0:00,10.51277327
10/07/2023 1:00,10.42025007
10/07/2023 2:00,10.27317992
10/07/2023 3:00,6.373626078
10/07/2023 4:00,0
10/07/2023 5:00,0
10/07/2023 6:00,0
10/07/2023 7:00,0
10/07/2023 8:00,0
10/07/2023 9:00,0
10/07/2023 10:00,0
10/07/2023 11:00,0
10/07/2023 12:00,0
10/07/2023 13:00,0
10/07/2023 14:00,0
10/07/2023 15:00,0
10/07/2023 16:00,0
10/07/2023 17:00,0
10/07/2023 18:00,1.554809012
10/07/2023 19:00,10.99763564
10/07/2023 20:00,10.71713122
10/07/2023 21:00,10.58695833
10/07/2023 22:00,10.48904311
10/07/2023 23:00,10.44170535
11/07/2023 0:00,10.4115747
11/07/2023 1:00,10.4135406
11/07/2023 2:00,10.24346488
11/07/2023 3:00,6.203247634
11/07/2023 4:00,0
11/07/2023 5:00,0
11/07/2023 6:00,0
11/07/2023 7:00,0
11/07/2023 8:00,0
11/07/2023 9:00,0
11/07/2023 10:00,0
11/07/2023 11:00,0
11/07/2023 12:00,0
11/07/2023 13:00,0
11/07/2023 14:00,0
11/07/2023 15:00,0
11/07/2023 16:00,0
11/07/2023 17:00,0
11/07/2023 18:00,1.339782138
11/07/2023 19:00,10.89575645
11/07/2023 20:00,10.60337857
11/07/2023 21:00,10.50558072
11/07/2023 22:00,10.58730389
11/07/2023 23:00,10.36244231
12/07/2023 0:00,10.25516824
12/07/2023 1:00,10.26051127
12/07/2023 2:00,10.23247494
12/07/2023 3:00,6.684477353
12/07/2023 4:00,0
12/07/2023 5:00,0
12/07/2023 6:00,0
12/07/2023 7:00,0
12/07/2023 8:00,0
12/07/2023 9:00,0
12/07/2023 10:00,0
12/07/2023 11:00,0
12/07/2023 12:00,0
12/07/2023 13:00,0
12/07/2023 14:00,0
12/07/2023 15:00,4.259180148
12/07/2023 16:00,0
12/07/2023 17:00,0
12/07/2023 18:00,2.35278407
12/07/2023 19:00,10.96429061
12/07/2023 20:00,10.79818832
12/07/2023 21:00,10.55106645
12/07/2023 22:00,10.47301473
12/07/2023 23:00,10.48926506
13/07/2023 0:00,10.26314991
13/07/2023 1:00,10.34885418
13/07/2023 2:00,10.38525613
13/07/2023 3:00,10.40671568
13/07/2023 4:00,3.214895056
13/07/2023 5:00,0
13/07/2023 6:00,0
13/07/2023 7:00,0
13/07/2023 8:00,0
13/07/2023 9:00,0
13/07/2023 10:00,0
13/07/2023 11:00,0
13/07/2023 12:00,0
13/07/2023 13:00,0
13/07/2023 14:00,0
13/07/2023 15:00,0
13/07/2023 16:00,0
13/07/2023 17:00,0
13/07/2023 18:00,1.138185807
13/07/2023 19:00,11.06557369
13/07/2023 20:00,10.71870019
13/07/2023 21:00,10.60038898
13/07/2023 22:00,10.66445167
13/07/2023 23:00,10.35167849
14/07/2023 0:00,10.492642
14/07/2023 1:00,10.47279384
14/07/2023 2:00,10.45042487
14/07/2023 3:00,7.694754911
14/07/2023 4:00,0
14/07/2023 5:00,0
14/07/2023 6:00,0
14/07/2023 7:00,0
14/07/2023 8:00,0
14/07/2023 9:00,0
14/07/2023 10:00,0
14/07/2023 11:00,0
14/07/2023 12:00,0
14/07/2023 13:00,0
14/07/2023 14:00,0
14/07/2023 15:00,0
14/07/2023 16:00,0
14/07/2023 17:00,0
14/07/2023 18:00,1.064660795
14/07/2023 19:00,11.06534682
14/07/2023 20:00,10.58433591
14/07/2023 21:00,10.54707982
14/07/2023 22:00,10.48301759
14/07/2023 23:00,10.35377472
15/07/2023 0:00,10.37317748
15/07/2023 1:00,10.35150289
15/07/2023 2:00,10.3026687
15/07/2023 3:00,7.008218805
15/07/2023 4:00,0
15/07/2023 5:00,0
15/07/2023 6:00,0
15/07/2023 7:00,0
15/07/2023 8:00,0
15/07/2023 9:00,0
15/07/2023 10:00,0
15/07/2023 11:00,0
15/07/2023 12:00,0
15/07/2023 13:00,0
15/07/2023 14:00,0
15/07/2023 15:00,0
15/07/2023 16:00,0
15/07/2023 17:00,0
15/07/2023 18:00,1.859598359
15/07/2023 19:00,10.86858217
15/07/2023 20:00,10.53229007
15/07/2023 21:00,10.49590059
15/07/2023 22:00,10.50276117
15/07/2023 23:00,10.35770346
16/07/2023 0:00,10.20962102
16/07/2023 1:00,10.1762356
16/07/2023 2:00,10.18734014
16/07/2023 3:00,7.029235497
16/07/2023 4:00,0
16/07/2023 5:00,0
16/07/2023 6:00,0
16/07/2023 7:00,0
16/07/2023 8:00,0
16/07/2023 9:00,0
16/07/2023 10:00,0
16/07/2023 11:00,0
16/07/2023 12:00,0
16/07/2023 13:00,0
16/07/2023 14:00,0
16/07/2023 15:00,0
16/07/2023 16:00,0
16/07/2023 17:00,0.282518666
16/07/2023 18:00,11.12610504
16/07/2023 19:00,11.01238086
16/07/2023 20:00,10.69254654
16/07/2023 21:00,10.59740973
16/07/2023 22:00,10.5237784
16/07/2023 23:00,10.40763942
17/07/2023 0:00,10.33965424
17/07/2023 1:00,10.32448421
17/07/2023 2:00,10.24437169
17/07/2023 3:00,9.318168474
17/07/2023 4:00,0
17/07/2023 5:00,3.730011743
17/07/2023 6:00,10.22681002
17/07/2023 7:00,0
17/07/2023 8:00,0
17/07/2023 9:00,0
17/07/2023 10:00,0
17/07/2023 11:00,0
17/07/2023 12:00,0
17/07/2023 13:00,0
17/07/2023 14:00,0
17/07/2023 15:00,0
17/07/2023 16:00,0
17/07/2023 17:00,0
17/07/2023 18:00,1.090548595
17/07/2023 19:00,11.21754298
17/07/2023 20:00,10.76758352
17/07/2023 21:00,10.513915
17/07/2023 22:00,10.4119541
17/07/2023 23:00,10.45277447
18/07/2023 0:00,10.41188323
18/07/2023 1:00,10.35983163
18/07/2023 2:00,10.33872189
18/07/2023 3:00,7.900055987
18/07/2023 4:00,0
18/07/2023 5:00,0
18/07/2023 6:00,0
18/07/2023 7:00,0
18/07/2023 8:00,0
18/07/2023 9:00,0
18/07/2023 10:00,0
18/07/2023 11:00,0
18/07/2023 12:00,0
18/07/2023 13:00,0
18/07/2023 14:00,0
18/07/2023 15:00,0
18/07/2023 16:00,0
18/07/2023 17:00,0
18/07/2023 18:00,5.831968387
18/07/2023 19:00,10.90808218
18/07/2023 20:00,10.55059921
18/07/2023 21:00,10.45014749
18/07/2023 22:00,10.48386186
18/07/2023 23:00,10.38713702
19/07/2023 0:00,10.3380075
19/07/2023 1:00,10.30293259
19/07/2023 2:00,10.25539313
19/07/2023 3:00,8.240293227
19/07/2023 4:00,0
19/07/2023 5:00,0
19/07/2023 6:00,0
19/07/2023 7:00,0
19/07/2023 8:00,0
19/07/2023 9:00,0
19/07/2023 10:00,0
19/07/2023 11:00,0
19/07/2023 12:00,0
19/07/2023 13:00,0
19/07/2023 14:00,0
19/07/2023 15:00,0
19/07/2023 16:00,0
19/07/2023 17:00,0
19/07/2023 18:00,2.097008856
19/07/2023 19:00,10.92029269
19/07/2023 20:00,10.72385879
19/07/2023 21:00,10.56204623
19/07/2023 22:00,10.49843783
19/07/2023 23:00,10.41917568
20/07/2023 0:00,10.37910384
20/07/2023 1:00,10.35382788
20/07/2023 2:00,10.2328782
20/07/2023 3:00,10.9256896
20/07/2023 4:00,0
20/07/2023 5:00,0
20/07/2023 6:00,0
20/07/2023 7:00,0
20/07/2023 8:00,0
20/07/2023 9:00,0
20/07/2023 10:00,0
20/07/2023 11:00,0
20/07/2023 12:00,0
20/07/2023 13:00,0
20/07/2023 14:00,0
20/07/2023 15:00,0
20/07/2023 16:00,0
20/07/2023 17:00,0
20/07/2023 18:00,3.556589303
20/07/2023 19:00,10.83363043
20/07/2023 20:00,10.59249406
20/07/2023 21:00,10.49552388
20/07/2023 22:00,10.41481058
20/07/2023 23:00,10.50083758
21/07/2023 0:00,10.43398389
21/07/2023 1:00,10.44456447
21/07/2023 2:00,10.15643475
21/07/2023 3:00,10.40345665
21/07/2023 4:00,1.42248275
21/07/2023 5:00,0
21/07/2023 6:00,0
21/07/2023 7:00,0
21/07/2023 8:00,0
21/07/2023 9:00,0
21/07/2023 10:00,0
21/07/2023 11:00,0
21/07/2023 12:00,0
21/07/2023 13:00,0
21/07/2023 14:00,0
21/07/2023 15:00,0
21/07/2023 16:00,0
21/07/2023 17:00,0
21/07/2023 18:00,1.924227351
21/07/2023 19:00,10.97382327
21/07/2023 20:00,10.83118072
21/07/2023 21:00,10.56664939
21/07/2023 22:00,10.51504967
21/07/2023 23:00,10.52849485
22/07/2023 0:00,10.39774147
22/07/2023 1:00,10.32195122
22/07/2023 2:00,10.35290952
22/07/2023 3:00,7.800765767
22/07/2023 4:00,0
22/07/2023 5:00,0
22/07/2023 6:00,0
22/07/2023 7:00,0
22/07/2023 8:00,0
22/07/2023 9:00,0
22/07/2023 10:00,0
22/07/2023 11:00,0
22/07/2023 12:00,0
22/07/2023 13:00,0
22/07/2023 14:00,0
22/07/2023 15:00,0
22/07/2023 16:00,0
22/07/2023 17:00,0
22/07/2023 18:00,2.874159209
22/07/2023 19:00,10.93680885
22/07/2023 20:00,10.89918137
22/07/2023 21:00,10.71583499
22/07/2023 22:00,10.78238315
22/07/2023 23:00,10.71302722
23/07/2023 0:00,10.55458966
23/07/2023 1:00,10.81245321
23/07/2023 2:00,10.77323064
23/07/2023 3:00,8.957115103
23/07/2023 4:00,0
23/07/2023 5:00,0
23/07/2023 6:00,0
23/07/2023 7:00,0
23/07/2023 8:00,0
23/07/2023 9:00,0
23/07/2023 10:00,0
23/07/2023 11:00,0
23/07/2023 12:00,0
23/07/2023 13:00,0
23/07/2023 14:00,0
23/07/2023 15:00,0
23/07/2023 16:00,0
23/07/2023 17:00,0
23/07/2023 18:00,4.456616816
23/07/2023 19:00,10.88079687
23/07/2023 20:00,10.69955807
23/07/2023 21:00,10.42849671
23/07/2023 22:00,10.33766333
23/07/2023 23:00,10.25056507
24/07/2023 0:00,10.17206833
24/07/2023 1:00,10.17040044
24/07/2023 2:00,10.20329211
24/07/2023 3:00,9.564579265
24/07/2023 4:00,0
24/07/2023 5:00,0
24/07/2023 6:00,0
24/07/2023 7:00,0
24/07/2023 8:00,0
24/07/2023 9:00,0
24/07/2023 10:00,0
24/07/2023 11:00,0
24/07/2023 12:00,0
24/07/2023 13:00,0
24/07/2023 14:00,0
24/07/2023 15:00,0
24/07/2023 16:00,0
24/07/2023 17:00,0
24/07/2023 18:00,4.722577051
24/07/2023 19:00,10.85429727
24/07/2023 20:00,10.58739556
24/07/2023 21:00,10.61160262
24/07/2023 22:00,10.62224728
24/07/2023 23:00,10.51496202
25/07/2023 0:00,10.40768779
25/07/2023 1:00,10.41913226
25/07/2023 2:00,10.34405631
25/07/2023 3:00,9.737298336
25/07/2023 4:00,10.40680228
25/07/2023 5:00,0
25/07/2023 6:00,0
25/07/2023 7:00,0
25/07/2023 8:00,0
25/07/2023 9:00,0
25/07/2023 10:00,0
25/07/2023 11:00,0
25/07/2023 12:00,0
25/07/2023 13:00,0
25/07/2023 14:00,0
25/07/2023 15:00,0
25/07/2023 16:00,0
25/07/2023 17:00,0
25/07/2023 18:00,8.654634479
25/07/2023 19:00,10.86681536
25/07/2023 20:00,10.64449235
25/07/2023 21:00,10.58639378
25/07/2023 22:00,10.57470196
25/07/2023 23:00,10.43023529
26/07/2023 0:00,10.42868915
26/07/2023 1:00,10.40683053
26/07/2023 2:00,10.30104783
26/07/2023 3:00,10.490124
26/07/2023 4:00,3.706503022
26/07/2023 5:00,0
26/07/2023 6:00,0
26/07/2023 7:00,0
26/07/2023 8:00,0
26/07/2023 9:00,0
26/07/2023 10:00,0
26/07/2023 11:00,0
26/07/2023 12:00,0
26/07/2023 13:00,0
26/07/2023 14:00,0
26/07/2023 15:00,0
26/07/2023 16:00,0
26/07/2023 17:00,0
26/07/2023 18:00,5.599751079
26/07/2023 19:00,10.76959421
26/07/2023 20:00,10.56158838
26/07/2023 21:00,10.45930474
26/07/2023 22:00,10.54410856
26/07/2023 23:00,10.40786692
27/07/2023 0:00,10.39203537
27/07/2023 1:00,10.44143112
27/07/2023 2:00,10.58018996
27/07/2023 3:00,9.365436178
27/07/2023 4:00,0
27/07/2023 5:00,0
27/07/2023 6:00,0
27/07/2023 7:00,0
27/07/2023 8:00,0
27/07/2023 9:00,0
27/07/2023 10:00,0
27/07/2023 11:00,0
27/07/2023 12:00,0
27/07/2023 13:00,0
27/07/2023 14:00,0
27/07/2023 15:00,0
27/07/2023 16:00,0
27/07/2023 17:00,0
27/07/2023 18:00,7.726604744
27/07/2023 19:00,10.79126975
27/07/2023 20:00,10.8447423
27/07/2023 21:00,10.62709023
27/07/2023 22:00,10.6718989
27/07/2023 23:00,10.52718465
28/07/2023 0:00,10.46634855
28/07/2023 1:00,10.67148233
28/07/2023 2:00,10.4103874
28/07/2023 3:00,10.50080489
28/07/2023 4:00,0
28/07/2023 5:00,0
28/07/2023 6:00,0
28/07/2023 7:00,0
28/07/2023 8:00,0
28/07/2023 9:00,0
28/07/2023 10:00,0
28/07/2023 11:00,0
28/07/2023 12:00,0
28/07/2023 13:00,0
28/07/2023 14:00,0
28/07/2023 15:00,0
28/07/2023 16:00,0
28/07/2023 17:00,0
28/07/2023 18:00,3.666415736
28/07/2023 19:00,10.95053903
28/07/2023 20:00,10.87917681
28/07/2023 21:00,10.58359254
28/07/2023 22:00,10.47005091
28/07/2023 23:00,10.52472603
29/07/2023 0:00,10.42652701
29/07/2023 1:00,11.08214173
29/07/2023 2:00,10.71236277
29/07/2023 3:00,10.67372419
29/07/2023 4:00,1.228344004
29/07/2023 5:00,0
29/07/2023 6:00,0
29/07/2023 7:00,0
29/07/2023 8:00,0
29/07/2023 9:00,0
29/07/2023 10:00,0
29/07/2023 11:00,0
29/07/2023 12:00,0
29/07/2023 13:00,0
29/07/2023 14:00,0
29/07/2023 15:00,0
29/07/2023 16:00,0
29/07/2023 17:00,0
29/07/2023 18:00,6.723389039
29/07/2023 19:00,10.97494443
29/07/2023 20:00,10.97646075
29/07/2023 21:00,10.55718581
29/07/2023 22:00,10.55659844
29/07/2023 23:00,10.51980961
30/07/2023 0:00,10.31094162
30/07/2023 1:00,10.56411279
30/07/2023 2:00,10.24347917
30/07/2023 3:00,10.50056989
30/07/2023 4:00,5.667226698
30/07/2023 5:00,0
30/07/2023 6:00,0
30/07/2023 7:00,0
30/07/2023 8:00,0
30/07/2023 9:00,0
30/07/2023 10:00,0
30/07/2023 11:00,0
30/07/2023 12:00,0
30/07/2023 13:00,0
30/07/2023 14:00,0
30/07/2023 15:00,0
30/07/2023 16:00,0
30/07/2023 17:00,0
30/07/2023 18:00,5.142388182
30/07/2023 19:00,11.14675786
30/07/2023 20:00,10.70379236
30/07/2023 21:00,10.53716494
30/07/2023 22:00,10.82684787
30/07/2023 23:00,10.63026178
31/07/2023 0:00,10.58343549
31/07/2023 1:00,10.60550767
31/07/2023 2:00,10.45616726
31/07/2023 3:00,10.41274213
31/07/2023 4:00,0.871074361
31/07/2023 5:00,0
31/07/2023 6:00,0
31/07/2023 7:00,0
31/07/2023 8:00,0
31/07/2023 9:00,0
31/07/2023 10:00,0
31/07/2023 11:00,0
31/07/2023 12:00,0
31/07/2023 13:00,0
31/07/2023 14:00,0
31/07/2023 15:00,0
31/07/2023 16:00,0
31/07/2023 17:00,0
31/07/2023 18:00,6.041859914
31/07/2023 19:00,10.90264828
31/07/2023 20:00,10.61139053
31/07/2023 21:00,10.3876612
31/07/2023 22:00,10.356675
31/07/2023 23:00,10.30787685
01/08/2023 0:00,10.30473206
01/08/2023 1:00,10.16186468
01/08/2023 2:00,10.06638904
01/08/2023 3:00,10.16141978
01/08/2023 4:00,3.064985442
01/08/2023 5:00,0
01/08/2023 6:00,0
01/08/2023 7:00,0
01/08/2023 8:00,0
01/08/2023 9:00,0
01/08/2023 10:00,0
01/08/2023 11:00,0
01/08/2023 12:00,0
01/08/2023 13:00,0
01/08/2023 14:00,0
01/08/2023 15:00,0
01/08/2023 16:00,0
01/08/2023 17:00,0
01/08/2023 18:00,4.424804479
01/08/2023 19:00,10.74629037
01/08/2023 20:00,10.58871385
01/08/2023 21:00,10.45921115
01/08/2023 22:00,10.52039817
01/08/2023 23:00,10.57144258
02/08/2023 0:00,10.4463961
02/08/2023 1:00,10.36069938
02/08/2023 2:00,10.39587761
02/08/2023 3:00,10.4073177
02/08/2023 4:00,0.016301896
02/08/2023 5:00,0
02/08/2023 6:00,0
02/08/2023 7:00,0
02/08/2023 8:00,0
02/08/2023 9:00,0
02/08/2023 10:00,0
02/08/2023 11:00,0
02/08/2023 12:00,0
02/08/2023 13:00,0
02/08/2023 14:00,0
02/08/2023 15:00,0
02/08/2023 16:00,0
02/08/2023 17:00,0
02/08/2023 18:00,7.74645463
02/08/2023 19:00,10.65526628
02/08/2023 20:00,10.46490747
02/08/2023 21:00,10.61542392
02/08/2023 22:00,10.37841086
02/08/2023 23:00,10.32526836
03/08/2023 0:00,10.23911491
03/08/2023 1:00,10.22839936
03/08/2023 2:00,10.18346225
03/08/2023 3:00,10.36325272
03/08/2023 4:00,6.436406215
03/08/2023 5:00,0
03/08/2023 6:00,0
03/08/2023 7:00,0
03/08/2023 8:00,0
03/08/2023 9:00,0
03/08/2023 10:00,0
03/08/2023 11:00,0
03/08/2023 12:00,0
03/08/2023 13:00,0
03/08/2023 14:00,0
03/08/2023 15:00,0
03/08/2023 16:00,0
03/08/2023 17:00,0
03/08/2023 18:00,5.511753084
03/08/2023 19:00,10.77631034
03/08/2023 20:00,10.5188197
03/08/2023 21:00,10.50872877
03/08/2023 22:00,10.51833284
03/08/2023 23:00,10.26672251
04/08/2023 0:00,10.14275254
04/08/2023 1:00,10.13551297
04/08/2023 2:00,10.07903006
04/08/2023 3:00,10.39673916
04/08/2023 4:00,3.678416523
04/08/2023 5:00,0
04/08/2023 6:00,0
04/08/2023 7:00,0
04/08/2023 8:00,0
04/08/2023 9:00,0
04/08/2023 10:00,0
04/08/2023 11:00,0
04/08/2023 12:00,0
04/08/2023 13:00,0
04/08/2023 14:00,0
04/08/2023 15:00,0
04/08/2023 16:00,0
04/08/2023 17:00,0
04/08/2023 18:00,8.824523516
04/08/2023 19:00,10.62118423
04/08/2023 20:00,10.48357876
04/08/2023 21:00,10.32130412
04/08/2023 22:00,10.40197789
04/08/2023 23:00,10.32276761
05/08/2023 0:00,10.24171157
05/08/2023 1:00,10.24173031
05/08/2023 2:00,10.30324787
05/08/2023 3:00,10.28513487
05/08/2023 4:00,5.215734508
05/08/2023 5:00,0
05/08/2023 6:00,0
05/08/2023 7:00,0
05/08/2023 8:00,0
05/08/2023 9:00,0
05/08/2023 10:00,0
05/08/2023 11:00,0
05/08/2023 12:00,0
05/08/2023 13:00,0
05/08/2023 14:00,0
05/08/2023 15:00,0
05/08/2023 16:00,0
05/08/2023 17:00,0
05/08/2023 18:00,7.571612058
05/08/2023 19:00,10.79104233
05/08/2023 20:00,10.67683517
05/08/2023 21:00,10.57603475
05/08/2023 22:00,10.54749675
05/08/2023 23:00,10.50419114
06/08/2023 0:00,10.37084356
06/08/2023 1:00,10.39367973
06/08/2023 2:00,10.46661802
06/08/2023 3:00,10.46793275
06/08/2023 4:00,4.627171196
06/08/2023 5:00,0
06/08/2023 6:00,0
06/08/2023 7:00,0
06/08/2023 8:00,0
06/08/2023 9:00,0
06/08/2023 10:00,0
06/08/2023 11:00,0
06/08/2023 12:00,0
06/08/2023 13:00,0
06/08/2023 14:00,0
06/08/2023 15:00,0
06/08/2023 16:00,0
06/08/2023 17:00,1.169500284
06/08/2023 18:00,11.05339067
06/08/2023 19:00,10.59577377
06/08/2023 20:00,10.67923893
06/08/2023 21:00,10.5949545
06/08/2023 22:00,10.65551648
06/08/2023 23:00,10.53905167
07/08/2023 0:00,10.42793645
07/08/2023 1:00,10.34348485
07/08/2023 2:00,10.29105044
07/08/2023 3:00,10.4256153
07/08/2023 4:00,6.830076264
07/08/2023 5:00,0
07/08/2023 6:00,0
07/08/2023 7:00,0
07/08/2023 8:00,0
07/08/2023 9:00,0
07/08/2023 10:00,0
07/08/2023 11:00,0
07/08/2023 12:00,0
07/08/2023 13:00,0
07/08/2023 14:00,0
07/08/2023 15:00,0
07/08/2023 16:00,0
07/08/2023 17:00,1.424070704
07/08/2023 18:00,10.92821347
07/08/2023 19:00,10.60805686
07/08/2023 20:00,10.27210092
07/08/2023 21:00,10.41578919
07/08/2023 22:00,10.36944423
07/08/2023 23:00,10.36124361
08/08/2023 0:00,10.37450031
08/08/2023 1:00,10.25110524
08/08/2023 2:00,10.32052128
08/08/2023 3:00,10.41701343
08/08/2023 4:00,4.002110623
08/08/2023 5:00,0
08/08/2023 6:00,0
08/08/2023 7:00,0
08/08/2023 8:00,0
08/08/2023 9:00,0
08/08/2023 10:00,0
08/08/2023 11:00,0
08/08/2023 12:00,0
08/08/2023 13:00,0
08/08/2023 14:00,0
08/08/2023 15:00,0
08/08/2023 16:00,0
08/08/2023 17:00,0
08/08/2023 18:00,6.525418173
08/08/2023 19:00,10.61656747
08/08/2023 20:00,10.45032274
08/08/2023 21:00,10.44608084
08/08/2023 22:00,10.41877114
08/08/2023 23:00,10.51463247
09/08/2023 0:00,10.30755724
09/08/2023 1:00,10.37331755
09/08/2023 2:00,10.32766765
09/08/2023 3:00,10.28320454
09/08/2023 4:00,5.020980311
09/08/2023 5:00,0
09/08/2023 6:00,0
09/08/2023 7:00,0
09/08/2023 8:00,0
09/08/2023 9:00,0
09/08/2023 10:00,0
09/08/2023 11:00,0
09/08/2023 12:00,0
09/08/2023 13:00,0
09/08/2023 14:00,0
09/08/2023 15:00,4.335983938
09/08/2023 16:00,0
09/08/2023 17:00,2.935432901
09/08/2023 18:00,11.07725322
09/08/2023 19:00,10.64238875
09/08/2023 20:00,10.67991469
09/08/2023 21:00,10.56175437
09/08/2023 22:00,10.57380794
09/08/2023 23:00,10.36709482
10/08/2023 0:00,10.37697517
10/08/2023 1:00,10.41327158
10/08/2023 2:00,10.39601859
10/08/2023 3:00,10.4742745
10/08/2023 4:00,2.480146094
10/08/2023 5:00,0
10/08/2023 6:00,0
10/08/2023 7:00,0
10/08/2023 8:00,0
10/08/2023 9:00,0
10/08/2023 10:00,0
10/08/2023 11:00,0
10/08/2023 12:00,0
10/08/2023 13:00,0
10/08/2023 14:00,0
10/08/2023 15:00,0
10/08/2023 16:00,0
10/08/2023 17:00,0
10/08/2023 18:00,7.514785568
10/08/2023 19:00,10.66641705
10/08/2023 20:00,10.47323749
10/08/2023 21:00,10.41074191
10/08/2023 22:00,10.40735681
10/08/2023 23:00,10.34528252
11/08/2023 0:00,10.36663758
11/08/2023 1:00,10.33099148
11/08/2023 2:00,10.33801958
11/08/2023 3:00,10.45734855
11/08/2023 4:00,2.315667969
11/08/2023 5:00,0
11/08/2023 6:00,0
11/08/2023 7:00,0
11/08/2023 8:00,0
11/08/2023 9:00,0
11/08/2023 10:00,0
11/08/2023 11:00,0
11/08/2023 12:00,0
11/08/2023 13:00,0
11/08/2023 14:00,0
11/08/2023 15:00,0
11/08/2023 16:00,0
11/08/2023 17:00,0
11/08/2023 18:00,9.13336607
11/08/2023 19:00,10.7238647
11/08/2023 20:00,10.57324709
11/08/2023 21:00,10.37292695
11/08/2023 22:00,10.41337564
11/08/2023 23:00,10.60737787
12/08/2023 0:00,10.55631472
12/08/2023 1:00,10.45353624
12/08/2023 2:00,10.24321093
12/08/2023 3:00,10.52340088
12/08/2023 4:00,2.836277733
12/08/2023 5:00,0
12/08/2023 6:00,0
12/08/2023 7:00,0
12/08/2023 8:00,0
12/08/2023 9:00,0
12/08/2023 10:00,0
12/08/2023 11:00,0
12/08/2023 12:00,0
12/08/2023 13:00,0
12/08/2023 14:00,0
12/08/2023 15:00,0
12/08/2023 16:00,0
12/08/2023 17:00,0
12/08/2023 18:00,8.521341212
12/08/2023 19:00,10.79896227
12/08/2023 20:00,10.5731089
12/08/2023 21:00,10.40762244
12/08/2023 22:00,10.23486809
12/08/2023 23:00,10.22924466
13/08/2023 0:00,10.11090675
13/08/2023 1:00,10.2522957
13/08/2023 2:00,10.16744974
13/08/2023 3:00,10.2872415
13/08/2023 4:00,3.312991824
13/08/2023 5:00,0
13/08/2023 6:00,0
13/08/2023 7:00,0
13/08/2023 8:00,0
13/08/2023 9:00,0
13/08/2023 10:00,0
13/08/2023 11:00,0
13/08/2023 12:00,0
13/08/2023 13:00,0
13/08/2023 14:00,0
13/08/2023 15:00,0
13/08/2023 16:00,0
13/08/2023 17:00,0.631208146
13/08/2023 18:00,10.83842465
13/08/2023 19:00,10.45024934
13/08/2023 20:00,10.47735799
13/08/2023 21:00,10.37992904
13/08/2023 22:00,10.22667161
13/08/2023 23:00,10.20663704
14/08/2023 0:00,10.10921746
14/08/2023 1:00,10.09876234
14/08/2023 2:00,10.10883338
14/08/2023 3:00,10.29740629
14/08/2023 4:00,2.941136319
14/08/2023 5:00,0
14/08/2023 6:00,0
14/08/2023 7:00,0
14/08/2023 8:00,0
14/08/2023 9:00,0
14/08/2023 10:00,0
14/08/2023 11:00,0
14/08/2023 12:00,0
14/08/2023 13:00,0
14/08/2023 14:00,0
14/08/2023 15:00,0
14/08/2023 16:00,0
14/08/2023 17:00,0
14/08/2023 18:00,8.841312586
14/08/2023 19:00,10.55433459
14/08/2023 20:00,10.41036012
14/08/2023 21:00,10.35009963
14/08/2023 22:00,10.4204151
14/08/2023 23:00,10.38656948
15/08/2023 0:00,10.23399597
15/08/2023 1:00,10.2468569
15/08/2023 2:00,10.16920821
15/08/2023 3:00,10.38555601
15/08/2023 4:00,2.898516757
15/08/2023 5:00,0
15/08/2023 6:00,0
15/08/2023 7:00,0
15/08/2023 8:00,0
15/08/2023 9:00,0
15/08/2023 10:00,0
15/08/2023 11:00,0
15/08/2023 12:00,0
15/08/2023 13:00,0
15/08/2023 14:00,0
15/08/2023 15:00,0
15/08/2023 16:00,5.194198503
15/08/2023 17:00,10.79356731
15/08/2023 18:00,10.4569093
15/08/2023 19:00,10.39899832
15/08/2023 20:00,10.21439006
15/08/2023 21:00,10.31163479
15/08/2023 22:00,10.28555389
15/08/2023 23:00,10.21376465
16/08/2023 0:00,10.21191108
16/08/2023 1:00,10.09596326
16/08/2023 2:00,10.14731021
16/08/2023 3:00,10.22685757
16/08/2023 4:00,2.433360567
16/08/2023 5:00,0
16/08/2023 6:00,0
16/08/2023 7:00,0
16/08/2023 8:00,0
16/08/2023 9:00,0
16/08/2023 10:00,0
16/08/2023 11:00,0
16/08/2023 12:00,0
16/08/2023 13:00,0
16/08/2023 14:00,0
16/08/2023 15:00,0
16/08/2023 16:00,0
16/08/2023 17:00,0
16/08/2023 18:00,10.1264422
16/08/2023 19:00,10.56823249
16/08/2023 20:00,10.33456354
16/08/2023 21:00,10.41195786
16/08/2023 22:00,10.44484692
16/08/2023 23:00,10.4092642
17/08/2023 0:00,10.31912213
17/08/2023 1:00,10.32324437
17/08/2023 2:00,10.35053644
17/08/2023 3:00,10.31701638
17/08/2023 4:00,3.684534103
17/08/2023 5:00,0
17/08/2023 6:00,0
17/08/2023 7:00,0
17/08/2023 8:00,0
17/08/2023 9:00,0
17/08/2023 10:00,0
17/08/2023 11:00,0
17/08/2023 12:00,0
17/08/2023 13:00,0
17/08/2023 14:00,0
17/08/2023 15:00,0
17/08/2023 16:00,0
17/08/2023 17:00,2.513406047
17/08/2023 18:00,10.95438135
17/08/2023 19:00,10.62267129
17/08/2023 20:00,10.55302635
17/08/2023 21:00,10.45288884
17/08/2023 22:00,10.61248996
17/08/2023 23:00,10.24359052
18/08/2023 0:00,10.15297855
18/08/2023 1:00,10.13927728
18/08/2023 2:00,10.30598384
18/08/2023 3:00,10.51994702
18/08/2023 4:00,1.936695296
18/08/2023 5:00,0
18/08/2023 6:00,0
18/08/2023 7:00,0
18/08/2023 8:00,0
18/08/2023 9:00,0
18/08/2023 10:00,0
18/08/2023 11:00,0
18/08/2023 12:00,0
18/08/2023 13:00,0
18/08/2023 14:00,0
18/08/2023 15:00,0
18/08/2023 16:00,0
18/08/2023 17:00,0
18/08/2023 18:00,8.34546528
18/08/2023 19:00,10.6707509
18/08/2023 20:00,10.70767186
18/08/2023 21:00,10.64675088
18/08/2023 22:00,10.40608452
18/08/2023 23:00,10.39210876
19/08/2023 0:00,10.2810723
19/08/2023 1:00,10.33038578
19/08/2023 2:00,10.2356913
19/08/2023 3:00,10.28327852
19/08/2023 4:00,4.184682811
19/08/2023 5:00,0
19/08/2023 6:00,0
19/08/2023 7:00,0
19/08/2023 8:00,0
19/08/2023 9:00,0
19/08/2023 10:00,0
19/08/2023 11:00,0
19/08/2023 12:00,0
19/08/2023 13:00,0
19/08/2023 14:00,0
19/08/2023 15:00,0
19/08/2023 16:00,0
19/08/2023 17:00,0
19/08/2023 18:00,11.01375442
19/08/2023 19:00,10.57447047
19/08/2023 20:00,10.38969394
19/08/2023 21:00,10.41672518
19/08/2023 22:00,10.33351146
19/08/2023 23:00,10.17611786
20/08/2023 0:00,10.34540555
20/08/2023 1:00,10.37612657
20/08/2023 2:00,10.27236945
20/08/2023 3:00,10.11260269
20/08/2023 4:00,3.828180944
20/08/2023 5:00,0
20/08/2023 6:00,0
20/08/2023 7:00,0
20/08/2023 8:00,0
20/08/2023 9:00,0
20/08/2023 10:00,0
20/08/2023 11:00,0
20/08/2023 12:00,0
20/08/2023 13:00,0
20/08/2023 14:00,0
20/08/2023 15:00,0
20/08/2023 16:00,0
20/08/2023 17:00,0.000802361
20/08/2023 18:00,10.52909447
20/08/2023 19:00,10.60709427
20/08/2023 20:00,10.41853979
20/08/2023 21:00,10.50512235
20/08/2023 22:00,10.52104265
20/08/2023 23:00,10.37349228
21/08/2023 0:00,10.22712431
21/08/2023 1:00,10.25966383
21/08/2023 2:00,10.23279592
21/08/2023 3:00,10.31097539
21/08/2023 4:00,4.164142378
21/08/2023 5:00,0
21/08/2023 6:00,0
21/08/2023 7:00,0
21/08/2023 8:00,0
21/08/2023 9:00,0
21/08/2023 10:00,0
21/08/2023 11:00,0
21/08/2023 12:00,0
21/08/2023 13:00,0
21/08/2023 14:00,0
21/08/2023 15:00,0
21/08/2023 16:00,0
21/08/2023 17:00,0.088679947
21/08/2023 18:00,11.02222612
21/08/2023 19:00,10.50108628
21/08/2023 20:00,10.35040832
21/08/2023 21:00,10.38392327
21/08/2023 22:00,10.42989204
21/08/2023 23:00,10.53965679
22/08/2023 0:00,10.36341565
22/08/2023 1:00,10.38979012
22/08/2023 2:00,10.3782406
22/08/2023 3:00,10.4072084
22/08/2023 4:00,4.749095314
22/08/2023 5:00,0
22/08/2023 6:00,0
22/08/2023 7:00,0
22/08/2023 8:00,0
22/08/2023 9:00,0
22/08/2023 10:00,0
22/08/2023 11:00,0
22/08/2023 12:00,0
22/08/2023 13:00,0
22/08/2023 14:00,0
22/08/2023 15:00,0
22/08/2023 16:00,0
22/08/2023 17:00,0.312739101
22/08/2023 18:00,11.11987899
22/08/2023 19:00,10.71686537
22/08/2023 20:00,10.425007
22/08/2023 21:00,10.28940613
22/08/2023 22:00,10.33181039
22/08/2023 23:00,10.31843853
23/08/2023 0:00,10.27319603
23/08/2023 1:00,10.23446348
23/08/2023 2:00,10.27492737
23/08/2023 3:00,10.46357796
23/08/2023 4:00,4.925031542
23/08/2023 5:00,0
23/08/2023 6:00,0
23/08/2023 7:00,0
23/08/2023 8:00,0
23/08/2023 9:00,0
23/08/2023 10:00,0
23/08/2023 11:00,0
23/08/2023 12:00,0
23/08/2023 13:00,0
23/08/2023 14:00,0
23/08/2023 15:00,0
23/08/2023 16:00,0
23/08/2023 17:00,0.558313519
23/08/2023 18:00,10.98164953
23/08/2023 19:00,10.50828655
23/08/2023 20:00,10.40880651
23/08/2023 21:00,10.36331397
23/08/2023 22:00,10.46845996
23/08/2023 23:00,10.42866983
24/08/2023 0:00,10.40451733
24/08/2023 1:00,10.38725568
24/08/2023 2:00,10.23459626
24/08/2023 3:00,10.30003312
24/08/2023 4:00,3.816962107
24/08/2023 5:00,0
24/08/2023 6:00,0
24/08/2023 7:00,0
24/08/2023 8:00,0
24/08/2023 9:00,0
24/08/2023 10:00,0
24/08/2023 11:00,0
24/08/2023 12:00,0
24/08/2023 13:00,0
24/08/2023 14:00,0
24/08/2023 15:00,0
24/08/2023 16:00,0
24/08/2023 17:00,2.085525607
24/08/2023 18:00,10.90799804
24/08/2023 19:00,10.58655631
24/08/2023 20:00,10.37229378
24/08/2023 21:00,10.46492916
24/08/2023 22:00,10.51624682
24/08/2023 23:00,10.34450062
25/08/2023 0:00,10.21628826
25/08/2023 1:00,10.26111964
25/08/2023 2:00,10.21737583
25/08/2023 3:00,10.33877472
25/08/2023 4:00,5.035708861
25/08/2023 5:00,0
25/08/2023 6:00,0
25/08/2023 7:00,0
25/08/2023 8:00,0
25/08/2023 9:00,0
25/08/2023 10:00,0
25/08/2023 11:00,0
25/08/2023 12:00,0
25/08/2023 13:00,0
25/08/2023 14:00,0
25/08/2023 15:00,0
25/08/2023 16:00,2.969170293
25/08/2023 17:00,0
25/08/2023 18:00,10.44374202
25/08/2023 19:00,10.5461383
25/08/2023 20:00,10.61952361
25/08/2023 21:00,10.44271647
25/08/2023 22:00,10.4306765
25/08/2023 23:00,10.31703589
26/08/2023 0:00,10.40252239
26/08/2023 1:00,10.43671483
26/08/2023 2:00,10.42268216
26/08/2023 3:00,10.47243748
26/08/2023 4:00,10.5457517
26/08/2023 5:00,2.631681858
26/08/2023 6:00,2.769690722
26/08/2023 7:00,0
26/08/2023 8:00,0
26/08/2023 9:00,0
26/08/2023 10:00,0
26/08/2023 11:00,0
26/08/2023 12:00,0
26/08/2023 13:00,0
26/08/2023 14:00,0
26/08/2023 15:00,3.453364944
26/08/2023 16:00,11.28942411
26/08/2023 17:00,10.91866289
26/08/2023 18:00,10.57748324
26/08/2023 19:00,10.53563562
26/08/2023 20:00,10.40639784
26/08/2023 21:00,10.3953077
26/08/2023 22:00,10.29694997
26/08/2023 23:00,10.2405491
27/08/2023 0:00,10.24205373
27/08/2023 1:00,10.2179855
27/08/2023 2:00,10.15301385
27/08/2023 3:00,10.21122589
27/08/2023 4:00,10.26536995
27/08/2023 5:00,4.823203969
27/08/2023 6:00,0
27/08/2023 7:00,0
27/08/2023 8:00,0
27/08/2023 9:00,0
27/08/2023 10:00,0
27/08/2023 11:00,0
27/08/2023 12:00,0
27/08/2023 13:00,0
27/08/2023 14:00,0
27/08/2023 15:00,0
27/08/2023 16:00,0
27/08/2023 17:00,7.640277535
27/08/2023 18:00,10.86990804
27/08/2023 19:00,10.64912842
27/08/2023 20:00,10.51383084
27/08/2023 21:00,10.45374524
27/08/2023 22:00,10.34548287
27/08/2023 23:00,10.43414737
28/08/2023 0:00,10.4144429
28/08/2023 1:00,10.38505209
28/08/2023 2:00,10.32714798
28/08/2023 3:00,10.43935898
28/08/2023 4:00,10.50350706
28/08/2023 5:00,3.972489302
28/08/2023 6:00,0.73302425
28/08/2023 7:00,0
28/08/2023 8:00,0
28/08/2023 9:00,0
28/08/2023 10:00,0
28/08/2023 11:00,0
28/08/2023 12:00,0
28/08/2023 13:00,0
28/08/2023 14:00,0
28/08/2023 15:00,0
28/08/2023 16:00,3.344988051
28/08/2023 17:00,10.91942417
28/08/2023 18:00,10.55147028
28/08/2023 19:00,10.51572227
28/08/2023 20:00,10.47050192
28/08/2023 21:00,10.40460694
28/08/2023 22:00,10.30035641
28/08/2023 23:00,10.20809247
29/08/2023 0:00,10.25666889
29/08/2023 1:00,10.18312746
29/08/2023 2:00,10.27689765
29/08/2023 3:00,10.40680075
29/08/2023 4:00,10.44786824
29/08/2023 5:00,3.692628795
29/08/2023 6:00,0
29/08/2023 7:00,0
29/08/2023 8:00,0
29/08/2023 9:00,0
29/08/2023 10:00,0
29/08/2023 11:00,0
29/08/2023 12:00,0
29/08/2023 13:00,0
29/08/2023 14:00,0
29/08/2023 15:00,0
29/08/2023 16:00,0
29/08/2023 17:00,8.207359853
29/08/2023 18:00,10.74702087
29/08/2023 19:00,10.55616511
29/08/2023 20:00,10.42428839
29/08/2023 21:00,10.43175599
29/08/2023 22:00,10.44031156
29/08/2023 23:00,10.35338874
30/08/2023 0:00,10.32421504
30/08/2023 1:00,10.28685321
30/08/2023 2:00,10.25204629
30/08/2023 3:00,10.31962568
30/08/2023 4:00,8.49618607
30/08/2023 5:00,0
30/08/2023 6:00,0
30/08/2023 7:00,0
30/08/2023 8:00,0
30/08/2023 9:00,0
30/08/2023 10:00,0
30/08/2023 11:00,0
30/08/2023 12:00,0
30/08/2023 13:00,0
30/08/2023 14:00,0
30/08/2023 15:00,0
30/08/2023 16:00,0
30/08/2023 17:00,5.077189846
30/08/2023 18:00,10.77224519
30/08/2023 19:00,10.58033137
30/08/2023 20:00,10.5302121
30/08/2023 21:00,10.35122517
30/08/2023 22:00,10.24986204
30/08/2023 23:00,10.21397306
31/08/2023 0:00,10.19712979
31/08/2023 1:00,10.09505967
31/08/2023 2:00,10.07511452
31/08/2023 3:00,10.20165898
31/08/2023 4:00,10.28482517
31/08/2023 5:00,0.62257251
31/08/2023 6:00,0
31/08/2023 7:00,0
31/08/2023 8:00,0
31/08/2023 9:00,0
31/08/2023 10:00,0
31/08/2023 11:00,0
31/08/2023 12:00,0
31/08/2023 13:00,0
31/08/2023 14:00,0
31/08/2023 15:00,0
31/08/2023 16:00,0
31/08/2023 17:00,3.391395126
31/08/2023 18:00,10.97495304
31/08/2023 19:00,10.67417975
31/08/2023 20:00,10.51037282
31/08/2023 21:00,10.54918487
31/08/2023 22:00,10.51529115
31/08/2023 23:00,10.45562675
01/09/2023 0:00,10.33507966
01/09/2023 1:00,10.3484731
01/09/2023 2:00,10.30776609
01/09/2023 3:00,10.47561002
01/09/2023 4:00,10.28048442
01/09/2023 5:00,0
01/09/2023 6:00,0
01/09/2023 7:00,0
01/09/2023 8:00,0
01/09/2023 9:00,0
01/09/2023 10:00,0
01/09/2023 11:00,0
01/09/2023 12:00,0
01/09/2023 13:00,0
01/09/2023 14:00,0
01/09/2023 15:00,0
01/09/2023 16:00,0
01/09/2023 17:00,3.149787623
01/09/2023 18:00,10.63156503
01/09/2023 19:00,10.58498393
01/09/2023 20:00,10.33790316
01/09/2023 21:00,10.36718829
01/09/2023 22:00,10.38791863
01/09/2023 23:00,10.30041752
02/09/2023 0:00,10.20320333
02/09/2023 1:00,10.19728926
02/09/2023 2:00,10.18880603
02/09/2023 3:00,10.34818327
02/09/2023 4:00,8.43964561
02/09/2023 5:00,0
02/09/2023 6:00,0
02/09/2023 7:00,0
02/09/2023 8:00,0
02/09/2023 9:00,0
02/09/2023 10:00,0
02/09/2023 11:00,0
02/09/2023 12:00,0
02/09/2023 13:00,0
02/09/2023 14:00,0
02/09/2023 15:00,0
02/09/2023 16:00,0
02/09/2023 17:00,5.842646716
02/09/2023 18:00,10.8088296
02/09/2023 19:00,10.68397788
02/09/2023 20:00,10.56564461
02/09/2023 21:00,10.40980096
02/09/2023 22:00,10.32357493
02/09/2023 23:00,10.21974834
03/09/2023 0:00,10.36594788
03/09/2023 1:00,10.29977255
03/09/2023 2:00,10.08318077
03/09/2023 3:00,10.34640114
03/09/2023 4:00,8.801513051
03/09/2023 5:00,0.007405981
03/09/2023 6:00,0
03/09/2023 7:00,0
03/09/2023 8:00,0
03/09/2023 9:00,0
03/09/2023 10:00,0
03/09/2023 11:00,0
03/09/2023 12:00,0
03/09/2023 13:00,0
03/09/2023 14:00,0
03/09/2023 15:00,0
03/09/2023 16:00,0
03/09/2023 17:00,5.713601715
03/09/2023 18:00,10.66802489
03/09/2023 19:00,10.46771911
03/09/2023 20:00,10.40722201
03/09/2023 21:00,10.40149798
03/09/2023 22:00,10.36771784
03/09/2023 23:00,10.25811527
04/09/2023 0:00,10.39945268
04/09/2023 1:00,10.31735579
04/09/2023 2:00,10.24701209
04/09/2023 3:00,10.35677147
04/09/2023 4:00,6.818305401
04/09/2023 5:00,0
04/09/2023 6:00,0
04/09/2023 7:00,0
04/09/2023 8:00,0
04/09/2023 9:00,0
04/09/2023 10:00,0
04/09/2023 11:00,0
04/09/2023 12:00,0
04/09/2023 13:00,0
04/09/2023 14:00,0
04/09/2023 15:00,0
04/09/2023 16:00,0
04/09/2023 17:00,4.901027799
04/09/2023 18:00,10.68057263
04/09/2023 19:00,10.55252078
04/09/2023 20:00,10.46533574
04/09/2023 21:00,10.29468805
04/09/2023 22:00,10.33068047
04/09/2023 23:00,10.29589864
05/09/2023 0:00,10.27072899
05/09/2023 1:00,10.24388946
05/09/2023 2:00,10.27902618
05/09/2023 3:00,10.25867008
05/09/2023 4:00,7.896288496
05/09/2023 5:00,0
05/09/2023 6:00,0
05/09/2023 7:00,0
05/09/2023 8:00,0
05/09/2023 9:00,0
05/09/2023 10:00,0
05/09/2023 11:00,0
05/09/2023 12:00,0
05/09/2023 13:00,0
05/09/2023 14:00,0
05/09/2023 15:00,0
05/09/2023 16:00,0
05/09/2023 17:00,5.46611146
05/09/2023 18:00,10.74472998
05/09/2023 19:00,10.69131986
05/09/2023 20:00,10.54400905
05/09/2023 21:00,10.4403527
05/09/2023 22:00,10.52054876
05/09/2023 23:00,10.4375269
06/09/2023 0:00,10.27107232
06/09/2023 1:00,10.30103874
06/09/2023 2:00,10.27422031
06/09/2023 3:00,10.29250956
06/09/2023 4:00,7.749116711
06/09/2023 5:00,0
06/09/2023 6:00,0
06/09/2023 7:00,0
06/09/2023 8:00,0
06/09/2023 9:00,0
06/09/2023 10:00,0
06/09/2023 11:00,0
06/09/2023 12:00,0
06/09/2023 13:00,0
06/09/2023 14:00,0
06/09/2023 15:00,0
06/09/2023 16:00,0
06/09/2023 17:00,5.449391328
06/09/2023 18:00,10.7630552
06/09/2023 19:00,10.59083456
06/09/2023 20:00,10.47714537
06/09/2023 21:00,10.34755204
06/09/2023 22:00,10.27819318
06/09/2023 23:00,10.14304402
07/09/2023 0:00,10.11120981
07/09/2023 1:00,10.08666701
07/09/2023 2:00,10.07582159
07/09/2023 3:00,10.28846259
07/09/2023 4:00,8.297081499
07/09/2023 5:00,0
07/09/2023 6:00,0
07/09/2023 7:00,0
07/09/2023 8:00,0
07/09/2023 9:00,0
07/09/2023 10:00,0
07/09/2023 11:00,0
07/09/2023 12:00,0
07/09/2023 13:00,0
07/09/2023 14:00,0
07/09/2023 15:00,0
07/09/2023 16:00,0
07/09/2023 17:00,5.8808202
07/09/2023 18:00,10.76838955
07/09/2023 19:00,10.57228332
07/09/2023 20:00,10.45865428
07/09/2023 21:00,10.47843068
07/09/2023 22:00,10.43417328
07/09/2023 23:00,10.32963092
08/09/2023 0:00,10.22158754
08/09/2023 1:00,10.24364337
08/09/2023 2:00,10.32973022
08/09/2023 3:00,10.55857262
08/09/2023 4:00,8.657831961
08/09/2023 5:00,0
08/09/2023 6:00,0
08/09/2023 7:00,0
08/09/2023 8:00,0
08/09/2023 9:00,0
08/09/2023 10:00,0
08/09/2023 11:00,0
08/09/2023 12:00,0
08/09/2023 13:00,0
08/09/2023 14:00,0
08/09/2023 15:00,0
08/09/2023 16:00,0
08/09/2023 17:00,6.260947175
08/09/2023 18:00,10.59832906
08/09/2023 19:00,10.47068027
08/09/2023 20:00,10.49700047
08/09/2023 21:00,10.23132975
08/09/2023 22:00,10.1707543
08/09/2023 23:00,10.13418334
09/09/2023 0:00,10.17066965
09/09/2023 1:00,10.28667495
09/09/2023 2:00,10.25604101
09/09/2023 3:00,10.45946813
09/09/2023 4:00,8.645794958
09/09/2023 5:00,0
09/09/2023 6:00,0
09/09/2023 7:00,0
09/09/2023 8:00,0
09/09/2023 9:00,0
09/09/2023 10:00,0
09/09/2023 11:00,0
09/09/2023 12:00,0
09/09/2023 13:00,0
09/09/2023 14:00,0
09/09/2023 15:00,0
09/09/2023 16:00,0
09/09/2023 17:00,6.040919052
09/09/2023 18:00,10.73606872
09/09/2023 19:00,10.44740247
09/09/2023 20:00,10.4524058
09/09/2023 21:00,10.41679895
09/09/2023 22:00,10.40869536
09/09/2023 23:00,10.17547615
10/09/2023 0:00,10.09712023
10/09/2023 1:00,10.09429494
10/09/2023 2:00,10.14555094
10/09/2023 3:00,10.30527068
10/09/2023 4:00,8.934334752
10/09/2023 5:00,0
10/09/2023 6:00,0
10/09/2023 7:00,0
10/09/2023 8:00,0
10/09/2023 9:00,0
10/09/2023 10:00,0
10/09/2023 11:00,0
10/09/2023 12:00,0
10/09/2023 13:00,0
10/09/2023 14:00,0
10/09/2023 15:00,0
10/09/2023 16:00,0
10/09/2023 17:00,6.884385863
10/09/2023 18:00,10.74953179
10/09/2023 19:00,10.58167767
10/09/2023 20:00,10.32178852
10/09/2023 21:00,10.32367104
10/09/2023 22:00,10.24179005
10/09/2023 23:00,10.23285651
11/09/2023 0:00,10.16683382
11/09/2023 1:00,10.13449026
11/09/2023 2:00,10.0686409
11/09/2023 3:00,10.47280421
11/09/2023 4:00,9.490326306
11/09/2023 5:00,0
11/09/2023 6:00,0
11/09/2023 7:00,0
11/09/2023 8:00,0
11/09/2023 9:00,0
11/09/2023 10:00,0
11/09/2023 11:00,0
11/09/2023 12:00,0
11/09/2023 13:00,0
11/09/2023 14:00,0
11/09/2023 15:00,0
11/09/2023 16:00,0
11/09/2023 17:00,8.455192507
11/09/2023 18:00,10.82458299
11/09/2023 19:00,10.57352814
11/09/2023 20:00,10.53743729
11/09/2023 21:00,10.42451834
11/09/2023 22:00,10.41352225
11/09/2023 23:00,10.32592773
12/09/2023 0:00,10.23464801
12/09/2023 1:00,10.19687565
12/09/2023 2:00,10.19950382
12/09/2023 3:00,10.45737569
12/09/2023 4:00,9.012220206
12/09/2023 5:00,0
12/09/2023 6:00,0
12/09/2023 7:00,0
12/09/2023 8:00,0
12/09/2023 9:00,0
12/09/2023 10:00,0
12/09/2023 11:00,0
12/09/2023 12:00,0
12/09/2023 13:00,0
12/09/2023 14:00,0
12/09/2023 15:00,0
12/09/2023 16:00,0
12/09/2023 17:00,9.474194749
12/09/2023 18:00,10.75303579
12/09/2023 19:00,10.55421283
12/09/2023 20:00,10.39335194
12/09/2023 21:00,10.54775199
12/09/2023 22:00,10.52039935
12/09/2023 23:00,10.38327375
13/09/2023 0:00,10.34299349
13/09/2023 1:00,10.487279
13/09/2023 2:00,10.42422466
13/09/2023 3:00,10.41898344
13/09/2023 4:00,10.41825487
13/09/2023 5:00,0
13/09/2023 6:00,0
13/09/2023 7:00,0
13/09/2023 8:00,0
13/09/2023 9:00,0
13/09/2023 10:00,0
13/09/2023 11:00,0
13/09/2023 12:00,0
13/09/2023 13:00,0
13/09/2023 14:00,0
13/09/2023 15:00,0
13/09/2023 16:00,8.976696405
13/09/2023 17:00,10.73777961
13/09/2023 18:00,10.55381512
13/09/2023 19:00,10.50023061
13/09/2023 20:00,10.54654351
13/09/2023 21:00,10.3672388
13/09/2023 22:00,10.38824231
13/09/2023 23:00,10.3442911
14/09/2023 0:00,10.3449116
14/09/2023 1:00,10.23797564
14/09/2023 2:00,10.24280455
14/09/2023 3:00,10.3932311
14/09/2023 4:00,10.32810439
14/09/2023 5:00,3.454023922
14/09/2023 6:00,0
14/09/2023 7:00,0
14/09/2023 8:00,0
14/09/2023 9:00,0
14/09/2023 10:00,0
14/09/2023 11:00,0
14/09/2023 12:00,0
14/09/2023 13:00,0
14/09/2023 14:00,0
14/09/2023 15:00,0
14/09/2023 16:00,0
14/09/2023 17:00,8.430298587
14/09/2023 18:00,10.73200139
14/09/2023 19:00,10.65741066
14/09/2023 20:00,10.56514509
14/09/2023 21:00,10.41314771
14/09/2023 22:00,10.69053717
14/09/2023 23:00,10.55712601
15/09/2023 0:00,10.49614448
15/09/2023 1:00,10.42165784
15/09/2023 2:00,10.31054259
15/09/2023 3:00,10.33789602
15/09/2023 4:00,10.04756713
15/09/2023 5:00,0
15/09/2023 6:00,0
15/09/2023 7:00,0
15/09/2023 8:00,0
15/09/2023 9:00,0
15/09/2023 10:00,0
15/09/2023 11:00,0
15/09/2023 12:00,0
15/09/2023 13:00,0
15/09/2023 14:00,0
15/09/2023 15:00,0
15/09/2023 16:00,0
15/09/2023 17:00,8.915684244
15/09/2023 18:00,10.78860107
15/09/2023 19:00,10.71302813
15/09/2023 20:00,10.63603055
15/09/2023 21:00,10.51126068
15/09/2023 22:00,10.4532138
15/09/2023 23:00,10.3766716
16/09/2023 0:00,10.29898763
16/09/2023 1:00,10.32453482
16/09/2023 2:00,10.33727265
16/09/2023 3:00,10.35820582
16/09/2023 4:00,10.44045784
16/09/2023 5:00,0.515058192
16/09/2023 6:00,0
16/09/2023 7:00,0
16/09/2023 8:00,0
16/09/2023 9:00,0
16/09/2023 10:00,0
16/09/2023 11:00,0
16/09/2023 12:00,0
16/09/2023 13:00,0
16/09/2023 14:00,0
16/09/2023 15:00,0
16/09/2023 16:00,0
16/09/2023 17:00,9.832805209
16/09/2023 18:00,10.80106672
16/09/2023 19:00,10.66329181
16/09/2023 20:00,10.47377615
16/09/2023 21:00,10.46030784
16/09/2023 22:00,10.57821972
16/09/2023 23:00,10.50553463
17/09/2023 0:00,10.44977412
17/09/2023 1:00,10.44711299
17/09/2023 2:00,10.438548
17/09/2023 3:00,10.44381226
17/09/2023 4:00,10.3217539
17/09/2023 5:00,0.174337556
17/09/2023 6:00,0
17/09/2023 7:00,0
17/09/2023 8:00,0
17/09/2023 9:00,0
17/09/2023 10:00,0
17/09/2023 11:00,0
17/09/2023 12:00,0
17/09/2023 13:00,0
17/09/2023 14:00,0
17/09/2023 15:00,0
17/09/2023 16:00,0
17/09/2023 17:00,9.911369781
17/09/2023 18:00,10.72951282
17/09/2023 19:00,10.45240809
17/09/2023 20:00,10.60151942
17/09/2023 21:00,10.58219369
17/09/2023 22:00,10.56276093
17/09/2023 23:00,10.46530394
18/09/2023 0:00,10.41648316
18/09/2023 1:00,10.47581281
18/09/2023 2:00,10.32001555
18/09/2023 3:00,10.35369472
18/09/2023 4:00,10.4497001
18/09/2023 5:00,0.242455842
18/09/2023 6:00,0
18/09/2023 7:00,0
18/09/2023 8:00,0
18/09/2023 9:00,0
18/09/2023 10:00,0
18/09/2023 11:00,0
18/09/2023 12:00,0
18/09/2023 13:00,0
18/09/2023 14:00,0
18/09/2023 15:00,0
18/09/2023 16:00,5.839778792
18/09/2023 17:00,10.91895771
18/09/2023 18:00,10.69439012
18/09/2023 19:00,10.52555934
18/09/2023 20:00,10.49588743
18/09/2023 21:00,10.38795819
18/09/2023 22:00,10.55715688
18/09/2023 23:00,10.36565666
19/09/2023 0:00,10.35502849
19/09/2023 1:00,10.46750846
19/09/2023 2:00,10.36135754
19/09/2023 3:00,10.40388018
19/09/2023 4:00,10.34966816
19/09/2023 5:00,4.863411072
19/09/2023 6:00,0
19/09/2023 7:00,0
19/09/2023 8:00,0
19/09/2023 9:00,0
19/09/2023 10:00,0
19/09/2023 11:00,0
19/09/2023 12:00,0
19/09/2023 13:00,0
19/09/2023 14:00,0
19/09/2023 15:00,0
19/09/2023 16:00,0
19/09/2023 17:00,9.925221677
19/09/2023 18:00,10.80968911
19/09/2023 19:00,10.46922007
19/09/2023 20:00,10.54022855
19/09/2023 21:00,10.43349382
19/09/2023 22:00,10.44282703
19/09/2023 23:00,10.41068264
20/09/2023 0:00,10.37541521
20/09/2023 1:00,10.33148704
20/09/2023 2:00,10.27464543
20/09/2023 3:00,10.36215003
20/09/2023 4:00,10.34156311
20/09/2023 5:00,2.263528419
20/09/2023 6:00,0
20/09/2023 7:00,0
20/09/2023 8:00,0
20/09/2023 9:00,0
20/09/2023 10:00,0
20/09/2023 11:00,0
20/09/2023 12:00,0
20/09/2023 13:00,0
20/09/2023 14:00,0
20/09/2023 15:00,0
20/09/2023 16:00,0
20/09/2023 17:00,10.4476239
20/09/2023 18:00,10.73546632
20/09/2023 19:00,10.56687662
20/09/2023 20:00,10.60917703
20/09/2023 21:00,10.46382599
20/09/2023 22:00,10.54925831
20/09/2023 23:00,10.49294684
21/09/2023 0:00,10.36481147
21/09/2023 1:00,10.30985726
21/09/2023 2:00,10.31345171
21/09/2023 3:00,10.31699752
21/09/2023 4:00,10.24952105
21/09/2023 5:00,1.902957053
21/09/2023 6:00,0
21/09/2023 7:00,0
21/09/2023 8:00,0
21/09/2023 9:00,0
21/09/2023 10:00,0
21/09/2023 11:00,0
21/09/2023 12:00,0
21/09/2023 13:00,0
21/09/2023 14:00,0
21/09/2023 15:00,0
21/09/2023 16:00,1.296616513
21/09/2023 17:00,10.99172645
21/09/2023 18:00,10.60682396
21/09/2023 19:00,10.44646079
21/09/2023 20:00,10.36030005
21/09/2023 21:00,10.39983837
21/09/2023 22:00,10.43682267
21/09/2023 23:00,10.15633562
22/09/2023 0:00,10.48970425
22/09/2023 1:00,10.28999866
22/09/2023 2:00,10.21542063
22/09/2023 3:00,10.44096602
22/09/2023 4:00,10.38479956
22/09/2023 5:00,7.540672567
22/09/2023 6:00,0
22/09/2023 7:00,0
22/09/2023 8:00,0
22/09/2023 9:00,0
22/09/2023 10:00,0
22/09/2023 11:00,0
22/09/2023 12:00,0
22/09/2023 13:00,0
22/09/2023 14:00,0
22/09/2023 15:00,0.948814519
22/09/2023 16:00,7.210562129
22/09/2023 17:00,10.86055588
22/09/2023 18:00,10.84092996
22/09/2023 19:00,10.56429675
22/09/2023 20:00,10.68528172
22/09/2023 21:00,10.57108598
22/09/2023 22:00,10.51028734
22/09/2023 23:00,10.28240097
23/09/2023 0:00,10.35746012
23/09/2023 1:00,10.50785333
23/09/2023 2:00,10.35056235
23/09/2023 3:00,10.40905782
23/09/2023 4:00,10.42519616
23/09/2023 5:00,6.454872136
23/09/2023 6:00,0
23/09/2023 7:00,0
23/09/2023 8:00,0
23/09/2023 9:00,0
23/09/2023 10:00,0
23/09/2023 11:00,0
23/09/2023 12:00,0
23/09/2023 13:00,0
23/09/2023 14:00,0
23/09/2023 15:00,0
23/09/2023 16:00,0
23/09/2023 17:00,11.30255715
23/09/2023 18:00,10.72828605
23/09/2023 19:00,10.4774959
23/09/2023 20:00,10.31841236
23/09/2023 21:00,10.39187882
23/09/2023 22:00,10.36356298
23/09/2023 23:00,10.39477037
24/09/2023 0:00,10.38993296
24/09/2023 1:00,10.24926217
24/09/2023 2:00,10.11618654
24/09/2023 3:00,10.1949632
24/09/2023 4:00,10.30201677
24/09/2023 5:00,3.434993887
24/09/2023 6:00,0
24/09/2023 7:00,0
24/09/2023 8:00,0
24/09/2023 9:00,0
24/09/2023 10:00,0
24/09/2023 11:00,0
24/09/2023 12:00,0
24/09/2023 13:00,0
24/09/2023 14:00,0
24/09/2023 15:00,0
24/09/2023 16:00,1.003941045
24/09/2023 17:00,10.87020602
24/09/2023 18:00,10.67075558
24/09/2023 19:00,10.32623133
24/09/2023 20:00,10.50663717
24/09/2023 21:00,10.40711818
24/09/2023 22:00,10.40589111
24/09/2023 23:00,10.36480058
25/09/2023 0:00,10.23958305
25/09/2023 1:00,10.13423863
25/09/2023 2:00,10.13424682
25/09/2023 3:00,10.35938098
25/09/2023 4:00,10.43355243
25/09/2023 5:00,2.842575894
25/09/2023 6:00,0
25/09/2023 7:00,0
25/09/2023 8:00,0
25/09/2023 9:00,0
25/09/2023 10:00,0
25/09/2023 11:00,0
25/09/2023 12:00,0
25/09/2023 13:00,0
25/09/2023 14:00,0
25/09/2023 15:00,0
25/09/2023 16:00,1.809729884
25/09/2023 17:00,10.94814401
25/09/2023 18:00,10.53574521
25/09/2023 19:00,10.50049075
25/09/2023 20:00,10.44274793
25/09/2023 21:00,10.36214558
25/09/2023 22:00,10.38825869
25/09/2023 23:00,10.30489798
26/09/2023 0:00,10.21478254
26/09/2023 1:00,10.13869498
26/09/2023 2:00,10.15932103
26/09/2023 3:00,10.17344903
26/09/2023 4:00,10.45572224
26/09/2023 5:00,2.846298139
26/09/2023 6:00,0
26/09/2023 7:00,0
26/09/2023 8:00,0
26/09/2023 9:00,0
26/09/2023 10:00,0
26/09/2023 11:00,0
26/09/2023 12:00,0
26/09/2023 13:00,0
26/09/2023 14:00,0
26/09/2023 15:00,0
26/09/2023 16:00,2.228248009
26/09/2023 17:00,10.91191031
26/09/2023 18:00,10.58507319
26/09/2023 19:00,10.35907898
26/09/2023 20:00,10.26618058
26/09/2023 21:00,10.28580095
26/09/2023 22:00,10.29411417
26/09/2023 23:00,10.16578034
27/09/2023 0:00,10.00775264
27/09/2023 1:00,10.05731629
27/09/2023 2:00,9.966404806
27/09/2023 3:00,10.12612659
27/09/2023 4:00,10.28593268
27/09/2023 5:00,2.60087701
27/09/2023 6:00,0
27/09/2023 7:00,0
27/09/2023 8:00,0
27/09/2023 9:00,0
27/09/2023 10:00,0
27/09/2023 11:00,0
27/09/2023 12:00,0
27/09/2023 13:00,0
27/09/2023 14:00,0
27/09/2023 15:00,0
27/09/2023 16:00,2.542506047
27/09/2023 17:00,10.76224211
27/09/2023 18:00,10.55465546
27/09/2023 19:00,10.38911888
27/09/2023 20:00,10.31349941
27/09/2023 21:00,10.36251986
27/09/2023 22:00,10.39560491
27/09/2023 23:00,10.28326808
28/09/2023 0:00,10.37043367
28/09/2023 1:00,10.20217751
28/09/2023 2:00,10.20889714
28/09/2023 3:00,10.25000257
28/09/2023 4:00,10.27970435
28/09/2023 5:00,3.893908987
28/09/2023 6:00,0
28/09/2023 7:00,0
28/09/2023 8:00,0
28/09/2023 9:00,0
28/09/2023 10:00,0
28/09/2023 11:00,0
28/09/2023 12:00,0
28/09/2023 13:00,0
28/09/2023 14:00,0
28/09/2023 15:00,0
28/09/2023 16:00,3.990422594
28/09/2023 17:00,10.79842636
28/09/2023 18:00,10.62273986
28/09/2023 19:00,10.45890405
28/09/2023 20:00,10.35358637
28/09/2023 21:00,10.39109738
28/09/2023 22:00,10.45544588
28/09/2023 23:00,10.39020988
29/09/2023 0:00,10.3362516
29/09/2023 1:00,10.2364589
29/09/2023 2:00,10.21395664
29/09/2023 3:00,10.29297588
29/09/2023 4:00,10.26065104
29/09/2023 5:00,5.643254242
29/09/2023 6:00,0
29/09/2023 7:00,0
29/09/2023 8:00,0
29/09/2023 9:00,0
29/09/2023 10:00,0
29/09/2023 11:00,0
29/09/2023 12:00,0
29/09/2023 13:00,0
29/09/2023 14:00,0
29/09/2023 15:00,0
29/09/2023 16:00,3.80693204
29/09/2023 17:00,10.90322947
29/09/2023 18:00,10.61198711
29/09/2023 19:00,10.51151826
29/09/2023 20:00,10.47009732
29/09/2023 21:00,10.46278913
29/09/2023 22:00,10.57468894
29/09/2023 23:00,10.38837794
30/09/2023 0:00,10.37473601
30/09/2023 1:00,10.33244372
30/09/2023 2:00,10.33107185
30/09/2023 3:00,10.36499998
30/09/2023 4:00,10.19044006
30/09/2023 5:00,5.672854875
30/09/2023 6:00,0
30/09/2023 7:00,0
30/09/2023 8:00,0
30/09/2023 9:00,0
30/09/2023 10:00,0
30/09/2023 11:00,0
30/09/2023 12:00,0
30/09/2023 13:00,0
30/09/2023 14:00,0
30/09/2023 15:00,0
30/09/2023 16:00,5.588290079
30/09/2023 17:00,10.88475898
30/09/2023 18:00,10.60657839
30/09/2023 19:00,10.51599802
30/09/2023 20:00,10.41771763
30/09/2023 21:00,10.23705265
30/09/2023 22:00,10.21116965
30/09/2023 23:00,10.18938853
01/10/2023 0:00,10.13704149
01/10/2023 1:00,10.12864421
01/10/2023 2:00,10.11618298
01/10/2023 3:00,10.39045954
01/10/2023 4:00,10.5622112
01/10/2023 5:00,5.579041675
01/10/2023 6:00,0
01/10/2023 7:00,0
01/10/2023 8:00,0
01/10/2023 9:00,0
01/10/2023 10:00,0
01/10/2023 11:00,0
01/10/2023 12:00,0
01/10/2023 13:00,0
01/10/2023 14:00,0
01/10/2023 15:00,0
01/10/2023 16:00,4.093679806
01/10/2023 17:00,10.85445961
01/10/2023 18:00,10.69079947
01/10/2023 19:00,10.59600658
01/10/2023 20:00,10.584156
01/10/2023 21:00,10.45838658
01/10/2023 22:00,10.52371889
01/10/2023 23:00,10.42331593
02/10/2023 0:00,10.33649605
02/10/2023 1:00,10.28075884
02/10/2023 2:00,10.27681716
02/10/2023 3:00,10.24001448
02/10/2023 4:00,10.26512375
02/10/2023 5:00,3.942817953
02/10/2023 6:00,0
02/10/2023 7:00,0
02/10/2023 8:00,0
02/10/2023 9:00,0
02/10/2023 10:00,0
02/10/2023 11:00,0
02/10/2023 12:00,0
02/10/2023 13:00,0
02/10/2023 14:00,0
02/10/2023 15:00,0
02/10/2023 16:00,4.090230384
02/10/2023 17:00,10.86188375
02/10/2023 18:00,10.57366267
02/10/2023 19:00,10.32003308
02/10/2023 20:00,10.21953715
02/10/2023 21:00,10.22943284
02/10/2023 22:00,10.48297683
02/10/2023 23:00,10.50211095
03/10/2023 0:00,10.56651539
03/10/2023 1:00,10.4060088
03/10/2023 2:00,10.3605825
03/10/2023 3:00,10.37313174
03/10/2023 4:00,10.36652481
03/10/2023 5:00,4.294026376
03/10/2023 6:00,0
03/10/2023 7:00,0
03/10/2023 8:00,0
03/10/2023 9:00,0
03/10/2023 10:00,0
03/10/2023 11:00,0
03/10/2023 12:00,0
03/10/2023 13:00,0
03/10/2023 14:00,0
03/10/2023 15:00,0
03/10/2023 16:00,5.34050392
03/10/2023 17:00,10.77050533
03/10/2023 18:00,10.54773825
03/10/2023 19:00,10.49260553
03/10/2023 20:00,10.51955718
03/10/2023 21:00,10.45164561
03/10/2023 22:00,10.54053384
03/10/2023 23:00,10.3018475
04/10/2023 0:00,10.37184366
04/10/2023 1:00,10.34866325
04/10/2023 2:00,10.38340524
04/10/2023 3:00,10.28999722
04/10/2023 4:00,10.26028898
04/10/2023 5:00,4.380367301
04/10/2023 6:00,0
04/10/2023 7:00,0
04/10/2023 8:00,0
04/10/2023 9:00,0
04/10/2023 10:00,0
04/10/2023 11:00,0
04/10/2023 12:00,0
04/10/2023 13:00,0
04/10/2023 14:00,0
04/10/2023 15:00,0
04/10/2023 16:00,5.157847568
04/10/2023 17:00,10.88059558
04/10/2023 18:00,10.85229971
04/10/2023 19:00,10.51539985
04/10/2023 20:00,10.44043785
04/10/2023 21:00,10.5758284
04/10/2023 22:00,10.53927424
04/10/2023 23:00,10.39035454
05/10/2023 0:00,10.27030835
05/10/2023 1:00,10.21232497
05/10/2023 2:00,10.16564097
05/10/2023 3:00,10.43176251
05/10/2023 4:00,10.38855238
05/10/2023 5:00,5.182693469
05/10/2023 6:00,0
05/10/2023 7:00,0
05/10/2023 8:00,0
05/10/2023 9:00,0
05/10/2023 10:00,0
05/10/2023 11:00,0
05/10/2023 12:00,0
05/10/2023 13:00,0
05/10/2023 14:00,0
05/10/2023 15:00,0
05/10/2023 16:00,9.763651397
05/10/2023 17:00,10.74065247
05/10/2023 18:00,10.58707139
05/10/2023 19:00,10.52744757
05/10/2023 20:00,10.45395546
05/10/2023 21:00,10.41586756
05/10/2023 22:00,10.36875922
05/10/2023 23:00,10.23336374
06/10/2023 0:00,10.14758532
06/10/2023 1:00,10.19149433
06/10/2023 2:00,10.37527331
06/10/2023 3:00,10.41518979
06/10/2023 4:00,10.25077721
06/10/2023 5:00,4.688470864
06/10/2023 6:00,0
06/10/2023 7:00,0
06/10/2023 8:00,0
06/10/2023 9:00,0
06/10/2023 10:00,0
06/10/2023 11:00,0
06/10/2023 12:00,0
06/10/2023 13:00,0
06/10/2023 14:00,0
06/10/2023 15:00,0
06/10/2023 16:00,6.949911016
06/10/2023 17:00,10.84693086
06/10/2023 18:00,10.58775973
06/10/2023 19:00,10.57197552
06/10/2023 20:00,10.65051901
06/10/2023 21:00,10.38615112
06/10/2023 22:00,10.46702944
06/10/2023 23:00,10.2884471
07/10/2023 0:00,10.22137781
07/10/2023 1:00,10.19158802
07/10/2023 2:00,10.26846902
07/10/2023 3:00,10.21234912
07/10/2023 4:00,10.11270912
07/10/2023 5:00,5.594686828
07/10/2023 6:00,0
07/10/2023 7:00,0
07/10/2023 8:00,0
07/10/2023 9:00,0
07/10/2023 10:00,0
07/10/2023 11:00,0
07/10/2023 12:00,0
07/10/2023 13:00,0
07/10/2023 14:00,0
07/10/2023 15:00,0
07/10/2023 16:00,10.20155972
07/10/2023 17:00,10.58676323
07/10/2023 18:00,10.53209023
07/10/2023 19:00,10.30572363
07/10/2023 20:00,10.34644551
07/10/2023 21:00,10.46433499
07/10/2023 22:00,10.41578073
07/10/2023 23:00,10.30770899
08/10/2023 0:00,10.32653438
08/10/2023 1:00,10.15755484
08/10/2023 2:00,10.1194959
08/10/2023 3:00,10.28189658
08/10/2023 4:00,10.16656332
08/10/2023 5:00,6.281645147
08/10/2023 6:00,0
08/10/2023 7:00,0
08/10/2023 8:00,0
08/10/2023 9:00,0
08/10/2023 10:00,0
08/10/2023 11:00,0
08/10/2023 12:00,0
08/10/2023 13:00,0
08/10/2023 14:00,0
08/10/2023 15:00,0
08/10/2023 16:00,8.574930624
08/10/2023 17:00,10.71306785
08/10/2023 18:00,10.42072235
08/10/2023 19:00,10.28021224
08/10/2023 20:00,10.25252305
08/10/2023 21:00,10.20241416
08/10/2023 22:00,10.12364353
08/10/2023 23:00,10.17384552
09/10/2023 0:00,10.11977209
09/10/2023 1:00,10.03891321
09/10/2023 2:00,10.12736268
09/10/2023 3:00,10.22202763
09/10/2023 4:00,10.23326308
09/10/2023 5:00,4.537010508
09/10/2023 6:00,0
09/10/2023 7:00,0
09/10/2023 8:00,0
09/10/2023 9:00,0
09/10/2023 10:00,0
09/10/2023 11:00,0
09/10/2023 12:00,0
09/10/2023 13:00,0
09/10/2023 14:00,0
09/10/2023 15:00,0
09/10/2023 16:00,8.680520216
09/10/2023 17:00,10.67687031
09/10/2023 18:00,10.5719022
09/10/2023 19:00,10.43647019
09/10/2023 20:00,10.34825965
09/10/2023 21:00,10.3371537
09/10/2023 22:00,10.55625429
09/10/2023 23:00,10.33009919
10/10/2023 0:00,10.39818346
10/10/2023 1:00,10.22414426
10/10/2023 2:00,10.32135454
10/10/2023 3:00,10.45147907
10/10/2023 4:00,10.37393411
10/10/2023 5:00,5.847112514
10/10/2023 6:00,0
10/10/2023 7:00,0
10/10/2023 8:00,0
10/10/2023 9:00,0
10/10/2023 10:00,0
10/10/2023 11:00,0
10/10/2023 12:00,0
10/10/2023 13:00,0
10/10/2023 14:00,0
10/10/2023 15:00,0
10/10/2023 16:00,8.206056552
10/10/2023 17:00,10.71464578
10/10/2023 18:00,10.51344249
10/10/2023 19:00,10.42199953
10/10/2023 20:00,10.53420479
10/10/2023 21:00,10.40901357
10/10/2023 22:00,10.32917153
10/10/2023 23:00,10.3883276
11/10/2023 0:00,10.28114661
11/10/2023 1:00,10.18967516
11/10/2023 2:00,10.16039722
11/10/2023 3:00,10.37192589
11/10/2023 4:00,10.33056899
11/10/2023 5:00,6.430403388
11/10/2023 6:00,0
11/10/2023 7:00,0
11/10/2023 8:00,0
11/10/2023 9:00,0
11/10/2023 10:00,0
11/10/2023 11:00,0
11/10/2023 12:00,0
11/10/2023 13:00,0
11/10/2023 14:00,0
11/10/2023 15:00,0
11/10/2023 16:00,7.590980274
11/10/2023 17:00,10.65504218
11/10/2023 18:00,10.53060196
11/10/2023 19:00,10.33493991
11/10/2023 20:00,10.32504644
11/10/2023 21:00,10.21879593
11/10/2023 22:00,10.32420234
11/10/2023 23:00,10.42874068
12/10/2023 0:00,10.38199533
12/10/2023 1:00,10.27612861
12/10/2023 2:00,10.23783865
12/10/2023 3:00,10.28929496
12/10/2023 4:00,10.3716925
12/10/2023 5:00,5.489022914
12/10/2023 6:00,0
12/10/2023 7:00,0
12/10/2023 8:00,0
12/10/2023 9:00,0
12/10/2023 10:00,0
12/10/2023 11:00,0
12/10/2023 12:00,0
12/10/2023 13:00,0
12/10/2023 14:00,0
12/10/2023 15:00,0
12/10/2023 16:00,9.889449679
12/10/2023 17:00,10.51617075
12/10/2023 18:00,10.37245624
12/10/2023 19:00,10.34256752
12/10/2023 20:00,10.16495375
12/10/2023 21:00,10.17015831
12/10/2023 22:00,10.13062513
12/10/2023 23:00,10.16276448
13/10/2023 0:00,10.04085473
13/10/2023 1:00,10.01816758
13/10/2023 2:00,9.97985758
13/10/2023 3:00,10.08432028
13/10/2023 4:00,10.06587855
13/10/2023 5:00,6.723893081
13/10/2023 6:00,0
13/10/2023 7:00,0
13/10/2023 8:00,0
13/10/2023 9:00,0
13/10/2023 10:00,0
13/10/2023 11:00,0
13/10/2023 12:00,0
13/10/2023 13:00,0
13/10/2023 14:00,0
13/10/2023 15:00,0
13/10/2023 16:00,8.345843533
13/10/2023 17:00,10.64596286
13/10/2023 18:00,10.46219788
13/10/2023 19:00,10.42107858
13/10/2023 20:00,10.34236434
13/10/2023 21:00,10.21771488
13/10/2023 22:00,10.39367644
13/10/2023 23:00,10.30814648
14/10/2023 0:00,10.19773649
14/10/2023 1:00,10.25836282
14/10/2023 2:00,10.22465255
14/10/2023 3:00,10.22973959
14/10/2023 4:00,10.1386205
14/10/2023 5:00,10.31270499
14/10/2023 6:00,0.513167247
14/10/2023 7:00,0
14/10/2023 8:00,0
14/10/2023 9:00,0
14/10/2023 10:00,0
14/10/2023 11:00,0
14/10/2023 12:00,0
14/10/2023 13:00,0
14/10/2023 14:00,0.317945519
14/10/2023 15:00,4.063099903
14/10/2023 16:00,11.12424448
14/10/2023 17:00,10.64611952
14/10/2023 18:00,10.55683453
14/10/2023 19:00,10.42890635
14/10/2023 20:00,10.39841625
14/10/2023 21:00,10.31986057
14/10/2023 22:00,10.25011226
14/10/2023 23:00,10.30374451
15/10/2023 0:00,10.28040534
15/10/2023 1:00,10.27746332
15/10/2023 2:00,10.28305127
15/10/2023 3:00,10.27418022
15/10/2023 4:00,10.07749953
15/10/2023 5:00,7.485927003
15/10/2023 6:00,0
15/10/2023 7:00,0
15/10/2023 8:00,0
15/10/2023 9:00,0
15/10/2023 10:00,0
15/10/2023 11:00,0
15/10/2023 12:00,0
15/10/2023 13:00,2.797156641
15/10/2023 14:00,0
15/10/2023 15:00,0
15/10/2023 16:00,8.609179874
15/10/2023 17:00,10.77332322
15/10/2023 18:00,10.75740158
15/10/2023 19:00,10.54173374
15/10/2023 20:00,10.44898973
15/10/2023 21:00,10.38596061
15/10/2023 22:00,10.50943802
15/10/2023 23:00,10.34060246
16/10/2023 0:00,10.36795369
16/10/2023 1:00,10.32430922
16/10/2023 2:00,10.29486173
16/10/2023 3:00,10.32505851
16/10/2023 4:00,10.30251003
16/10/2023 5:00,9.441246886
16/10/2023 6:00,0
16/10/2023 7:00,0
16/10/2023 8:00,0
16/10/2023 9:00,0
16/10/2023 10:00,0
16/10/2023 11:00,0
16/10/2023 12:00,0
16/10/2023 13:00,0
16/10/2023 14:00,0
16/10/2023 15:00,0
16/10/2023 16:00,9.220982314
16/10/2023 17:00,10.7423949
16/10/2023 18:00,10.59185541
16/10/2023 19:00,10.50239465
16/10/2023 20:00,10.34217212
16/10/2023 21:00,10.39233028
16/10/2023 22:00,10.39756308
16/10/2023 23:00,10.21731671
17/10/2023 0:00,10.16913017
17/10/2023 1:00,10.10772555
17/10/2023 2:00,10.0131439
17/10/2023 3:00,10.3043294
17/10/2023 4:00,10.33591862
17/10/2023 5:00,7.642669513
17/10/2023 6:00,0
17/10/2023 7:00,0
17/10/2023 8:00,0
17/10/2023 9:00,0
17/10/2023 10:00,0
17/10/2023 11:00,0
17/10/2023 12:00,0
17/10/2023 13:00,0
17/10/2023 14:00,0
17/10/2023 15:00,0.224528963
17/10/2023 16:00,11.06489607
17/10/2023 17:00,10.68370253
17/10/2023 18:00,10.63421237
17/10/2023 19:00,10.37474873
17/10/2023 20:00,10.42142866
17/10/2023 21:00,10.33335519
17/10/2023 22:00,10.32550694
17/10/2023 23:00,10.30131802
18/10/2023 0:00,10.26805858
18/10/2023 1:00,10.24489636
18/10/2023 2:00,10.20031231
18/10/2023 3:00,10.27915055
18/10/2023 4:00,10.16595832
18/10/2023 5:00,7.596790033
18/10/2023 6:00,0
18/10/2023 7:00,0
18/10/2023 8:00,0
18/10/2023 9:00,0
18/10/2023 10:00,0
18/10/2023 11:00,0
18/10/2023 12:00,0
18/10/2023 13:00,0
18/10/2023 14:00,0
18/10/2023 15:00,0.954119533
18/10/2023 16:00,10.9317915
18/10/2023 17:00,10.58223905
18/10/2023 18:00,10.45039478
18/10/2023 19:00,10.38332864
18/10/2023 20:00,10.27241062
18/10/2023 21:00,10.31485865
18/10/2023 22:00,10.12455069
18/10/2023 23:00,10.24182794
19/10/2023 0:00,10.24611381
19/10/2023 1:00,10.131385
19/10/2023 2:00,10.24119695
19/10/2023 3:00,10.29982701
19/10/2023 4:00,10.26709626
19/10/2023 5:00,8.648844636
19/10/2023 6:00,0
19/10/2023 7:00,0
19/10/2023 8:00,0
19/10/2023 9:00,0
19/10/2023 10:00,0
19/10/2023 11:00,0
19/10/2023 12:00,0
19/10/2023 13:00,0
19/10/2023 14:00,0
19/10/2023 15:00,3.393144711
19/10/2023 16:00,10.77854406
19/10/2023 17:00,10.54371505
19/10/2023 18:00,10.44829578
19/10/2023 19:00,10.39440422
19/10/2023 20:00,10.41319112
19/10/2023 21:00,10.30355165
19/10/2023 22:00,10.37603996
19/10/2023 23:00,10.22294806
20/10/2023 0:00,10.34808484
20/10/2023 1:00,10.26930614
20/10/2023 2:00,10.17899285
20/10/2023 3:00,10.26038376
20/10/2023 4:00,10.20132667
20/10/2023 5:00,9.736198662
20/10/2023 6:00,0
20/10/2023 7:00,0
20/10/2023 8:00,0
20/10/2023 9:00,0
20/10/2023 10:00,0
20/10/2023 11:00,0
20/10/2023 12:00,0
20/10/2023 13:00,0
20/10/2023 14:00,0
20/10/2023 15:00,0.931045316
20/10/2023 16:00,11.02545639
20/10/2023 17:00,10.64849874
20/10/2023 18:00,10.51368968
20/10/2023 19:00,10.39186606
20/10/2023 20:00,10.3195785
20/10/2023 21:00,10.42494091
20/10/2023 22:00,10.50422683
20/10/2023 23:00,10.27806227
21/10/2023 0:00,10.25089184
21/10/2023 1:00,10.14637246
21/10/2023 2:00,10.08248861
21/10/2023 3:00,10.49440361
21/10/2023 4:00,10.28248589
21/10/2023 5:00,9.064958786
21/10/2023 6:00,0
21/10/2023 7:00,0
21/10/2023 8:00,0
21/10/2023 9:00,0
21/10/2023 10:00,0
21/10/2023 11:00,0
21/10/2023 12:00,0
21/10/2023 13:00,0
21/10/2023 14:00,0
21/10/2023 15:00,0
21/10/2023 16:00,10.3938233
21/10/2023 17:00,10.71396244
21/10/2023 18:00,10.49476953
21/10/2023 19:00,10.47305974
21/10/2023 20:00,10.43119256
21/10/2023 21:00,10.33576977
21/10/2023 22:00,10.41500431
21/10/2023 23:00,10.14896567
22/10/2023 0:00,10.28254922
22/10/2023 1:00,10.22623059
22/10/2023 2:00,10.04522807
22/10/2023 3:00,10.26210374
22/10/2023 4:00,10.15753855
22/10/2023 5:00,10.15828656
22/10/2023 6:00,4.618692417
22/10/2023 7:00,0
22/10/2023 8:00,0
22/10/2023 9:00,0
22/10/2023 10:00,0
22/10/2023 11:00,0
22/10/2023 12:00,0
22/10/2023 13:00,0
22/10/2023 14:00,0
22/10/2023 15:00,0.761756663
22/10/2023 16:00,10.98280685
22/10/2023 17:00,10.60504399
22/10/2023 18:00,10.45068763
22/10/2023 19:00,10.36845277
22/10/2023 20:00,10.29511331
22/10/2023 21:00,10.27614073
22/10/2023 22:00,10.31890693
22/10/2023 23:00,10.22093544
23/10/2023 0:00,10.21333919
23/10/2023 1:00,10.1570366
23/10/2023 2:00,10.00342235
23/10/2023 3:00,10.14951797
23/10/2023 4:00,10.13986034
23/10/2023 5:00,10.02251653
23/10/2023 6:00,0
23/10/2023 7:00,0
23/10/2023 8:00,0
23/10/2023 9:00,0
23/10/2023 10:00,0
23/10/2023 11:00,0
23/10/2023 12:00,0
23/10/2023 13:00,0
23/10/2023 14:00,0
23/10/2023 15:00,2.076672333
23/10/2023 16:00,10.82032148
23/10/2023 17:00,10.54702277
23/10/2023 18:00,10.48610672
23/10/2023 19:00,10.28587848
23/10/2023 20:00,10.23882487
23/10/2023 21:00,10.26822728
23/10/2023 22:00,10.23702036
23/10/2023 23:00,10.19367451
24/10/2023 0:00,10.07837535
24/10/2023 1:00,10.02256484
24/10/2023 2:00,10.13238857
24/10/2023 3:00,10.34267247
24/10/2023 4:00,10.24498775
24/10/2023 5:00,10.20635384
24/10/2023 6:00,1.020245378
24/10/2023 7:00,0
24/10/2023 8:00,0
24/10/2023 9:00,0
24/10/2023 10:00,0
24/10/2023 11:00,0
24/10/2023 12:00,0
24/10/2023 13:00,0
24/10/2023 14:00,0
24/10/2023 15:00,9.53823287
24/10/2023 16:00,10.59828869
24/10/2023 17:00,10.42904356
24/10/2023 18:00,10.39291695
24/10/2023 19:00,10.35752503
24/10/2023 20:00,10.2230514
24/10/2023 21:00,10.28492923
24/10/2023 22:00,10.2982312
24/10/2023 23:00,10.20504929
25/10/2023 0:00,10.15652744
25/10/2023 1:00,10.14603006
25/10/2023 2:00,10.0298666
25/10/2023 3:00,10.07347554
25/10/2023 4:00,10.14620303
25/10/2023 5:00,10.20189661
25/10/2023 6:00,3.529912043
25/10/2023 7:00,0
25/10/2023 8:00,0
25/10/2023 9:00,0
25/10/2023 10:00,0
25/10/2023 11:00,0
25/10/2023 12:00,0
25/10/2023 13:00,0
25/10/2023 14:00,0
25/10/2023 15:00,2.942291596
25/10/2023 16:00,10.70060693
25/10/2023 17:00,10.48697219
25/10/2023 18:00,10.35934124
25/10/2023 19:00,10.17254439
25/10/2023 20:00,10.16102966
25/10/2023 21:00,10.1735778
25/10/2023 22:00,10.20935202
25/10/2023 23:00,10.00565028
26/10/2023 0:00,10.19204044
26/10/2023 1:00,10.35752354
26/10/2023 2:00,10.2828883
26/10/2023 3:00,10.29362404
26/10/2023 4:00,10.24099157
26/10/2023 5:00,10.29858711
26/10/2023 6:00,2.070023161
26/10/2023 7:00,0
26/10/2023 8:00,0
26/10/2023 9:00,0
26/10/2023 10:00,0
26/10/2023 11:00,0
26/10/2023 12:00,0
26/10/2023 13:00,0
26/10/2023 14:00,0
26/10/2023 15:00,4.111899145
26/10/2023 16:00,10.69311508
26/10/2023 17:00,10.49073182
26/10/2023 18:00,10.30290743
26/10/2023 19:00,10.30067109
26/10/2023 20:00,10.18623471
26/10/2023 21:00,10.26806271
26/10/2023 22:00,10.33229611
26/10/2023 23:00,10.19971615
27/10/2023 0:00,10.12549367
27/10/2023 1:00,10.04934389
27/10/2023 2:00,10.02167823
27/10/2023 3:00,10.35496211
27/10/2023 4:00,10.29204008
27/10/2023 5:00,10.27082489
27/10/2023 6:00,9.589295236
27/10/2023 7:00,0
27/10/2023 8:00,0
27/10/2023 9:00,0
27/10/2023 10:00,0
27/10/2023 11:00,0
27/10/2023 12:00,0
27/10/2023 13:00,0
27/10/2023 14:00,0
27/10/2023 15:00,3.491716103
27/10/2023 16:00,10.84715697
27/10/2023 17:00,10.57953558
27/10/2023 18:00,10.470007
27/10/2023 19:00,10.32624158
27/10/2023 20:00,10.32061285
27/10/2023 21:00,10.26587119
27/10/2023 22:00,10.38934543
27/10/2023 23:00,10.35721961
28/10/2023 0:00,10.25373221
28/10/2023 1:00,10.31189043
28/10/2023 2:00,10.31278138
28/10/2023 3:00,10.24226356
28/10/2023 4:00,10.2275756
28/10/2023 5:00,10.23180385
28/10/2023 6:00,1.898702313
28/10/2023 7:00,0
28/10/2023 8:00,0
28/10/2023 9:00,0
28/10/2023 10:00,0
28/10/2023 11:00,0
28/10/2023 12:00,0
28/10/2023 13:00,0
28/10/2023 14:00,0
28/10/2023 15:00,4.027219802
28/10/2023 16:00,10.85995933
28/10/2023 17:00,10.57284883
28/10/2023 18:00,10.55523713
28/10/2023 19:00,10.51094638
28/10/2023 20:00,10.40300049
28/10/2023 21:00,10.30459687
28/10/2023 22:00,10.47915198
28/10/2023 23:00,10.51877483
29/10/2023 0:00,10.52361132
29/10/2023 1:00,10.27341078
29/10/2023 2:00,10.39665874
29/10/2023 3:00,10.35905515
29/10/2023 4:00,10.17557224
29/10/2023 5:00,10.25552164
29/10/2023 6:00,1.293649675
29/10/2023 7:00,0
29/10/2023 8:00,0
29/10/2023 9:00,0
29/10/2023 10:00,0
29/10/2023 11:00,0
29/10/2023 12:00,0
29/10/2023 13:00,0
29/10/2023 14:00,0
29/10/2023 15:00,3.438264642
29/10/2023 16:00,10.92285297
29/10/2023 17:00,10.67133138
29/10/2023 18:00,10.46072349
29/10/2023 19:00,10.3182671
29/10/2023 20:00,10.24409986
29/10/2023 21:00,10.42557092
29/10/2023 22:00,10.39615846
29/10/2023 23:00,10.28174612
30/10/2023 0:00,10.22289623
30/10/2023 1:00,10.1994801
30/10/2023 2:00,10.15179538
30/10/2023 3:00,10.35520003
30/10/2023 4:00,10.19057474
30/10/2023 5:00,10.29635309
30/10/2023 6:00,1.922933417
30/10/2023 7:00,0
30/10/2023 8:00,0
30/10/2023 9:00,0
30/10/2023 10:00,0
30/10/2023 11:00,0
30/10/2023 12:00,0
30/10/2023 13:00,0
30/10/2023 14:00,0
30/10/2023 15:00,8.445913506
30/10/2023 16:00,10.58848299
30/10/2023 17:00,10.28302974
30/10/2023 18:00,10.31558837
30/10/2023 19:00,10.29051123
30/10/2023 20:00,10.28445618
30/10/2023 21:00,10.20733265
30/10/2023 22:00,10.25628006
30/10/2023 23:00,10.24915851
31/10/2023 0:00,10.23018743
31/10/2023 1:00,10.17079767
31/10/2023 2:00,10.17268678
31/10/2023 3:00,10.24512014
31/10/2023 4:00,10.17170473
31/10/2023 5:00,10.09342894
31/10/2023 6:00,3.3876311
31/10/2023 7:00,0
31/10/2023 8:00,0
31/10/2023 9:00,0
31/10/2023 10:00,0
31/10/2023 11:00,0
31/10/2023 12:00,0
31/10/2023 13:00,0
31/10/2023 14:00,0
31/10/2023 15:00,5.070533996
31/10/2023 16:00,10.80879695
31/10/2023 17:00,10.60871862
31/10/2023 18:00,10.43094479
31/10/2023 19:00,10.30873203
31/10/2023 20:00,10.22750272
31/10/2023 21:00,10.24376436
31/10/2023 22:00,10.12978185
31/10/2023 23:00,10.18653837
01/11/2023 0:00,10.20211151
01/11/2023 1:00,10.17036759
01/11/2023 2:00,10.11197584
01/11/2023 3:00,10.18329448
01/11/2023 4:00,10.08696447
01/11/2023 5:00,10.04238012
01/11/2023 6:00,1.303276571
01/11/2023 7:00,0
01/11/2023 8:00,0
01/11/2023 9:00,0
01/11/2023 10:00,0
01/11/2023 11:00,0
01/11/2023 12:00,0
01/11/2023 13:00,0
01/11/2023 14:00,0
01/11/2023 15:00,4.562295841
01/11/2023 16:00,10.75377714
01/11/2023 17:00,10.57131724
01/11/2023 18:00,10.59237411
01/11/2023 19:00,10.40051215
01/11/2023 20:00,10.16413411
01/11/2023 21:00,10.31299545
01/11/2023 22:00,10.29898994
01/11/2023 23:00,10.40470504
02/11/2023 0:00,10.29881046
02/11/2023 1:00,10.30619903
02/11/2023 2:00,10.30229689
02/11/2023 3:00,10.37939021
02/11/2023 4:00,10.17484469
02/11/2023 5:00,10.19737199
02/11/2023 6:00,0.875408722
02/11/2023 7:00,0
02/11/2023 8:00,0
02/11/2023 9:00,0
02/11/2023 10:00,0
02/11/2023 11:00,0
02/11/2023 12:00,0
02/11/2023 13:00,0
02/11/2023 14:00,0.515034225
02/11/2023 15:00,8.962616106
02/11/2023 16:00,10.72928491
02/11/2023 17:00,10.43760948
02/11/2023 18:00,10.29867483
02/11/2023 19:00,10.28882764
02/11/2023 20:00,10.20646053
02/11/2023 21:00,10.19123064
02/11/2023 22:00,10.23014654
02/11/2023 23:00,10.21637899
03/11/2023 0:00,10.17666449
03/11/2023 1:00,10.09479941
03/11/2023 2:00,10.07972093
03/11/2023 3:00,10.11401365
03/11/2023 4:00,10.10139214
03/11/2023 5:00,10.12417149
03/11/2023 6:00,9.455634569
03/11/2023 7:00,0
03/11/2023 8:00,0
03/11/2023 9:00,0
03/11/2023 10:00,0
03/11/2023 11:00,0
03/11/2023 12:00,0
03/11/2023 13:00,0
03/11/2023 14:00,0
03/11/2023 15:00,8.168937278
03/11/2023 16:00,10.73631189
03/11/2023 17:00,10.66524322
03/11/2023 18:00,10.45756128
03/11/2023 19:00,10.32106013
03/11/2023 20:00,10.30825067
03/11/2023 21:00,10.25981497
03/11/2023 22:00,10.19956103
03/11/2023 23:00,10.18901803
04/11/2023 0:00,10.16095083
04/11/2023 1:00,10.10041323
04/11/2023 2:00,10.10694094
04/11/2023 3:00,10.12503838
04/11/2023 4:00,10.19237818
04/11/2023 5:00,10.08477071
04/11/2023 6:00,2.514517971
04/11/2023 7:00,0
04/11/2023 8:00,0
04/11/2023 9:00,0
04/11/2023 10:00,0
04/11/2023 11:00,0
04/11/2023 12:00,0
04/11/2023 13:00,0
04/11/2023 14:00,0
04/11/2023 15:00,7.139817048
04/11/2023 16:00,10.69429348
04/11/2023 17:00,10.66106334
04/11/2023 18:00,10.40186851
04/11/2023 19:00,10.40070692
04/11/2023 20:00,10.38251674
04/11/2023 21:00,10.23694158
04/11/2023 22:00,10.29924533
04/11/2023 23:00,10.14953112
05/11/2023 0:00,10.10991055
05/11/2023 1:00,10.17565192
05/11/2023 2:00,10.26528118
05/11/2023 3:00,10.18117713
05/11/2023 4:00,10.03101922
05/11/2023 5:00,10.09998864
05/11/2023 6:00,5.570049371
05/11/2023 7:00,0
05/11/2023 8:00,0
05/11/2023 9:00,0
05/11/2023 10:00,0
05/11/2023 11:00,0
05/11/2023 12:00,0
05/11/2023 13:00,0
05/11/2023 14:00,0
05/11/2023 15:00,8.258384008
05/11/2023 16:00,10.70365087
05/11/2023 17:00,10.58993711
05/11/2023 18:00,10.45706095
05/11/2023 19:00,10.48848239
05/11/2023 20:00,10.36943656
05/11/2023 21:00,10.21470995
05/11/2023 22:00,10.20879175
05/11/2023 23:00,10.28120699
06/11/2023 0:00,10.14734767
06/11/2023 1:00,10.13697987
06/11/2023 2:00,10.1730096
06/11/2023 3:00,10.18307481
06/11/2023 4:00,10.09853894
06/11/2023 5:00,10.00949221
06/11/2023 6:00,2.527768083
06/11/2023 7:00,0
06/11/2023 8:00,0
06/11/2023 9:00,0
06/11/2023 10:00,0
06/11/2023 11:00,0
06/11/2023 12:00,0
06/11/2023 13:00,0
06/11/2023 14:00,0
06/11/2023 15:00,5.870320041
06/11/2023 16:00,10.794907
06/11/2023 17:00,10.59287088
06/11/2023 18:00,10.49967702
06/11/2023 19:00,10.39893957
06/11/2023 20:00,10.34961935
06/11/2023 21:00,10.3134855
06/11/2023 22:00,10.44190021
06/11/2023 23:00,10.41475612
07/11/2023 0:00,10.15334771
07/11/2023 1:00,10.05905054
07/11/2023 2:00,10.08540667
07/11/2023 3:00,10.12983188
07/11/2023 4:00,10.06783132
07/11/2023 5:00,10.07138663
07/11/2023 6:00,3.231002522
07/11/2023 7:00,0
07/11/2023 8:00,0
07/11/2023 9:00,0
07/11/2023 10:00,0
07/11/2023 11:00,0
07/11/2023 12:00,0
07/11/2023 13:00,0
07/11/2023 14:00,0
07/11/2023 15:00,10.10877931
07/11/2023 16:00,10.52099271
07/11/2023 17:00,10.5683825
07/11/2023 18:00,10.39505703
07/11/2023 19:00,10.32611315
07/11/2023 20:00,10.33419575
07/11/2023 21:00,10.3916991
07/11/2023 22:00,10.40050893
07/11/2023 23:00,10.34007579
08/11/2023 0:00,10.52529737
08/11/2023 1:00,10.47304878
08/11/2023 2:00,10.58405483
08/11/2023 3:00,10.63419594
08/11/2023 4:00,10.38342041
08/11/2023 5:00,10.29687716
08/11/2023 6:00,4.41114525
08/11/2023 7:00,0
08/11/2023 8:00,0
08/11/2023 9:00,0
08/11/2023 10:00,0
08/11/2023 11:00,0
08/11/2023 12:00,0
08/11/2023 13:00,0
08/11/2023 14:00,0
08/11/2023 15:00,5.153698812
08/11/2023 16:00,10.72052256
08/11/2023 17:00,10.54199094
08/11/2023 18:00,10.541418
08/11/2023 19:00,10.44209539
08/11/2023 20:00,10.44609388
08/11/2023 21:00,10.33752583
08/11/2023 22:00,10.32406922
08/11/2023 23:00,10.18237139
09/11/2023 0:00,9.9971075
09/11/2023 1:00,10.21215285
09/11/2023 2:00,10.13114184
09/11/2023 3:00,10.30939803
09/11/2023 4:00,10.1576276
09/11/2023 5:00,10.07060195
09/11/2023 6:00,2.528606006
09/11/2023 7:00,0
09/11/2023 8:00,0
09/11/2023 9:00,0
09/11/2023 10:00,0
09/11/2023 11:00,0
09/11/2023 12:00,0
09/11/2023 13:00,0
09/11/2023 14:00,0
09/11/2023 15:00,5.797633801
09/11/2023 16:00,10.73802311
09/11/2023 17:00,10.59304461
09/11/2023 18:00,10.66416951
09/11/2023 19:00,10.53148504
09/11/2023 20:00,10.33393385
09/11/2023 21:00,10.34184921
09/11/2023 22:00,10.37632109
09/11/2023 23:00,10.30439178
10/11/2023 0:00,10.26847442
10/11/2023 1:00,10.33331619
10/11/2023 2:00,10.20553938
10/11/2023 3:00,10.13292149
10/11/2023 4:00,10.10836449
10/11/2023 5:00,10.05900641
10/11/2023 6:00,3.625451677
10/11/2023 7:00,0
10/11/2023 8:00,0
10/11/2023 9:00,0
10/11/2023 10:00,0
10/11/2023 11:00,0
10/11/2023 12:00,0
10/11/2023 13:00,0
10/11/2023 14:00,2.319606522
10/11/2023 15:00,10.86483117
10/11/2023 16:00,10.54851009
10/11/2023 17:00,10.46060853
10/11/2023 18:00,10.38538212
10/11/2023 19:00,10.37656064
10/11/2023 20:00,10.16700605
10/11/2023 21:00,10.2619978
10/11/2023 22:00,10.30160736
10/11/2023 23:00,10.23900402
11/11/2023 0:00,10.32663199
11/11/2023 1:00,10.20340842
11/11/2023 2:00,10.24475233
11/11/2023 3:00,10.1136987
11/11/2023 4:00,10.16943568
11/11/2023 5:00,10.12134371
11/11/2023 6:00,8.414295528
11/11/2023 7:00,0
11/11/2023 8:00,0
11/11/2023 9:00,0
11/11/2023 10:00,0
11/11/2023 11:00,0
11/11/2023 12:00,0
11/11/2023 13:00,0
11/11/2023 14:00,0
11/11/2023 15:00,8.252856321
11/11/2023 16:00,10.76446669
11/11/2023 17:00,10.54232663
11/11/2023 18:00,10.40216866
11/11/2023 19:00,10.29222919
11/11/2023 20:00,10.26249941
11/11/2023 21:00,10.42556383
11/11/2023 22:00,10.35342225
11/11/2023 23:00,10.31879681
12/11/2023 0:00,10.28621722
12/11/2023 1:00,10.26307656
12/11/2023 2:00,10.17742063
12/11/2023 3:00,10.33514074
12/11/2023 4:00,10.24270512
12/11/2023 5:00,10.20346076
12/11/2023 6:00,3.912017644
12/11/2023 7:00,0
12/11/2023 8:00,0
12/11/2023 9:00,0
12/11/2023 10:00,0
12/11/2023 11:00,0
12/11/2023 12:00,0
12/11/2023 13:00,0
12/11/2023 14:00,0
12/11/2023 15:00,7.08359523
12/11/2023 16:00,10.71845053
12/11/2023 17:00,10.53944525
12/11/2023 18:00,10.55955533
12/11/2023 19:00,10.3523576
12/11/2023 20:00,10.1636819
12/11/2023 21:00,10.33178261
12/11/2023 22:00,10.3392921
12/11/2023 23:00,10.36465706
13/11/2023 0:00,10.16786806
13/11/2023 1:00,10.0496083
13/11/2023 2:00,9.978277583
13/11/2023 3:00,10.23615788
13/11/2023 4:00,10.10227043
13/11/2023 5:00,10.21724919
13/11/2023 6:00,10.14269746
13/11/2023 7:00,1.172246631
13/11/2023 8:00,0
13/11/2023 9:00,0
13/11/2023 10:00,0
13/11/2023 11:00,0
13/11/2023 12:00,0
13/11/2023 13:00,0
13/11/2023 14:00,5.181560159
13/11/2023 15:00,10.7925532
13/11/2023 16:00,10.56430906
13/11/2023 17:00,10.48124721
13/11/2023 18:00,10.31984281
13/11/2023 19:00,10.32636232
13/11/2023 20:00,10.29110448
13/11/2023 21:00,10.26181158
13/11/2023 22:00,10.23703674
13/11/2023 23:00,10.30365226
14/11/2023 0:00,10.19571389
14/11/2023 1:00,10.23215152
14/11/2023 2:00,10.17122156
14/11/2023 3:00,10.24163873
14/11/2023 4:00,10.13049499
14/11/2023 5:00,10.1923004
14/11/2023 6:00,7.905021436
14/11/2023 7:00,0
14/11/2023 8:00,0
14/11/2023 9:00,0
14/11/2023 10:00,0
14/11/2023 11:00,0
14/11/2023 12:00,0
14/11/2023 13:00,0
14/11/2023 14:00,3.643470294
14/11/2023 15:00,10.72335267
14/11/2023 16:00,10.54337085
14/11/2023 17:00,10.38796873
14/11/2023 18:00,10.38895031
14/11/2023 19:00,10.36209903
14/11/2023 20:00,10.20839326
14/11/2023 21:00,10.09224939
14/11/2023 22:00,10.19678538
14/11/2023 23:00,10.18889142
15/11/2023 0:00,10.14413296
15/11/2023 1:00,10.03230658
15/11/2023 2:00,10.06508198
15/11/2023 3:00,10.14575097
15/11/2023 4:00,10.09600948
15/11/2023 5:00,10.15312196
15/11/2023 6:00,9.573479306
15/11/2023 7:00,0
15/11/2023 8:00,0
15/11/2023 9:00,0
15/11/2023 10:00,0
15/11/2023 11:00,0
15/11/2023 12:00,0
15/11/2023 13:00,0
15/11/2023 14:00,0
15/11/2023 15:00,8.32157134
15/11/2023 16:00,10.61478064
15/11/2023 17:00,10.49011271
15/11/2023 18:00,10.46145016
15/11/2023 19:00,10.40526766
15/11/2023 20:00,10.42718098
15/11/2023 21:00,10.34086303
15/11/2023 22:00,10.32537762
15/11/2023 23:00,10.37855905
16/11/2023 0:00,10.2994571
16/11/2023 1:00,10.48257539
16/11/2023 2:00,10.30286513
16/11/2023 3:00,10.32481281
16/11/2023 4:00,10.29109362
16/11/2023 5:00,10.16084848
16/11/2023 6:00,5.995967602
16/11/2023 7:00,0
16/11/2023 8:00,0
16/11/2023 9:00,0
16/11/2023 10:00,0
16/11/2023 11:00,0
16/11/2023 12:00,0
16/11/2023 13:00,0
16/11/2023 14:00,5.110718534
16/11/2023 15:00,10.72950144
16/11/2023 16:00,10.50145957
16/11/2023 17:00,10.40452372
16/11/2023 18:00,10.41933582
16/11/2023 19:00,10.3859342
16/11/2023 20:00,10.26464109
16/11/2023 21:00,10.12395065
16/11/2023 22:00,10.33458049
16/11/2023 23:00,10.25028062
17/11/2023 0:00,10.25478001
17/11/2023 1:00,10.18475906
17/11/2023 2:00,10.18762469
17/11/2023 3:00,10.25220853
17/11/2023 4:00,10.17450214
17/11/2023 5:00,10.04409978
17/11/2023 6:00,7.235181847
17/11/2023 7:00,0
17/11/2023 8:00,0
17/11/2023 9:00,0
17/11/2023 10:00,0
17/11/2023 11:00,0
17/11/2023 12:00,0
17/11/2023 13:00,0
17/11/2023 14:00,0
17/11/2023 15:00,6.983700378
17/11/2023 16:00,10.66565402
17/11/2023 17:00,10.56443452
17/11/2023 18:00,10.44755544
17/11/2023 19:00,10.29926274
17/11/2023 20:00,10.14631412
17/11/2023 21:00,10.1817087
17/11/2023 22:00,10.22152512
17/11/2023 23:00,10.20447203
18/11/2023 0:00,10.10131715
18/11/2023 1:00,10.06587994
18/11/2023 2:00,10.13267418
18/11/2023 3:00,10.16482209
18/11/2023 4:00,10.15893579
18/11/2023 5:00,10.03433629
18/11/2023 6:00,5.896689394
18/11/2023 7:00,0
18/11/2023 8:00,0
18/11/2023 9:00,0
18/11/2023 10:00,0
18/11/2023 11:00,0
18/11/2023 12:00,0
18/11/2023 13:00,0
18/11/2023 14:00,0
18/11/2023 15:00,9.24366015
18/11/2023 16:00,10.64462262
18/11/2023 17:00,10.52155802
18/11/2023 18:00,10.43478857
18/11/2023 19:00,10.61291672
18/11/2023 20:00,10.52714638
18/11/2023 21:00,10.31999413
18/11/2023 22:00,10.35386716
18/11/2023 23:00,10.42413526
19/11/2023 0:00,10.19613768
19/11/2023 1:00,10.29861972
19/11/2023 2:00,10.25535568
19/11/2023 3:00,10.26100018
19/11/2023 4:00,10.11238221
19/11/2023 5:00,10.19626346
19/11/2023 6:00,10.34803386
19/11/2023 7:00,5.246704268
19/11/2023 8:00,0
19/11/2023 9:00,0
19/11/2023 10:00,0
19/11/2023 11:00,0
19/11/2023 12:00,0
19/11/2023 13:00,0
19/11/2023 14:00,0.039868108
19/11/2023 15:00,11.21490899
19/11/2023 16:00,10.67148234
19/11/2023 17:00,10.51892978
19/11/2023 18:00,10.43155202
19/11/2023 19:00,10.36388333
19/11/2023 20:00,10.27913317
19/11/2023 21:00,10.15176094
19/11/2023 22:00,10.13897047
19/11/2023 23:00,10.24273898
20/11/2023 0:00,10.20425651
20/11/2023 1:00,10.07664956
20/11/2023 2:00,10.03868151
20/11/2023 3:00,10.21692694
20/11/2023 4:00,10.22870199
20/11/2023 5:00,10.2057969
20/11/2023 6:00,6.46817104
20/11/2023 7:00,0
20/11/2023 8:00,0
20/11/2023 9:00,0
20/11/2023 10:00,0
20/11/2023 11:00,0
20/11/2023 12:00,0
20/11/2023 13:00,0
20/11/2023 14:00,0
20/11/2023 15:00,9.684646721
20/11/2023 16:00,10.5717789
20/11/2023 17:00,10.52588618
20/11/2023 18:00,10.47819819
20/11/2023 19:00,10.4676461
20/11/2023 20:00,10.33473014
20/11/2023 21:00,10.26402294
20/11/2023 22:00,10.3011592
20/11/2023 23:00,10.23955423
21/11/2023 0:00,10.23449358
21/11/2023 1:00,10.20153591
21/11/2023 2:00,10.14702841
21/11/2023 3:00,10.21957935
21/11/2023 4:00,10.40387125
21/11/2023 5:00,10.09155926
21/11/2023 6:00,9.035397975
21/11/2023 7:00,0
21/11/2023 8:00,0
21/11/2023 9:00,0
21/11/2023 10:00,0
21/11/2023 11:00,0
21/11/2023 12:00,0
21/11/2023 13:00,0
21/11/2023 14:00,0
21/11/2023 15:00,10.72437256
21/11/2023 16:00,10.58815989
21/11/2023 17:00,10.60044919
21/11/2023 18:00,10.39393416
21/11/2023 19:00,10.25687243
21/11/2023 20:00,10.16739891
21/11/2023 21:00,10.0974654
21/11/2023 22:00,10.09098703
21/11/2023 23:00,10.21258504
22/11/2023 0:00,10.21553654
22/11/2023 1:00,9.96586022
22/11/2023 2:00,10.09012672
22/11/2023 3:00,10.16106815
22/11/2023 4:00,10.17814252
22/11/2023 5:00,10.13256795
22/11/2023 6:00,9.162402
22/11/2023 7:00,0.400228801
22/11/2023 8:00,3.000642322
22/11/2023 9:00,0
22/11/2023 10:00,0
22/11/2023 11:00,0
22/11/2023 12:00,0
22/11/2023 13:00,0
22/11/2023 14:00,2.345692389
22/11/2023 15:00,10.84087942
22/11/2023 16:00,10.5201078
22/11/2023 17:00,10.5065137
22/11/2023 18:00,10.41774152
22/11/2023 19:00,10.332506
22/11/2023 20:00,10.34814607
22/11/2023 21:00,10.18636491
22/11/2023 22:00,10.11082132
22/11/2023 23:00,10.15278869
23/11/2023 0:00,10.12273379
23/11/2023 1:00,10.14750774
23/11/2023 2:00,10.02583135
23/11/2023 3:00,10.07216411
23/11/2023 4:00,10.12596506
23/11/2023 5:00,10.0057038
23/11/2023 6:00,8.234772518
23/11/2023 7:00,0
23/11/2023 8:00,0
23/11/2023 9:00,0
23/11/2023 10:00,0
23/11/2023 11:00,0
23/11/2023 12:00,0
23/11/2023 13:00,0
23/11/2023 14:00,0
23/11/2023 15:00,9.09400997
23/11/2023 16:00,10.61629168
23/11/2023 17:00,10.43107672
23/11/2023 18:00,10.34427524
23/11/2023 19:00,10.08814903
23/11/2023 20:00,9.981456111
23/11/2023 21:00,10.08799299
23/11/2023 22:00,10.19530961
23/11/2023 23:00,10.23710238
24/11/2023 0:00,10.19917342
24/11/2023 1:00,10.20842139
24/11/2023 2:00,10.32913403
24/11/2023 3:00,10.31956962
24/11/2023 4:00,10.39367993
24/11/2023 5:00,10.25995704
24/11/2023 6:00,10.18905216
24/11/2023 7:00,4.374616364
24/11/2023 8:00,0
24/11/2023 9:00,0
24/11/2023 10:00,0
24/11/2023 11:00,0
24/11/2023 12:00,0
24/11/2023 13:00,1.571442672
24/11/2023 14:00,7.38359015
24/11/2023 15:00,10.23036418
24/11/2023 16:00,10.60362826
24/11/2023 17:00,10.43565422
24/11/2023 18:00,10.45374744
24/11/2023 19:00,10.36725246
24/11/2023 20:00,10.36211875
24/11/2023 21:00,10.27006221
24/11/2023 22:00,10.27586585
24/11/2023 23:00,10.22135683
25/11/2023 0:00,10.10576964
25/11/2023 1:00,10.04635044
25/11/2023 2:00,10.05305229
25/11/2023 3:00,10.18864533
25/11/2023 4:00,9.973228763
25/11/2023 5:00,10.00108452
25/11/2023 6:00,10.03018936
25/11/2023 7:00,5.466639028
25/11/2023 8:00,0
25/11/2023 9:00,0
25/11/2023 10:00,0
25/11/2023 11:00,0
25/11/2023 12:00,0
25/11/2023 13:00,1.564428053
25/11/2023 14:00,1.230227674
25/11/2023 15:00,10.80370315
25/11/2023 16:00,10.53696402
25/11/2023 17:00,10.44074986
25/11/2023 18:00,10.31539079
25/11/2023 19:00,10.48878975
25/11/2023 20:00,10.29378374
25/11/2023 21:00,10.2381392
25/11/2023 22:00,10.21183126
25/11/2023 23:00,10.21756357
26/11/2023 0:00,10.1948697
26/11/2023 1:00,10.15891826
26/11/2023 2:00,10.05996817
26/11/2023 3:00,10.27560624
26/11/2023 4:00,10.15406415
26/11/2023 5:00,10.08465666
26/11/2023 6:00,10.11131484
26/11/2023 7:00,10.1772994
26/11/2023 8:00,7.753367935
26/11/2023 9:00,0
26/11/2023 10:00,0
26/11/2023 11:00,0
26/11/2023 12:00,0
26/11/2023 13:00,1.280638875
26/11/2023 14:00,2.889706339
26/11/2023 15:00,10.70015526
26/11/2023 16:00,10.61358296
26/11/2023 17:00,10.3920272
26/11/2023 18:00,10.34460828
26/11/2023 19:00,10.28229128
26/11/2023 20:00,10.15787401
26/11/2023 21:00,10.29583517
26/11/2023 22:00,10.18156347
26/11/2023 23:00,10.11657785
27/11/2023 0:00,10.1800915
27/11/2023 1:00,10.20497266
27/11/2023 2:00,10.15691287
27/11/2023 3:00,10.2736954
27/11/2023 4:00,10.28054043
27/11/2023 5:00,10.220909
27/11/2023 6:00,9.106155446
27/11/2023 7:00,0
27/11/2023 8:00,0
27/11/2023 9:00,0
27/11/2023 10:00,0
27/11/2023 11:00,0
27/11/2023 12:00,0
27/11/2023 13:00,0
27/11/2023 14:00,0.298408596
27/11/2023 15:00,10.97426202
27/11/2023 16:00,10.6690963
27/11/2023 17:00,10.52494883
27/11/2023 18:00,10.39411489
27/11/2023 19:00,10.28343503
27/11/2023 20:00,10.27968809
27/11/2023 21:00,10.26773114
27/11/2023 22:00,10.21574214
27/11/2023 23:00,10.20010382
28/11/2023 0:00,10.35716087
28/11/2023 1:00,10.29060249
28/11/2023 2:00,10.27081558
28/11/2023 3:00,10.31824207
28/11/2023 4:00,10.15421011
28/11/2023 5:00,10.18342083
28/11/2023 6:00,10.26354467
28/11/2023 7:00,2.552482983
28/11/2023 8:00,0
28/11/2023 9:00,0
28/11/2023 10:00,0
28/11/2023 11:00,0
28/11/2023 12:00,0
28/11/2023 13:00,0
28/11/2023 14:00,5.311126024
28/11/2023 15:00,10.806788
28/11/2023 16:00,10.63505384
28/11/2023 17:00,10.53529909
28/11/2023 18:00,10.44687506
28/11/2023 19:00,10.37786082
28/11/2023 20:00,10.14281043
28/11/2023 21:00,10.21409665
28/11/2023 22:00,10.2285823
28/11/2023 23:00,10.21335689
29/11/2023 0:00,10.08971125
29/11/2023 1:00,10.02672619
29/11/2023 2:00,10.09134179
29/11/2023 3:00,10.24002825
29/11/2023 4:00,10.11513796
29/11/2023 5:00,10.04082521
29/11/2023 6:00,10.17515857
29/11/2023 7:00,9.331642947
29/11/2023 8:00,0.545110889
29/11/2023 9:00,0
29/11/2023 10:00,0
29/11/2023 11:00,0
29/11/2023 12:00,0
29/11/2023 13:00,0
29/11/2023 14:00,1.67247857
29/11/2023 15:00,10.72781003
29/11/2023 16:00,10.56523059
29/11/2023 17:00,10.56025246
29/11/2023 18:00,10.47820874
29/11/2023 19:00,10.46820826
29/11/2023 20:00,10.46960254
29/11/2023 21:00,10.38299953
29/11/2023 22:00,10.35812322
29/11/2023 23:00,10.34780388
30/11/2023 0:00,10.23030035
30/11/2023 1:00,10.1860067
30/11/2023 2:00,10.23315107
30/11/2023 3:00,10.28506569
30/11/2023 4:00,10.23855523
30/11/2023 5:00,10.11834761
30/11/2023 6:00,10.26201747
30/11/2023 7:00,1.563411601
30/11/2023 8:00,0
30/11/2023 9:00,0
30/11/2023 10:00,0
30/11/2023 11:00,0
30/11/2023 12:00,0
30/11/2023 13:00,0
30/11/2023 14:00,7.359561941
30/11/2023 15:00,10.70753445
30/11/2023 16:00,10.55303054
30/11/2023 17:00,10.46933159
30/11/2023 18:00,10.4082328
30/11/2023 19:00,10.33646857
30/11/2023 20:00,10.38291467
30/11/2023 21:00,10.31924699
30/11/2023 22:00,10.20861654
30/11/2023 23:00,10.2615828
01/12/2023 0:00,10.21215784
01/12/2023 1:00,10.17324541
01/12/2023 2:00,10.14634447
01/12/2023 3:00,10.0677512
01/12/2023 4:00,10.11308937
01/12/2023 5:00,9.995362914
01/12/2023 6:00,9.950283556
01/12/2023 7:00,9.861650875
01/12/2023 8:00,10.17308097
01/12/2023 9:00,10.18738722
01/12/2023 10:00,10.17064577
01/12/2023 11:00,10.10031301
01/12/2023 12:00,10.2120467
01/12/2023 13:00,10.23675857
01/12/2023 14:00,10.18521862
01/12/2023 15:00,9.949652521
01/12/2023 16:00,10.06304952
01/12/2023 17:00,9.879553809
01/12/2023 18:00,10.00086669
01/12/2023 19:00,10.05460089
01/12/2023 20:00,9.950136255
01/12/2023 21:00,9.956692147
01/12/2023 22:00,10.08098414
01/12/2023 23:00,10.02079122
02/12/2023 0:00,9.969549099
02/12/2023 1:00,9.962702436
02/12/2023 2:00,9.95252022
02/12/2023 3:00,10.17406279
02/12/2023 4:00,10.11138063
02/12/2023 5:00,9.965400428
02/12/2023 6:00,10.15054878
02/12/2023 7:00,10.13700474
02/12/2023 8:00,10.04168995
02/12/2023 9:00,10.06704476
02/12/2023 10:00,10.12502496
02/12/2023 11:00,10.06052108
02/12/2023 12:00,9.887594625
02/12/2023 13:00,10.06531165
02/12/2023 14:00,9.936652158
02/12/2023 15:00,10.55585267
02/12/2023 16:00,10.82233468
02/12/2023 17:00,10.56221819
02/12/2023 18:00,10.61816366
02/12/2023 19:00,10.41440633
02/12/2023 20:00,10.23550503
02/12/2023 21:00,10.34778057
02/12/2023 22:00,10.32108973
02/12/2023 23:00,10.22871054
03/12/2023 0:00,10.15058822
03/12/2023 1:00,10.18422871
03/12/2023 2:00,10.3551831
03/12/2023 3:00,10.44382466
03/12/2023 4:00,10.36981864
03/12/2023 5:00,10.33751548
03/12/2023 6:00,10.20240195
03/12/2023 7:00,10.12642284
03/12/2023 8:00,10.12304313
03/12/2023 9:00,9.921238422
03/12/2023 10:00,10.35521719
03/12/2023 11:00,10.31070812
03/12/2023 12:00,10.31666502
03/12/2023 13:00,10.37685159
03/12/2023 14:00,10.30175718
03/12/2023 15:00,10.11772953
03/12/2023 16:00,10.1461246
03/12/2023 17:00,10.14562073
03/12/2023 18:00,10.21912213
03/12/2023 19:00,10.04697949
03/12/2023 20:00,9.939578417
03/12/2023 21:00,10.12198137
03/12/2023 22:00,10.06587475
03/12/2023 23:00,10.13978713
04/12/2023 0:00,10.16647234
04/12/2023 1:00,10.22596702
04/12/2023 2:00,10.06483263
04/12/2023 3:00,10.09553469
04/12/2023 4:00,10.09372894
04/12/2023 5:00,10.12191064
04/12/2023 6:00,10.05216083
04/12/2023 7:00,10.08897956
04/12/2023 8:00,10.06580121
04/12/2023 9:00,10.09591122
04/12/2023 10:00,9.847325412
04/12/2023 11:00,9.83483965
04/12/2023 12:00,9.997899567
04/12/2023 13:00,9.978566564
04/12/2023 14:00,9.844611335
04/12/2023 15:00,9.870868514
04/12/2023 16:00,9.931452897
04/12/2023 17:00,9.830497891
04/12/2023 18:00,10.23975123
04/12/2023 19:00,10.11223664
04/12/2023 20:00,10.08479958
04/12/2023 21:00,9.942050586
04/12/2023 22:00,10.07890498
04/12/2023 23:00,10.26189138
05/12/2023 0:00,10.14012397
05/12/2023 1:00,10.13695378
05/12/2023 2:00,10.20998631
05/12/2023 3:00,10.17811342
05/12/2023 4:00,10.13812664
05/12/2023 5:00,10.03139008
05/12/2023 6:00,10.06949407
05/12/2023 7:00,9.924902825
05/12/2023 8:00,9.969422394
05/12/2023 9:00,9.999841773
05/12/2023 10:00,9.973720536
05/12/2023 11:00,10.06008568
05/12/2023 12:00,9.981264336
05/12/2023 13:00,10.10524314
05/12/2023 14:00,9.764609183
05/12/2023 15:00,9.863125967
05/12/2023 16:00,9.941914164
05/12/2023 17:00,10.12850721
05/12/2023 18:00,9.885709389
05/12/2023 19:00,9.911022539
05/12/2023 20:00,9.975226363
05/12/2023 21:00,9.909336432
05/12/2023 22:00,9.856657696
05/12/2023 23:00,9.877974516
06/12/2023 0:00,9.770221447
06/12/2023 1:00,9.784594627
06/12/2023 2:00,9.823713576
06/12/2023 3:00,9.894584117
06/12/2023 4:00,9.957415906
06/12/2023 5:00,9.921193259
06/12/2023 6:00,10.04252851
06/12/2023 7:00,9.933671319
06/12/2023 8:00,9.735175958
06/12/2023 9:00,9.770293291
06/12/2023 10:00,9.820369524
06/12/2023 11:00,9.708050093
06/12/2023 12:00,9.715079051
06/12/2023 13:00,9.918811528
06/12/2023 14:00,9.766481538
06/12/2023 15:00,9.797534031
06/12/2023 16:00,9.81136596
06/12/2023 17:00,9.867585627
06/12/2023 18:00,9.862988158
06/12/2023 19:00,9.85212012
06/12/2023 20:00,9.811653989
06/12/2023 21:00,9.818256063
06/12/2023 22:00,9.983289611
06/12/2023 23:00,9.914995086
07/12/2023 0:00,10.0052425
07/12/2023 1:00,9.902200194
07/12/2023 2:00,9.921306997
07/12/2023 3:00,10.02902481
07/12/2023 4:00,9.939171672
07/12/2023 5:00,9.793511542
07/12/2023 6:00,9.820907127
07/12/2023 7:00,9.683713306
07/12/2023 8:00,9.959055206
07/12/2023 9:00,9.76459244
07/12/2023 10:00,9.761593172
07/12/2023 11:00,9.805912958
07/12/2023 12:00,9.794723628
07/12/2023 13:00,9.897744411
07/12/2023 14:00,9.806309111
07/12/2023 15:00,9.721804172
07/12/2023 16:00,9.806976139
07/12/2023 17:00,9.749049214
07/12/2023 18:00,9.814536414
07/12/2023 19:00,9.826285081
07/12/2023 20:00,9.833871924
07/12/2023 21:00,9.765899386
07/12/2023 22:00,9.789371928
07/12/2023 23:00,9.895229617
08/12/2023 0:00,9.895409731
08/12/2023 1:00,9.859756917
08/12/2023 2:00,9.826648389
08/12/2023 3:00,10.0560062
08/12/2023 4:00,9.785318007
08/12/2023 5:00,9.816962872
08/12/2023 6:00,9.665869031
08/12/2023 7:00,9.785208022
08/12/2023 8:00,9.76314947
08/12/2023 9:00,9.756532336
08/12/2023 10:00,9.864295972
08/12/2023 11:00,9.966693889
08/12/2023 12:00,10.06127758
08/12/2023 13:00,10.03462068
08/12/2023 14:00,9.802365522
08/12/2023 15:00,9.791602575
08/12/2023 16:00,9.861445031
08/12/2023 17:00,9.755291642
08/12/2023 18:00,9.681802886
08/12/2023 19:00,9.773634758
08/12/2023 20:00,9.806844378
08/12/2023 21:00,9.88474715
08/12/2023 22:00,9.802635017
08/12/2023 23:00,9.885506089
09/12/2023 0:00,9.882532853
09/12/2023 1:00,9.788177939
09/12/2023 2:00,9.932313869
09/12/2023 3:00,9.902506167
09/12/2023 4:00,9.736670853
09/12/2023 5:00,9.794139958
09/12/2023 6:00,9.792416922
09/12/2023 7:00,9.800020494
09/12/2023 8:00,9.861197006
09/12/2023 9:00,9.807663285
09/12/2023 10:00,9.843439819
09/12/2023 11:00,9.781828883
09/12/2023 12:00,9.767577247
09/12/2023 13:00,9.850653067
09/12/2023 14:00,9.763524239
09/12/2023 15:00,9.714899658
09/12/2023 16:00,9.763238481
09/12/2023 17:00,9.685665669
09/12/2023 18:00,9.7673747
09/12/2023 19:00,9.709801969
09/12/2023 20:00,9.639948583
09/12/2023 21:00,9.675236148
09/12/2023 22:00,9.655577175
09/12/2023 23:00,9.777092531
10/12/2023 0:00,9.736242492
10/12/2023 1:00,9.683614494
10/12/2023 2:00,9.719298388
10/12/2023 3:00,9.735678681
10/12/2023 4:00,9.640179981
10/12/2023 5:00,9.671797339
10/12/2023 6:00,9.728607686
10/12/2023 7:00,9.670251789
10/12/2023 8:00,9.803972573
10/12/2023 9:00,9.878755058
10/12/2023 10:00,9.7920303
10/12/2023 11:00,9.738035175
10/12/2023 12:00,9.723787253
10/12/2023 13:00,9.880272942
10/12/2023 14:00,9.719371383
10/12/2023 15:00,9.642118772
10/12/2023 16:00,9.618957297
10/12/2023 17:00,9.544503192
10/12/2023 18:00,9.678058772
10/12/2023 19:00,9.762726942
10/12/2023 20:00,9.662108197
10/12/2023 21:00,9.751329253
10/12/2023 22:00,9.723061875
10/12/2023 23:00,9.826344314
11/12/2023 0:00,9.665170577
11/12/2023 1:00,9.542106594
11/12/2023 2:00,9.751637475
11/12/2023 3:00,9.852917775
11/12/2023 4:00,9.684819525
11/12/2023 5:00,9.639451125
11/12/2023 6:00,9.651101825
11/12/2023 7:00,9.835017681
11/12/2023 8:00,9.799015861
11/12/2023 9:00,9.804760725
11/12/2023 10:00,9.843643863
11/12/2023 11:00,9.700196064
11/12/2023 12:00,9.729314475
11/12/2023 13:00,9.906192781
11/12/2023 14:00,9.836401375
11/12/2023 15:00,9.761214071
11/12/2023 16:00,9.701329833
11/12/2023 17:00,9.821892714
11/12/2023 18:00,9.697863133
11/12/2023 19:00,9.673940914
11/12/2023 20:00,9.7208093
11/12/2023 21:00,10.30074542
11/12/2023 22:00,10.43418005
11/12/2023 23:00,10.35959531
12/12/2023 0:00,10.19507775
12/12/2023 1:00,10.12648125
12/12/2023 2:00,10.109923
12/12/2023 3:00,10.07966355
12/12/2023 4:00,10.19238868
12/12/2023 5:00,10.1846506
12/12/2023 6:00,10.21796098
12/12/2023 7:00,6.573757058
12/12/2023 8:00,0
12/12/2023 9:00,0
12/12/2023 10:00,0
12/12/2023 11:00,0
12/12/2023 12:00,0
12/12/2023 13:00,0
12/12/2023 14:00,6.320966226
12/12/2023 15:00,10.67516286
12/12/2023 16:00,10.36986226
12/12/2023 17:00,10.53446454
12/12/2023 18:00,10.31970265
12/12/2023 19:00,10.28337504
12/12/2023 20:00,9.87834975
12/12/2023 21:00,10.2014909
12/12/2023 22:00,10.22811611
12/12/2023 23:00,10.16292629
13/12/2023 0:00,10.07356558
13/12/2023 1:00,9.976805467
13/12/2023 2:00,10.03904692
13/12/2023 3:00,10.09476469
13/12/2023 4:00,10.17123617
13/12/2023 5:00,10.04772703
13/12/2023 6:00,10.08458813
13/12/2023 7:00,3.559313372
13/12/2023 8:00,0
13/12/2023 9:00,0
13/12/2023 10:00,0
13/12/2023 11:00,0
13/12/2023 12:00,0
13/12/2023 13:00,0
13/12/2023 14:00,2.259370494
13/12/2023 15:00,10.821627
13/12/2023 16:00,10.59103938
13/12/2023 17:00,10.45840711
13/12/2023 18:00,10.42520365
13/12/2023 19:00,10.21749829
13/12/2023 20:00,10.16048307
13/12/2023 21:00,10.11722248
13/12/2023 22:00,10.09511216
13/12/2023 23:00,10.14877446
14/12/2023 0:00,10.12690434
14/12/2023 1:00,10.05073874
14/12/2023 2:00,10.07583919
14/12/2023 3:00,10.07740613
14/12/2023 4:00,10.1122175
14/12/2023 5:00,10.15042747
14/12/2023 6:00,10.31268093
14/12/2023 7:00,10.26373736
14/12/2023 8:00,1.031773911
14/12/2023 9:00,0
14/12/2023 10:00,0
14/12/2023 11:00,0
14/12/2023 12:00,0
14/12/2023 13:00,0
14/12/2023 14:00,3.757190058
14/12/2023 15:00,10.87637116
14/12/2023 16:00,10.73326742
14/12/2023 17:00,10.61270279
14/12/2023 18:00,10.41130026
14/12/2023 19:00,10.52675086
14/12/2023 20:00,10.38723171
14/12/2023 21:00,10.44313925
14/12/2023 22:00,10.43415975
14/12/2023 23:00,10.42380182
15/12/2023 0:00,10.31686751
15/12/2023 1:00,10.33670896
15/12/2023 2:00,10.26344466
15/12/2023 3:00,10.35688149
15/12/2023 4:00,10.22898194
15/12/2023 5:00,10.22740861
15/12/2023 6:00,10.12172255
15/12/2023 7:00,2.022010577
15/12/2023 8:00,0
15/12/2023 9:00,0
15/12/2023 10:00,0
15/12/2023 11:00,0
15/12/2023 12:00,0
15/12/2023 13:00,0
15/12/2023 14:00,5.244090377
15/12/2023 15:00,10.87294513
15/12/2023 16:00,10.54212234
15/12/2023 17:00,10.54471651
15/12/2023 18:00,10.48003164
15/12/2023 19:00,10.43877832
15/12/2023 20:00,10.38954717
15/12/2023 21:00,10.31444164
15/12/2023 22:00,10.35262772
15/12/2023 23:00,10.2388331
16/12/2023 0:00,10.19962082
16/12/2023 1:00,10.25633991
16/12/2023 2:00,10.11142526
16/12/2023 3:00,10.20517601
16/12/2023 4:00,10.31204232
16/12/2023 5:00,10.20945526
16/12/2023 6:00,10.25315232
16/12/2023 7:00,1.538649069
16/12/2023 8:00,0
16/12/2023 9:00,0
16/12/2023 10:00,0
16/12/2023 11:00,0
16/12/2023 12:00,0
16/12/2023 13:00,0
16/12/2023 14:00,0
16/12/2023 15:00,10.56107539
16/12/2023 16:00,10.50179846
16/12/2023 17:00,10.45137988
16/12/2023 18:00,10.37458128
16/12/2023 19:00,10.13177533
16/12/2023 20:00,10.16188757
16/12/2023 21:00,10.07400841
16/12/2023 22:00,10.14734882
16/12/2023 23:00,10.267704
17/12/2023 0:00,10.26905345
17/12/2023 1:00,10.07670018
17/12/2023 2:00,10.17569744
17/12/2023 3:00,10.28095033
17/12/2023 4:00,10.26295355
17/12/2023 5:00,10.21001779
17/12/2023 6:00,10.24319515
17/12/2023 7:00,1.697539767
17/12/2023 8:00,0
17/12/2023 9:00,0
17/12/2023 10:00,0
17/12/2023 11:00,0
17/12/2023 12:00,0
17/12/2023 13:00,0
17/12/2023 14:00,0.999180119
17/12/2023 15:00,10.98056864
17/12/2023 16:00,10.66538123
17/12/2023 17:00,10.56565481
17/12/2023 18:00,10.52308124
17/12/2023 19:00,10.22787054
17/12/2023 20:00,10.36583825
17/12/2023 21:00,10.36090169
17/12/2023 22:00,10.24670723
17/12/2023 23:00,10.13494538
18/12/2023 0:00,10.24449126
18/12/2023 1:00,10.13289956
18/12/2023 2:00,10.23259543
18/12/2023 3:00,10.18796204
18/12/2023 4:00,10.20664188
18/12/2023 5:00,10.20223101
18/12/2023 6:00,10.1434135
18/12/2023 7:00,3.246050576
18/12/2023 8:00,0
18/12/2023 9:00,0
18/12/2023 10:00,0
18/12/2023 11:00,0
18/12/2023 12:00,0
18/12/2023 13:00,0
18/12/2023 14:00,0.953854561
18/12/2023 15:00,10.81833314
18/12/2023 16:00,10.50260124
18/12/2023 17:00,10.52901246
18/12/2023 18:00,10.40992632
18/12/2023 19:00,10.23734417
18/12/2023 20:00,10.21677701
18/12/2023 21:00,10.13597475
18/12/2023 22:00,10.15461188
18/12/2023 23:00,10.15145772
19/12/2023 0:00,10.1131848
19/12/2023 1:00,10.07536952
19/12/2023 2:00,10.07534479
19/12/2023 3:00,10.12410681
19/12/2023 4:00,10.08931946
19/12/2023 5:00,10.18059501
19/12/2023 6:00,10.42356657
19/12/2023 7:00,2.729239656
19/12/2023 8:00,0
19/12/2023 9:00,0
19/12/2023 10:00,0
19/12/2023 11:00,0
19/12/2023 12:00,0
19/12/2023 13:00,0
19/12/2023 14:00,0
19/12/2023 15:00,9.832510199
19/12/2023 16:00,10.49383668
19/12/2023 17:00,10.41027453
19/12/2023 18:00,10.3102899
19/12/2023 19:00,10.35814033
19/12/2023 20:00,10.28865701
19/12/2023 21:00,10.22940722
19/12/2023 22:00,10.13553793
19/12/2023 23:00,10.31412151
20/12/2023 0:00,10.23613505
20/12/2023 1:00,10.08514125
20/12/2023 2:00,10.14024201
20/12/2023 3:00,10.20089644
20/12/2023 4:00,10.09825791
20/12/2023 5:00,10.15875041
20/12/2023 6:00,10.19505111
20/12/2023 7:00,7.454316281
20/12/2023 8:00,0.047952847
20/12/2023 9:00,0
20/12/2023 10:00,0
20/12/2023 11:00,0
20/12/2023 12:00,0
20/12/2023 13:00,0
20/12/2023 14:00,1.473412456
20/12/2023 15:00,10.89062233
20/12/2023 16:00,10.56205386
20/12/2023 17:00,10.61987617
20/12/2023 18:00,10.42101631
20/12/2023 19:00,10.40553258
20/12/2023 20:00,10.37004393
20/12/2023 21:00,10.33038071
20/12/2023 22:00,10.25976167
20/12/2023 23:00,10.30362448
21/12/2023 0:00,10.19207981
21/12/2023 1:00,10.13719158
21/12/2023 2:00,10.13933764
21/12/2023 3:00,10.14637316
21/12/2023 4:00,10.12136571
21/12/2023 5:00,10.16076453
21/12/2023 6:00,10.10599221
21/12/2023 7:00,6.953806926
21/12/2023 8:00,0
21/12/2023 9:00,0
21/12/2023 10:00,0
21/12/2023 11:00,0
21/12/2023 12:00,0
21/12/2023 13:00,3.372810403
21/12/2023 14:00,10.8419594
21/12/2023 15:00,10.60318959
21/12/2023 16:00,10.43683276
21/12/2023 17:00,10.41364359
21/12/2023 18:00,10.49244074
21/12/2023 19:00,10.39383926
21/12/2023 20:00,10.34551338
21/12/2023 21:00,10.4124984
21/12/2023 22:00,10.27239792
21/12/2023 23:00,10.36041228
22/12/2023 0:00,10.15929053
22/12/2023 1:00,10.17530035
22/12/2023 2:00,10.18062143
22/12/2023 3:00,10.13607491
22/12/2023 4:00,10.13732919
22/12/2023 5:00,10.12565171
22/12/2023 6:00,10.17113669
22/12/2023 7:00,5.711960072
22/12/2023 8:00,0
22/12/2023 9:00,0
22/12/2023 10:00,0
22/12/2023 11:00,0
22/12/2023 12:00,2.105601334
22/12/2023 13:00,0.512684467
22/12/2023 14:00,4.444422297
22/12/2023 15:00,10.83545215
22/12/2023 16:00,10.61444176
22/12/2023 17:00,10.53817217
22/12/2023 18:00,10.44280758
22/12/2023 19:00,10.4445339
22/12/2023 20:00,10.41906273
22/12/2023 21:00,10.37794171
22/12/2023 22:00,10.37688891
22/12/2023 23:00,10.43033154
23/12/2023 0:00,10.33983046
23/12/2023 1:00,10.41247515
23/12/2023 2:00,10.34827216
23/12/2023 3:00,11.03743358
23/12/2023 4:00,10.59044053
23/12/2023 5:00,10.36624254
23/12/2023 6:00,10.29287973
23/12/2023 7:00,7.864903085
23/12/2023 8:00,0
23/12/2023 9:00,0
23/12/2023 10:00,0
23/12/2023 11:00,0
23/12/2023 12:00,0
23/12/2023 13:00,0
23/12/2023 14:00,2.065789316
23/12/2023 15:00,10.698418
23/12/2023 16:00,10.5660431
23/12/2023 17:00,10.60613464
23/12/2023 18:00,10.45992687
23/12/2023 19:00,10.4111695
23/12/2023 20:00,10.4074344
23/12/2023 21:00,10.55416081
23/12/2023 22:00,10.40682579
23/12/2023 23:00,10.32674867
24/12/2023 0:00,10.26658166
24/12/2023 1:00,10.2426637
24/12/2023 2:00,10.2896341
24/12/2023 3:00,10.32531378
24/12/2023 4:00,10.13535194
24/12/2023 5:00,10.22331448
24/12/2023 6:00,10.09931388
24/12/2023 7:00,9.347081413
24/12/2023 8:00,0
24/12/2023 9:00,0
24/12/2023 10:00,0
24/12/2023 11:00,0
24/12/2023 12:00,0
24/12/2023 13:00,0
24/12/2023 14:00,2.404570593
24/12/2023 15:00,10.832179
24/12/2023 16:00,10.63134094
24/12/2023 17:00,10.40419046
24/12/2023 18:00,10.32614836
24/12/2023 19:00,10.31547001
24/12/2023 20:00,10.2149818
24/12/2023 21:00,10.25353672
24/12/2023 22:00,10.33492659
24/12/2023 23:00,10.27158729
25/12/2023 0:00,10.3692424
25/12/2023 1:00,10.31687417
25/12/2023 2:00,10.14539044
25/12/2023 3:00,10.14513502
25/12/2023 4:00,10.22375908
25/12/2023 5:00,10.11155339
25/12/2023 6:00,10.19972608
25/12/2023 7:00,5.754540683
25/12/2023 8:00,0
25/12/2023 9:00,0
25/12/2023 10:00,0
25/12/2023 11:00,0
25/12/2023 12:00,0
25/12/2023 13:00,0
25/12/2023 14:00,2.722639776
25/12/2023 15:00,10.70846912
25/12/2023 16:00,10.65771561
25/12/2023 17:00,10.51384256
25/12/2023 18:00,10.48877634
25/12/2023 19:00,10.31966179
25/12/2023 20:00,10.29776757
25/12/2023 21:00,10.47567496
25/12/2023 22:00,10.29691133
25/12/2023 23:00,10.39506011
26/12/2023 0:00,10.34077127
26/12/2023 1:00,10.27272234
26/12/2023 2:00,10.25461789
26/12/2023 3:00,10.22907988
26/12/2023 4:00,10.07516221
26/12/2023 5:00,10.13392821
26/12/2023 6:00,10.1085079
26/12/2023 7:00,3.550201508
26/12/2023 8:00,0
26/12/2023 9:00,0
26/12/2023 10:00,0
26/12/2023 11:00,0
26/12/2023 12:00,0
26/12/2023 13:00,0
26/12/2023 14:00,3.444645315
26/12/2023 15:00,10.92515569
26/12/2023 16:00,10.61141301
26/12/2023 17:00,10.49597655
26/12/2023 18:00,10.44060755
26/12/2023 19:00,10.38302583
26/12/2023 20:00,10.20537795
26/12/2023 21:00,10.36535647
26/12/2023 22:00,10.49851101
26/12/2023 23:00,10.40171062
27/12/2023 0:00,10.33588256
27/12/2023 1:00,10.25910278
27/12/2023 2:00,10.30935271
27/12/2023 3:00,10.17208824
27/12/2023 4:00,10.08451134
27/12/2023 5:00,10.12466128
27/12/2023 6:00,10.24868523
27/12/2023 7:00,2.213819036
27/12/2023 8:00,0
27/12/2023 9:00,0
27/12/2023 10:00,0
27/12/2023 11:00,0
27/12/2023 12:00,0
27/12/2023 13:00,0
27/12/2023 14:00,0
27/12/2023 15:00,10.65616474
27/12/2023 16:00,10.75086403
27/12/2023 17:00,10.65449297
27/12/2023 18:00,10.47149369
27/12/2023 19:00,10.31373995
27/12/2023 20:00,10.32213314
27/12/2023 21:00,10.25490501
27/12/2023 22:00,10.23173814
27/12/2023 23:00,10.29898158
28/12/2023 0:00,10.17055475
28/12/2023 1:00,10.15124672
28/12/2023 2:00,10.21071365
28/12/2023 3:00,10.2126431
28/12/2023 4:00,10.23104198
28/12/2023 5:00,10.24720412
28/12/2023 6:00,10.18566991
28/12/2023 7:00,2.925037875
28/12/2023 8:00,0
28/12/2023 9:00,0
28/12/2023 10:00,0
28/12/2023 11:00,0
28/12/2023 12:00,0
28/12/2023 13:00,0
28/12/2023 14:00,0
28/12/2023 15:00,10.47449273
28/12/2023 16:00,10.72006943
28/12/2023 17:00,10.6094824
28/12/2023 18:00,10.54606608
28/12/2023 19:00,10.43088337
28/12/2023 20:00,10.39896122
28/12/2023 21:00,10.33087501
28/12/2023 22:00,10.32453051
28/12/2023 23:00,10.37343131
29/12/2023 0:00,10.35052698
29/12/2023 1:00,10.4175918
29/12/2023 2:00,10.38686514
29/12/2023 3:00,10.3545129
29/12/2023 4:00,10.45202778
29/12/2023 5:00,10.29336637
29/12/2023 6:00,10.27722672
29/12/2023 7:00,4.091998197
29/12/2023 8:00,0
29/12/2023 9:00,0
29/12/2023 10:00,0
29/12/2023 11:00,0
29/12/2023 12:00,0
29/12/2023 13:00,0
29/12/2023 14:00,0
29/12/2023 15:00,10.14282885
29/12/2023 16:00,10.70171091
29/12/2023 17:00,10.65274857
29/12/2023 18:00,10.49463205
29/12/2023 19:00,10.36447462
29/12/2023 20:00,10.65541819
29/12/2023 21:00,10.57862871
29/12/2023 22:00,10.52724038
29/12/2023 23:00,10.42239448
30/12/2023 0:00,10.30994384
30/12/2023 1:00,10.26233935
30/12/2023 2:00,10.29692713
30/12/2023 3:00,10.31565199
30/12/2023 4:00,10.09780485
30/12/2023 5:00,10.14970356
30/12/2023 6:00,10.21472287
30/12/2023 7:00,4.019685903
30/12/2023 8:00,0
30/12/2023 9:00,0
30/12/2023 10:00,0
30/12/2023 11:00,0
30/12/2023 12:00,0
30/12/2023 13:00,0
30/12/2023 14:00,0
30/12/2023 15:00,8.568802654
30/12/2023 16:00,10.63254101
30/12/2023 17:00,10.50230506
30/12/2023 18:00,10.42345216
30/12/2023 19:00,10.39095922
30/12/2023 20:00,10.18765716
30/12/2023 21:00,10.14044397
30/12/2023 22:00,10.22484401
30/12/2023 23:00,10.2992138
31/12/2023 0:00,10.18097676
31/12/2023 1:00,10.25505706
31/12/2023 2:00,10.25910035
31/12/2023 3:00,10.26189815
31/12/2023 4:00,10.12320267
31/12/2023 5:00,10.08965178
31/12/2023 6:00,10.14465377
31/12/2023 7:00,2.881784919
31/12/2023 8:00,0
31/12/2023 9:00,0
31/12/2023 10:00,0
31/12/2023 11:00,0
31/12/2023 12:00,0
31/12/2023 13:00,0
31/12/2023 14:00,2.028605429
31/12/2023 15:00,10.8119863
31/12/2023 16:00,10.7080587
31/12/2023 17:00,10.45227836
31/12/2023 18:00,10.45489695
31/12/2023 19:00,10.3743877
31/12/2023 20:00,10.32238899
31/12/2023 21:00,10.27615379
31/12/2023 22:00,10.29937653
31/12/2023 23:00,10.32447633
01/01/2024 0:00,10.31770123
01/01/2024 1:00,10.08598104
01/01/2024 2:00,10.08863096
01/01/2024 3:00,10.16006783
01/01/2024 4:00,10.12168622
01/01/2024 5:00,10.07903418
01/01/2024 6:00,10.26428705
01/01/2024 7:00,3.959391606
01/01/2024 8:00,0
01/01/2024 9:00,0
01/01/2024 10:00,0
01/01/2024 11:00,0
01/01/2024 12:00,0
01/01/2024 13:00,0
01/01/2024 14:00,0
01/01/2024 15:00,8.399895081
01/01/2024 16:00,10.79163609
01/01/2024 17:00,10.47711247
01/01/2024 18:00,10.2909508
01/01/2024 19:00,10.38170281
01/01/2024 20:00,10.36868488
01/01/2024 21:00,10.34086414
01/01/2024 22:00,10.24934888
01/01/2024 23:00,10.22912019
02/01/2024 0:00,10.22544533
02/01/2024 1:00,10.19828521
02/01/2024 2:00,10.16661185
02/01/2024 3:00,10.29209297
02/01/2024 4:00,10.22380754
02/01/2024 5:00,10.117336
02/01/2024 6:00,10.08594823
02/01/2024 7:00,5.248270393
02/01/2024 8:00,0
02/01/2024 9:00,0
02/01/2024 10:00,0
02/01/2024 11:00,0.798489097
02/01/2024 12:00,0
02/01/2024 13:00,0
02/01/2024 14:00,1.082951422
02/01/2024 15:00,10.69151083
02/01/2024 16:00,10.4469757
02/01/2024 17:00,10.42344341
02/01/2024 18:00,10.2798399
02/01/2024 19:00,10.32760173
02/01/2024 20:00,10.24896634
02/01/2024 21:00,10.25485969
02/01/2024 22:00,10.23786383
02/01/2024 23:00,10.27302495
03/01/2024 0:00,10.21342609
03/01/2024 1:00,10.12568745
03/01/2024 2:00,10.09354866
03/01/2024 3:00,10.17423865
03/01/2024 4:00,10.21712188
03/01/2024 5:00,10.18817386
03/01/2024 6:00,10.14211642
03/01/2024 7:00,4.060772986
03/01/2024 8:00,0
03/01/2024 9:00,0
03/01/2024 10:00,0
03/01/2024 11:00,0
03/01/2024 12:00,0
03/01/2024 13:00,0
03/01/2024 14:00,0
03/01/2024 15:00,7.959478001
03/01/2024 16:00,10.55329976
03/01/2024 17:00,10.43305926
03/01/2024 18:00,10.35519036
03/01/2024 19:00,10.3141234
03/01/2024 20:00,10.27565913
03/01/2024 21:00,10.20427041
03/01/2024 22:00,10.20359771
03/01/2024 23:00,10.08013824
04/01/2024 0:00,10.07178592
04/01/2024 1:00,10.01708935
04/01/2024 2:00,10.10780004
04/01/2024 3:00,10.2158872
04/01/2024 4:00,10.15006339
04/01/2024 5:00,10.06935731
04/01/2024 6:00,9.965469942
04/01/2024 7:00,4.752247053
04/01/2024 8:00,1.335136802
04/01/2024 9:00,0
04/01/2024 10:00,0
04/01/2024 11:00,0
04/01/2024 12:00,0
04/01/2024 13:00,0
04/01/2024 14:00,0
04/01/2024 15:00,8.157305717
04/01/2024 16:00,10.7452587
04/01/2024 17:00,10.56473468
04/01/2024 18:00,10.42634292
04/01/2024 19:00,10.37941276
04/01/2024 20:00,10.35134248
04/01/2024 21:00,10.36136778
04/01/2024 22:00,10.09065727
04/01/2024 23:00,10.20912303
05/01/2024 0:00,10.15254685
05/01/2024 1:00,10.14629254
05/01/2024 2:00,10.1107513
05/01/2024 3:00,10.24119587
05/01/2024 4:00,10.15938292
05/01/2024 5:00,10.21089585
05/01/2024 6:00,10.30617004
05/01/2024 7:00,3.575671191
05/01/2024 8:00,0
05/01/2024 9:00,0
05/01/2024 10:00,0
05/01/2024 11:00,0
05/01/2024 12:00,0
05/01/2024 13:00,0
05/01/2024 14:00,0
05/01/2024 15:00,10.32860984
05/01/2024 16:00,10.72590431
05/01/2024 17:00,10.6251204
05/01/2024 18:00,10.48312661
05/01/2024 19:00,10.47666508
05/01/2024 20:00,10.33494111
05/01/2024 21:00,10.18891001
05/01/2024 22:00,10.12834354
05/01/2024 23:00,10.16555027
06/01/2024 0:00,10.12883174
06/01/2024 1:00,10.06126032
06/01/2024 2:00,10.17997583
06/01/2024 3:00,10.35875732
06/01/2024 4:00,10.27135261
06/01/2024 5:00,10.23494086
06/01/2024 6:00,10.17567018
06/01/2024 7:00,5.636419097
06/01/2024 8:00,0
06/01/2024 9:00,0
06/01/2024 10:00,0
06/01/2024 11:00,0
06/01/2024 12:00,0
06/01/2024 13:00,0
06/01/2024 14:00,0
06/01/2024 15:00,10.54977864
06/01/2024 16:00,10.48396221
06/01/2024 17:00,10.37288966
06/01/2024 18:00,10.41904614
06/01/2024 19:00,10.24963563
06/01/2024 20:00,10.2321251
06/01/2024 21:00,10.15651225
06/01/2024 22:00,10.09731751
06/01/2024 23:00,10.26551163
07/01/2024 0:00,10.1310237
07/01/2024 1:00,10.08851981
07/01/2024 2:00,10.23120283
07/01/2024 3:00,10.16745844
07/01/2024 4:00,10.18527273
07/01/2024 5:00,10.15140069
07/01/2024 6:00,10.16929524
07/01/2024 7:00,6.460075105
07/01/2024 8:00,0
07/01/2024 9:00,0
07/01/2024 10:00,0
07/01/2024 11:00,0
07/01/2024 12:00,0
07/01/2024 13:00,0.204020473
07/01/2024 14:00,9.478787256
07/01/2024 15:00,10.64414859
07/01/2024 16:00,10.33487754
07/01/2024 17:00,10.25221825
07/01/2024 18:00,10.32518994
07/01/2024 19:00,10.21647166
07/01/2024 20:00,10.16181836
07/01/2024 21:00,10.10349678
07/01/2024 22:00,10.05293626
07/01/2024 23:00,10.2206416
08/01/2024 0:00,10.25193452
08/01/2024 1:00,10.1812534
08/01/2024 2:00,10.1606989
08/01/2024 3:00,10.31777072
08/01/2024 4:00,10.1811063
08/01/2024 5:00,10.10679746
08/01/2024 6:00,10.11333423
08/01/2024 7:00,10.19015371
08/01/2024 8:00,10.09484123
08/01/2024 9:00,10.08666765
08/01/2024 10:00,4.630222727
08/01/2024 11:00,10.67660571
08/01/2024 12:00,4.299657002
08/01/2024 13:00,0
08/01/2024 14:00,8.789259454
08/01/2024 15:00,10.66285758
08/01/2024 16:00,10.47455704
08/01/2024 17:00,10.35734657
08/01/2024 18:00,10.15641939
08/01/2024 19:00,10.10845062
08/01/2024 20:00,10.23369531
08/01/2024 21:00,10.20900574
08/01/2024 22:00,10.086816
08/01/2024 23:00,10.1797916
09/01/2024 0:00,10.10534062
09/01/2024 1:00,10.07175858
09/01/2024 2:00,10.00576184
09/01/2024 3:00,10.07635827
09/01/2024 4:00,10.14106647
09/01/2024 5:00,10.11081981
09/01/2024 6:00,10.06794588
09/01/2024 7:00,8.971607938
09/01/2024 8:00,0
09/01/2024 9:00,0
09/01/2024 10:00,0
09/01/2024 11:00,0
09/01/2024 12:00,0
09/01/2024 13:00,0
09/01/2024 14:00,0.206519272
09/01/2024 15:00,10.94489331
09/01/2024 16:00,10.54160605
09/01/2024 17:00,10.56874176
09/01/2024 18:00,10.41836529
09/01/2024 19:00,10.39151106
09/01/2024 20:00,10.39501958
09/01/2024 21:00,10.27508291
09/01/2024 22:00,10.13586653
09/01/2024 23:00,10.14230118
10/01/2024 0:00,10.15120429
10/01/2024 1:00,10.00213101
10/01/2024 2:00,9.974323445
10/01/2024 3:00,10.16807412
10/01/2024 4:00,10.22749119
10/01/2024 5:00,10.15211383
10/01/2024 6:00,10.25797585
10/01/2024 7:00,5.86966689
10/01/2024 8:00,0
10/01/2024 9:00,0
10/01/2024 10:00,0
10/01/2024 11:00,0
10/01/2024 12:00,0
10/01/2024 13:00,0
10/01/2024 14:00,0
10/01/2024 15:00,9.882483378
10/01/2024 16:00,10.60287888
10/01/2024 17:00,10.55933575
10/01/2024 18:00,10.31889797
10/01/2024 19:00,10.36313961
10/01/2024 20:00,10.41271258
10/01/2024 21:00,10.36033244
10/01/2024 22:00,10.35596443
10/01/2024 23:00,10.47104137
11/01/2024 0:00,10.19807883
11/01/2024 1:00,10.0866449
11/01/2024 2:00,10.07400259
11/01/2024 3:00,10.22047931
11/01/2024 4:00,10.12346403
11/01/2024 5:00,10.09004346
11/01/2024 6:00,10.04725459
11/01/2024 7:00,2.012127069
11/01/2024 8:00,0
11/01/2024 9:00,0
11/01/2024 10:00,0
11/01/2024 11:00,0
11/01/2024 12:00,0
11/01/2024 13:00,0
11/01/2024 14:00,0
11/01/2024 15:00,7.301689753
11/01/2024 16:00,10.56494292
11/01/2024 17:00,10.61392116
11/01/2024 18:00,10.56272615
11/01/2024 19:00,10.51701207
11/01/2024 20:00,10.29009893
11/01/2024 21:00,10.20352008
11/01/2024 22:00,10.11285937
11/01/2024 23:00,10.23475834
12/01/2024 0:00,10.24953018
12/01/2024 1:00,10.11675368
12/01/2024 2:00,10.04666626
12/01/2024 3:00,10.14306631
12/01/2024 4:00,10.01599537
12/01/2024 5:00,10.10362697
12/01/2024 6:00,10.11500125
12/01/2024 7:00,8.124388676
12/01/2024 8:00,0
12/01/2024 9:00,0
12/01/2024 10:00,0
12/01/2024 11:00,0
12/01/2024 12:00,0
12/01/2024 13:00,0
12/01/2024 14:00,0
12/01/2024 15:00,10.48071445
12/01/2024 16:00,10.56506506
12/01/2024 17:00,10.47931915
12/01/2024 18:00,10.41555122
12/01/2024 19:00,10.30751751
12/01/2024 20:00,10.39967496
12/01/2024 21:00,10.27698369
12/01/2024 22:00,10.22757828
12/01/2024 23:00,10.30491701
13/01/2024 0:00,10.28569215
13/01/2024 1:00,10.17258316
13/01/2024 2:00,10.14847465
13/01/2024 3:00,10.29828261
13/01/2024 4:00,10.19496203
13/01/2024 5:00,10.13547961
13/01/2024 6:00,10.20530514
13/01/2024 7:00,10.15807366
13/01/2024 8:00,0
13/01/2024 9:00,0
13/01/2024 10:00,0
13/01/2024 11:00,0
13/01/2024 12:00,0
13/01/2024 13:00,0
13/01/2024 14:00,2.412310103
13/01/2024 15:00,10.88877478
13/01/2024 16:00,10.45510776
13/01/2024 17:00,10.42210514
13/01/2024 18:00,10.27175209
13/01/2024 19:00,10.17036584
13/01/2024 20:00,10.1261012
13/01/2024 21:00,10.21044637
13/01/2024 22:00,10.18131919
13/01/2024 23:00,10.19309535
14/01/2024 0:00,10.17151666
14/01/2024 1:00,10.08959373
14/01/2024 2:00,10.14941203
14/01/2024 3:00,10.23565531
14/01/2024 4:00,10.2095333
14/01/2024 5:00,10.07823535
14/01/2024 6:00,10.27729907
14/01/2024 7:00,8.409055411
14/01/2024 8:00,0
14/01/2024 9:00,0
14/01/2024 10:00,0
14/01/2024 11:00,0
14/01/2024 12:00,0
14/01/2024 13:00,0
14/01/2024 14:00,0
14/01/2024 15:00,6.891113552
14/01/2024 16:00,10.78632104
14/01/2024 17:00,10.6342599
14/01/2024 18:00,10.45697835
14/01/2024 19:00,10.34888058
14/01/2024 20:00,10.30804715
14/01/2024 21:00,10.19788182
14/01/2024 22:00,10.33365355
14/01/2024 23:00,10.23850664
15/01/2024 0:00,10.07995627
15/01/2024 1:00,10.18135927
15/01/2024 2:00,10.11657575
15/01/2024 3:00,10.13035333
15/01/2024 4:00,10.09355419
15/01/2024 5:00,10.08072669
15/01/2024 6:00,10.14712705
15/01/2024 7:00,3.195951106
15/01/2024 8:00,0
15/01/2024 9:00,0
15/01/2024 10:00,0
15/01/2024 11:00,0
15/01/2024 12:00,0
15/01/2024 13:00,0
15/01/2024 14:00,0
15/01/2024 15:00,7.130339134
15/01/2024 16:00,10.70025706
15/01/2024 17:00,10.61184477
15/01/2024 18:00,10.51913931
15/01/2024 19:00,10.54107405
15/01/2024 20:00,10.51674952
15/01/2024 21:00,10.47380433
15/01/2024 22:00,10.39922936
15/01/2024 23:00,10.41785862
16/01/2024 0:00,10.36521214
16/01/2024 1:00,10.4058949
16/01/2024 2:00,10.25916373
16/01/2024 3:00,10.24519986
16/01/2024 4:00,10.32361688
16/01/2024 5:00,10.29045494
16/01/2024 6:00,10.28447034
16/01/2024 7:00,1.238447331
16/01/2024 8:00,0
16/01/2024 9:00,0
16/01/2024 10:00,0
16/01/2024 11:00,0
16/01/2024 12:00,0
16/01/2024 13:00,0
16/01/2024 14:00,0
16/01/2024 15:00,6.548973684
16/01/2024 16:00,10.90362518
16/01/2024 17:00,10.86574494
16/01/2024 18:00,10.707231
16/01/2024 19:00,10.54751901
16/01/2024 20:00,10.42408554
16/01/2024 21:00,10.34620984
16/01/2024 22:00,10.41604321
16/01/2024 23:00,10.28470155
17/01/2024 0:00,10.28611603
17/01/2024 1:00,10.37992368
17/01/2024 2:00,10.38152164
17/01/2024 3:00,10.3610118
17/01/2024 4:00,10.2115542
17/01/2024 5:00,10.20409006
17/01/2024 6:00,10.29965393
17/01/2024 7:00,4.072211522
17/01/2024 8:00,0
17/01/2024 9:00,0
17/01/2024 10:00,0
17/01/2024 11:00,0
17/01/2024 12:00,0
17/01/2024 13:00,0
17/01/2024 14:00,0.172003501
17/01/2024 15:00,11.03460779
17/01/2024 16:00,10.82041899
17/01/2024 17:00,10.57860872
17/01/2024 18:00,10.59491174
17/01/2024 19:00,10.4859452
17/01/2024 20:00,10.47889118
17/01/2024 21:00,10.2695021
17/01/2024 22:00,10.44091172
17/01/2024 23:00,10.45917804
18/01/2024 0:00,10.4464393
18/01/2024 1:00,10.35243467
18/01/2024 2:00,10.47414772
18/01/2024 3:00,10.35538448
18/01/2024 4:00,10.4190325
18/01/2024 5:00,10.1547847
18/01/2024 6:00,10.35343489
18/01/2024 7:00,2.619189006
18/01/2024 8:00,0
18/01/2024 9:00,0
18/01/2024 10:00,0
18/01/2024 11:00,0
18/01/2024 12:00,0
18/01/2024 13:00,0
18/01/2024 14:00,0.399978262
18/01/2024 15:00,10.86420205
18/01/2024 16:00,10.67064111
18/01/2024 17:00,10.46539382
18/01/2024 18:00,10.39407037
18/01/2024 19:00,10.33438948
18/01/2024 20:00,10.23654613
18/01/2024 21:00,10.21023914
18/01/2024 22:00,10.17786182
18/01/2024 23:00,10.12386539
19/01/2024 0:00,10.09093906
19/01/2024 1:00,10.07577956
19/01/2024 2:00,10.09663048
19/01/2024 3:00,10.24796265
19/01/2024 4:00,10.17135597
19/01/2024 5:00,10.06817931
19/01/2024 6:00,10.13725084
19/01/2024 7:00,3.347607898
19/01/2024 8:00,0
19/01/2024 9:00,0
19/01/2024 10:00,0
19/01/2024 11:00,0
19/01/2024 12:00,0
19/01/2024 13:00,0
19/01/2024 14:00,0
19/01/2024 15:00,4.33134338
19/01/2024 16:00,10.8007066
19/01/2024 17:00,10.66545156
19/01/2024 18:00,10.36427905
19/01/2024 19:00,10.28289905
19/01/2024 20:00,10.29664768
19/01/2024 21:00,10.21428655
19/01/2024 22:00,10.23974536
19/01/2024 23:00,10.30031443
20/01/2024 0:00,10.23470553
20/01/2024 1:00,10.033938
20/01/2024 2:00,9.981427998
20/01/2024 3:00,10.10868422
20/01/2024 4:00,10.30625725
20/01/2024 5:00,10.238125
20/01/2024 6:00,10.23921076
20/01/2024 7:00,0.724338983
20/01/2024 8:00,0
20/01/2024 9:00,0
20/01/2024 10:00,0
20/01/2024 11:00,0
20/01/2024 12:00,0
20/01/2024 13:00,0
20/01/2024 14:00,0
20/01/2024 15:00,3.45561058
20/01/2024 16:00,10.63339221
20/01/2024 17:00,10.56397721
20/01/2024 18:00,10.55000377
20/01/2024 19:00,10.53281366
20/01/2024 20:00,10.33447979
20/01/2024 21:00,10.35327196
20/01/2024 22:00,10.15655557
20/01/2024 23:00,10.29550358
21/01/2024 0:00,10.11945228
21/01/2024 1:00,10.24373679
21/01/2024 2:00,10.23839371
21/01/2024 3:00,10.27044499
21/01/2024 4:00,10.10173958
21/01/2024 5:00,10.19147481
21/01/2024 6:00,10.23010999
21/01/2024 7:00,0.809150607
21/01/2024 8:00,0
21/01/2024 9:00,0
21/01/2024 10:00,0
21/01/2024 11:00,0
21/01/2024 12:00,0
21/01/2024 13:00,0
21/01/2024 14:00,0
21/01/2024 15:00,2.102920993
21/01/2024 16:00,10.87913169
21/01/2024 17:00,10.51532654
21/01/2024 18:00,10.32159923
21/01/2024 19:00,10.26799497
21/01/2024 20:00,10.13502703
21/01/2024 21:00,10.2442132
21/01/2024 22:00,10.22075262
21/01/2024 23:00,10.26216896
22/01/2024 0:00,10.09056066
22/01/2024 1:00,10.20308105
22/01/2024 2:00,10.06859054
22/01/2024 3:00,10.12060248
22/01/2024 4:00,10.0371102
22/01/2024 5:00,10.0364393
22/01/2024 6:00,9.43579017
22/01/2024 7:00,0
22/01/2024 8:00,0
22/01/2024 9:00,0
22/01/2024 10:00,0
22/01/2024 11:00,0
22/01/2024 12:00,0
22/01/2024 13:00,0
22/01/2024 14:00,0
22/01/2024 15:00,9.9862148
22/01/2024 16:00,10.42657228
22/01/2024 17:00,10.54518846
22/01/2024 18:00,10.41366828
22/01/2024 19:00,10.20281711
22/01/2024 20:00,10.43684092
22/01/2024 21:00,10.34592254
22/01/2024 22:00,10.18420033
22/01/2024 23:00,10.30446222
23/01/2024 0:00,10.15595998
23/01/2024 1:00,10.10606156
23/01/2024 2:00,10.09943088
23/01/2024 3:00,10.18219771
23/01/2024 4:00,10.19518744
23/01/2024 5:00,10.15776111
23/01/2024 6:00,10.09508716
23/01/2024 7:00,10.31199891
23/01/2024 8:00,1.903121375
23/01/2024 9:00,0
23/01/2024 10:00,0
23/01/2024 11:00,0
23/01/2024 12:00,0
23/01/2024 13:00,0
23/01/2024 14:00,0
23/01/2024 15:00,9.183262245
23/01/2024 16:00,10.71246876
23/01/2024 17:00,10.38058437
23/01/2024 18:00,10.34257396
23/01/2024 19:00,10.31085654
23/01/2024 20:00,10.21421148
23/01/2024 21:00,10.06494639
23/01/2024 22:00,10.15218423
23/01/2024 23:00,10.07333787
24/01/2024 0:00,10.04162578
24/01/2024 1:00,10.0359533
24/01/2024 2:00,9.995243859
24/01/2024 3:00,10.11250048
24/01/2024 4:00,10.10246763
24/01/2024 5:00,10.07985386
24/01/2024 6:00,10.22692869
24/01/2024 7:00,2.717906889
24/01/2024 8:00,0
24/01/2024 9:00,0
24/01/2024 10:00,0
24/01/2024 11:00,0
24/01/2024 12:00,0
24/01/2024 13:00,0
24/01/2024 14:00,0.258758205
24/01/2024 15:00,7.011285443
24/01/2024 16:00,10.73985809
24/01/2024 17:00,10.5563894
24/01/2024 18:00,10.61721286
24/01/2024 19:00,10.46168162
24/01/2024 20:00,10.43785517
24/01/2024 21:00,10.34740648
24/01/2024 22:00,10.25687607
24/01/2024 23:00,10.1957218
25/01/2024 0:00,10.25566336
25/01/2024 1:00,10.24034588
25/01/2024 2:00,10.15765434
25/01/2024 3:00,10.29039517
25/01/2024 4:00,10.16963404
25/01/2024 5:00,10.11474389
25/01/2024 6:00,10.319981
25/01/2024 7:00,0.889351611
25/01/2024 8:00,0
25/01/2024 9:00,0
25/01/2024 10:00,0
25/01/2024 11:00,0
25/01/2024 12:00,0
25/01/2024 13:00,0
25/01/2024 14:00,0
25/01/2024 15:00,5.495656042
25/01/2024 16:00,10.72465191
25/01/2024 17:00,10.54586414
25/01/2024 18:00,10.46588542
25/01/2024 19:00,10.31660086
25/01/2024 20:00,10.36748226
25/01/2024 21:00,10.35769555
25/01/2024 22:00,10.15071003
25/01/2024 23:00,10.08619948
26/01/2024 0:00,10.06186655
26/01/2024 1:00,10.07040949
26/01/2024 2:00,10.02319305
26/01/2024 3:00,10.04753965
26/01/2024 4:00,10.16548397
26/01/2024 5:00,10.16002802
26/01/2024 6:00,10.13130553
26/01/2024 7:00,3.739681583
26/01/2024 8:00,0
26/01/2024 9:00,0
26/01/2024 10:00,0
26/01/2024 11:00,0
26/01/2024 12:00,0
26/01/2024 13:00,0
26/01/2024 14:00,4.389414712
26/01/2024 15:00,10.83996204
26/01/2024 16:00,10.4484533
26/01/2024 17:00,10.39737301
26/01/2024 18:00,10.36134107
26/01/2024 19:00,10.30116146
26/01/2024 20:00,10.2725306
26/01/2024 21:00,10.14847281
26/01/2024 22:00,10.34541083
26/01/2024 23:00,10.33734426
27/01/2024 0:00,10.29346913
27/01/2024 1:00,10.29900107
27/01/2024 2:00,10.13937478
27/01/2024 3:00,10.17916898
27/01/2024 4:00,10.07792005
27/01/2024 5:00,10.25805495
27/01/2024 6:00,10.01922211
27/01/2024 7:00,0
27/01/2024 8:00,0
27/01/2024 9:00,0
27/01/2024 10:00,0
27/01/2024 11:00,0
27/01/2024 12:00,0
27/01/2024 13:00,0
27/01/2024 14:00,0
27/01/2024 15:00,2.124810334
27/01/2024 16:00,10.88757795
27/01/2024 17:00,10.61211101
27/01/2024 18:00,10.66486792
27/01/2024 19:00,10.48759867
27/01/2024 20:00,10.34786361
27/01/2024 21:00,10.2193849
27/01/2024 22:00,10.18073757
27/01/2024 23:00,10.2159742
28/01/2024 0:00,10.15252348
28/01/2024 1:00,10.13644959
28/01/2024 2:00,10.10906304
28/01/2024 3:00,10.21539059
28/01/2024 4:00,10.08999704
28/01/2024 5:00,9.973277735
28/01/2024 6:00,9.542740234
28/01/2024 7:00,0
28/01/2024 8:00,0
28/01/2024 9:00,0
28/01/2024 10:00,0
28/01/2024 11:00,0
28/01/2024 12:00,0
28/01/2024 13:00,0
28/01/2024 14:00,0
28/01/2024 15:00,1.670254195
28/01/2024 16:00,10.81819591
28/01/2024 17:00,10.66300228
28/01/2024 18:00,10.47014751
28/01/2024 19:00,10.38419012
28/01/2024 20:00,10.41028841
28/01/2024 21:00,10.21283943
28/01/2024 22:00,10.15852443
28/01/2024 23:00,10.16744749
29/01/2024 0:00,10.18565035
29/01/2024 1:00,10.17965528
29/01/2024 2:00,10.13453685
29/01/2024 3:00,10.18705238
29/01/2024 4:00,10.04272562
29/01/2024 5:00,10.12945254
29/01/2024 6:00,9.539479585
29/01/2024 7:00,0
29/01/2024 8:00,0
29/01/2024 9:00,0
29/01/2024 10:00,0
29/01/2024 11:00,0
29/01/2024 12:00,0
29/01/2024 13:00,0
29/01/2024 14:00,0
29/01/2024 15:00,2.585595417
29/01/2024 16:00,10.80857107
29/01/2024 17:00,10.64079197
29/01/2024 18:00,10.52586163
29/01/2024 19:00,10.36998439
29/01/2024 20:00,10.3865746
29/01/2024 21:00,10.34989074
29/01/2024 22:00,10.33311015
29/01/2024 23:00,10.33005581
30/01/2024 0:00,10.12115411
30/01/2024 1:00,10.24771085
30/01/2024 2:00,10.04288691
30/01/2024 3:00,10.17103169
30/01/2024 4:00,10.18700557
30/01/2024 5:00,10.05184601
30/01/2024 6:00,9.51103767
30/01/2024 7:00,0
30/01/2024 8:00,0
30/01/2024 9:00,0
30/01/2024 10:00,0
30/01/2024 11:00,0
30/01/2024 12:00,0
30/01/2024 13:00,0
30/01/2024 14:00,0
30/01/2024 15:00,1.228534001
30/01/2024 16:00,10.87020563
30/01/2024 17:00,10.51708729
30/01/2024 18:00,10.44162744
30/01/2024 19:00,10.28926514
30/01/2024 20:00,10.22236538
30/01/2024 21:00,10.19836657
30/01/2024 22:00,10.06620779
30/01/2024 23:00,10.12335253
31/01/2024 0:00,10.1719643
31/01/2024 1:00,10.16905012
31/01/2024 2:00,10.15205821
31/01/2024 3:00,10.11460928
31/01/2024 4:00,10.18579542
31/01/2024 5:00,10.15088477
31/01/2024 6:00,8.535263005
31/01/2024 7:00,0
31/01/2024 8:00,0
31/01/2024 9:00,0
31/01/2024 10:00,0
31/01/2024 11:00,0
31/01/2024 12:00,0
31/01/2024 13:00,0
31/01/2024 14:00,0
31/01/2024 15:00,3.40308156
31/01/2024 16:00,10.7249117
31/01/2024 17:00,10.52633138
31/01/2024 18:00,10.51709275
31/01/2024 19:00,10.44047994
31/01/2024 20:00,10.2275495
31/01/2024 21:00,10.17047404
31/01/2024 22:00,10.13353203
31/01/2024 23:00,10.14913129
01/02/2024 0:00,10.11821731
01/02/2024 1:00,10.01164347
01/02/2024 2:00,10.02111534
01/02/2024 3:00,10.02939597
01/02/2024 4:00,10.13322721
01/02/2024 5:00,10.05214369
01/02/2024 6:00,10.16145266
01/02/2024 7:00,0.462512447
01/02/2024 8:00,0
01/02/2024 9:00,0
01/02/2024 10:00,0
01/02/2024 11:00,0
01/02/2024 12:00,0
01/02/2024 13:00,0
01/02/2024 14:00,0
01/02/2024 15:00,5.879633118
01/02/2024 16:00,10.73484397
01/02/2024 17:00,10.52646287
01/02/2024 18:00,10.34292335
01/02/2024 19:00,10.2941692
01/02/2024 20:00,10.34859886
01/02/2024 21:00,10.23679257
01/02/2024 22:00,10.18052078
01/02/2024 23:00,10.25772748
02/02/2024 0:00,10.15282607
02/02/2024 1:00,10.05387565
02/02/2024 2:00,9.982861036
02/02/2024 3:00,10.24638143
02/02/2024 4:00,10.14738582
02/02/2024 5:00,10.15098913
02/02/2024 6:00,10.1068405
02/02/2024 7:00,1.689924119
02/02/2024 8:00,0
02/02/2024 9:00,0
02/02/2024 10:00,0
02/02/2024 11:00,0
02/02/2024 12:00,0
02/02/2024 13:00,0
02/02/2024 14:00,0
02/02/2024 15:00,2.847821495
02/02/2024 16:00,10.85757923
02/02/2024 17:00,10.68725669
02/02/2024 18:00,10.54200519
02/02/2024 19:00,10.52286773
02/02/2024 20:00,10.60982606
02/02/2024 21:00,10.49320803
02/02/2024 22:00,10.32883362
02/02/2024 23:00,10.42521112
03/02/2024 0:00,10.21863913
03/02/2024 1:00,10.38053539
03/02/2024 2:00,10.33504076
03/02/2024 3:00,10.31660428
03/02/2024 4:00,10.26235869
03/02/2024 5:00,10.16245785
03/02/2024 6:00,7.132785789
03/02/2024 7:00,0
03/02/2024 8:00,0
03/02/2024 9:00,0
03/02/2024 10:00,0
03/02/2024 11:00,0
03/02/2024 12:00,0
03/02/2024 13:00,0
03/02/2024 14:00,0
03/02/2024 15:00,0
03/02/2024 16:00,10.36536759
03/02/2024 17:00,10.58396138
03/02/2024 18:00,10.48218418
03/02/2024 19:00,10.34124359
03/02/2024 20:00,10.23548472
03/02/2024 21:00,10.19146555
03/02/2024 22:00,10.24504593
03/02/2024 23:00,10.28339077
04/02/2024 0:00,10.36919447
04/02/2024 1:00,10.24438866
04/02/2024 2:00,10.14179014
04/02/2024 3:00,10.30086593
04/02/2024 4:00,10.22794347
04/02/2024 5:00,10.20168962
04/02/2024 6:00,10.27037619
04/02/2024 7:00,5.344785674
04/02/2024 8:00,0
04/02/2024 9:00,0
04/02/2024 10:00,0
04/02/2024 11:00,0
04/02/2024 12:00,0
04/02/2024 13:00,0
04/02/2024 14:00,0
04/02/2024 15:00,4.957432939
04/02/2024 16:00,10.72202623
04/02/2024 17:00,10.55535895
04/02/2024 18:00,10.39513088
04/02/2024 19:00,10.23983742
04/02/2024 20:00,10.15920373
04/02/2024 21:00,10.26683055
04/02/2024 22:00,10.21674723
04/02/2024 23:00,10.15536479
05/02/2024 0:00,10.21953833
05/02/2024 1:00,10.17899448
05/02/2024 2:00,10.1474518
05/02/2024 3:00,10.09972735
05/02/2024 4:00,10.04971439
05/02/2024 5:00,10.04885209
05/02/2024 6:00,10.05257326
05/02/2024 7:00,1.38209684
05/02/2024 8:00,0
05/02/2024 9:00,0
05/02/2024 10:00,0
05/02/2024 11:00,0
05/02/2024 12:00,0
05/02/2024 13:00,0
05/02/2024 14:00,0
05/02/2024 15:00,0
05/02/2024 16:00,10.42805033
05/02/2024 17:00,10.61423334
05/02/2024 18:00,10.4716184
05/02/2024 19:00,10.32694514
05/02/2024 20:00,10.38653895
05/02/2024 21:00,10.28336174
05/02/2024 22:00,10.3238781
05/02/2024 23:00,10.14437177
06/02/2024 0:00,10.15238713
06/02/2024 1:00,10.09655341
06/02/2024 2:00,10.01489663
06/02/2024 3:00,10.19382402
06/02/2024 4:00,10.12113356
06/02/2024 5:00,10.19011133
06/02/2024 6:00,8.039060443
06/02/2024 7:00,0
06/02/2024 8:00,0
06/02/2024 9:00,0
06/02/2024 10:00,0
06/02/2024 11:00,0
06/02/2024 12:00,0
06/02/2024 13:00,0
06/02/2024 14:00,0
06/02/2024 15:00,0
06/02/2024 16:00,9.98743603
06/02/2024 17:00,10.64196231
06/02/2024 18:00,10.39026371
06/02/2024 19:00,10.3680109
06/02/2024 20:00,10.38953957
06/02/2024 21:00,10.20367517
06/02/2024 22:00,10.26183891
06/02/2024 23:00,10.25078456
07/02/2024 0:00,10.22382308
07/02/2024 1:00,10.25515828
07/02/2024 2:00,10.02615039
07/02/2024 3:00,10.20704322
07/02/2024 4:00,10.06885365
07/02/2024 5:00,10.16057851
07/02/2024 6:00,7.713939609
07/02/2024 7:00,0
07/02/2024 8:00,0
07/02/2024 9:00,0
07/02/2024 10:00,0
07/02/2024 11:00,0
07/02/2024 12:00,0
07/02/2024 13:00,0
07/02/2024 14:00,0
07/02/2024 15:00,0
07/02/2024 16:00,10.64583102
07/02/2024 17:00,10.46379778
07/02/2024 18:00,10.42102289
07/02/2024 19:00,10.28225174
07/02/2024 20:00,10.3208672
07/02/2024 21:00,10.16013138
07/02/2024 22:00,10.1593428
07/02/2024 23:00,10.21854101
08/02/2024 0:00,10.18627733
08/02/2024 1:00,10.11941292
08/02/2024 2:00,10.02733328
08/02/2024 3:00,10.08442351
08/02/2024 4:00,10.17080748
08/02/2024 5:00,10.11321395
08/02/2024 6:00,8.125346355
08/02/2024 7:00,0
08/02/2024 8:00,0
08/02/2024 9:00,0
08/02/2024 10:00,0
08/02/2024 11:00,0
08/02/2024 12:00,0
08/02/2024 13:00,0
08/02/2024 14:00,0
08/02/2024 15:00,1.523094032
08/02/2024 16:00,10.77323411
08/02/2024 17:00,10.53399691
08/02/2024 18:00,10.35975683
08/02/2024 19:00,10.31058479
08/02/2024 20:00,10.36025355
08/02/2024 21:00,10.27167613
08/02/2024 22:00,10.28991367
08/02/2024 23:00,10.24211768
09/02/2024 0:00,10.29771941
09/02/2024 1:00,10.0622736
09/02/2024 2:00,10.01496865
09/02/2024 3:00,10.19692128
09/02/2024 4:00,10.03975587
09/02/2024 5:00,10.06727545
09/02/2024 6:00,8.096296725
09/02/2024 7:00,0
09/02/2024 8:00,0
09/02/2024 9:00,0
09/02/2024 10:00,0
09/02/2024 11:00,0
09/02/2024 12:00,0
09/02/2024 13:00,0
09/02/2024 14:00,0
09/02/2024 15:00,0.815699362
09/02/2024 16:00,10.934996
09/02/2024 17:00,10.64792479
09/02/2024 18:00,10.49552346
09/02/2024 19:00,10.50058945
09/02/2024 20:00,10.26405865
09/02/2024 21:00,10.17905511
09/02/2024 22:00,10.19564672
09/02/2024 23:00,10.16434099
10/02/2024 0:00,10.12353681
10/02/2024 1:00,10.01687225
10/02/2024 2:00,10.34191779
10/02/2024 3:00,10.35543209
10/02/2024 4:00,10.25794853
10/02/2024 5:00,10.43912028
10/02/2024 6:00,6.013294919
10/02/2024 7:00,0
10/02/2024 8:00,0
10/02/2024 9:00,0
10/02/2024 10:00,0
10/02/2024 11:00,0
10/02/2024 12:00,0
10/02/2024 13:00,0
10/02/2024 14:00,0
10/02/2024 15:00,5.217107934
10/02/2024 16:00,10.82224267
10/02/2024 17:00,10.59204804
10/02/2024 18:00,10.53222552
10/02/2024 19:00,10.47566417
10/02/2024 20:00,10.30166635
10/02/2024 21:00,10.20550126
10/02/2024 22:00,10.18053754
10/02/2024 23:00,10.20832964
11/02/2024 0:00,10.24260105
11/02/2024 1:00,10.28285587
11/02/2024 2:00,10.1795174
11/02/2024 3:00,10.34858243
11/02/2024 4:00,10.30048183
11/02/2024 5:00,10.15938978
11/02/2024 6:00,10.24839594
11/02/2024 7:00,9.642277839
11/02/2024 8:00,1.449131333
11/02/2024 9:00,0
11/02/2024 10:00,0
11/02/2024 11:00,0
11/02/2024 12:00,0
11/02/2024 13:00,0
11/02/2024 14:00,0
11/02/2024 15:00,1.191156402
11/02/2024 16:00,10.83318841
11/02/2024 17:00,10.54514222
11/02/2024 18:00,10.57135379
11/02/2024 19:00,10.43549872
11/02/2024 20:00,10.32465049
11/02/2024 21:00,10.32288226
11/02/2024 22:00,10.24401742
11/02/2024 23:00,10.44914104
12/02/2024 0:00,10.3656204
12/02/2024 1:00,10.31760756
12/02/2024 2:00,10.35433293
12/02/2024 3:00,10.39223902
12/02/2024 4:00,10.26193912
12/02/2024 5:00,10.16018566
12/02/2024 6:00,6.997655908
12/02/2024 7:00,0
12/02/2024 8:00,0
12/02/2024 9:00,0
12/02/2024 10:00,0
12/02/2024 11:00,0
12/02/2024 12:00,0
12/02/2024 13:00,0
12/02/2024 14:00,0
12/02/2024 15:00,0
12/02/2024 16:00,10.07327254
12/02/2024 17:00,10.55936154
12/02/2024 18:00,10.35605859
12/02/2024 19:00,10.27021822
12/02/2024 20:00,10.26858787
12/02/2024 21:00,10.21774089
12/02/2024 22:00,10.20465644
12/02/2024 23:00,10.20215739
13/02/2024 0:00,10.15399637
13/02/2024 1:00,10.16942526
13/02/2024 2:00,10.01544898
13/02/2024 3:00,10.0978213
13/02/2024 4:00,10.06428806
13/02/2024 5:00,10.04842751
13/02/2024 6:00,9.319647648
13/02/2024 7:00,0
13/02/2024 8:00,0
13/02/2024 9:00,0
13/02/2024 10:00,0
13/02/2024 11:00,0
13/02/2024 12:00,0
13/02/2024 13:00,0
13/02/2024 14:00,0
13/02/2024 15:00,0
13/02/2024 16:00,7.572317371
13/02/2024 17:00,10.56330936
13/02/2024 18:00,10.61628038
13/02/2024 19:00,10.40997441
13/02/2024 20:00,10.35308655
13/02/2024 21:00,10.30505887
13/02/2024 22:00,10.28178588
13/02/2024 23:00,10.31392967
14/02/2024 0:00,10.10209528
14/02/2024 1:00,10.14355932
14/02/2024 2:00,10.35192802
14/02/2024 3:00,10.33822757
14/02/2024 4:00,10.21606351
14/02/2024 5:00,10.23866865
14/02/2024 6:00,4.612372442
14/02/2024 7:00,0
14/02/2024 8:00,0
14/02/2024 9:00,0
14/02/2024 10:00,0
14/02/2024 11:00,0
14/02/2024 12:00,0
14/02/2024 13:00,0
14/02/2024 14:00,0
14/02/2024 15:00,0
14/02/2024 16:00,10.42339851
14/02/2024 17:00,10.60344912
14/02/2024 18:00,10.43069061
14/02/2024 19:00,10.32558576
14/02/2024 20:00,10.37868523
14/02/2024 21:00,10.15218535
14/02/2024 22:00,10.07540561
14/02/2024 23:00,10.14266167
15/02/2024 0:00,10.14941546
15/02/2024 1:00,10.0085959
15/02/2024 2:00,9.949823999
15/02/2024 3:00,10.15501386
15/02/2024 4:00,10.12263606
15/02/2024 5:00,10.00907627
15/02/2024 6:00,5.502352277
15/02/2024 7:00,0
15/02/2024 8:00,0
15/02/2024 9:00,0
15/02/2024 10:00,0
15/02/2024 11:00,0
15/02/2024 12:00,0
15/02/2024 13:00,0
15/02/2024 14:00,0
15/02/2024 15:00,0
15/02/2024 16:00,7.810274309
15/02/2024 17:00,10.59210859
15/02/2024 18:00,10.54593871
15/02/2024 19:00,10.51689312
15/02/2024 20:00,10.32185638
15/02/2024 21:00,10.29071916
15/02/2024 22:00,10.24935259
15/02/2024 23:00,10.24269326
16/02/2024 0:00,10.17093862
16/02/2024 1:00,10.04582374
16/02/2024 2:00,10.01133777
16/02/2024 3:00,10.17900963
16/02/2024 4:00,10.23316934
16/02/2024 5:00,10.15237534
16/02/2024 6:00,4.264631178
16/02/2024 7:00,0
16/02/2024 8:00,0
16/02/2024 9:00,0
16/02/2024 10:00,0
16/02/2024 11:00,0
16/02/2024 12:00,0
16/02/2024 13:00,0
16/02/2024 14:00,0
16/02/2024 15:00,0
16/02/2024 16:00,8.711344071
16/02/2024 17:00,10.52985891
16/02/2024 18:00,10.46320904
16/02/2024 19:00,10.34928541
16/02/2024 20:00,10.3859348
16/02/2024 21:00,10.2958058
16/02/2024 22:00,10.33056483
16/02/2024 23:00,10.44766792
17/02/2024 0:00,10.33015042
17/02/2024 1:00,10.15234048
17/02/2024 2:00,10.06879494
17/02/2024 3:00,10.29154129
17/02/2024 4:00,10.19701153
17/02/2024 5:00,10.14317887
17/02/2024 6:00,8.659830186
17/02/2024 7:00,2.020580556
17/02/2024 8:00,0
17/02/2024 9:00,0
17/02/2024 10:00,0
17/02/2024 11:00,0
17/02/2024 12:00,0
17/02/2024 13:00,0
17/02/2024 14:00,0
17/02/2024 15:00,0
17/02/2024 16:00,9.126373517
17/02/2024 17:00,10.67841545
17/02/2024 18:00,10.53168329
17/02/2024 19:00,10.42166713
17/02/2024 20:00,10.2925643
17/02/2024 21:00,10.28145857
17/02/2024 22:00,10.3011518
17/02/2024 23:00,10.31346006
18/02/2024 0:00,10.24318538
18/02/2024 1:00,10.14652871
18/02/2024 2:00,10.27646353
18/02/2024 3:00,10.32615511
18/02/2024 4:00,10.19113049
18/02/2024 5:00,10.18482031
18/02/2024 6:00,5.431152819
18/02/2024 7:00,0
18/02/2024 8:00,0
18/02/2024 9:00,0
18/02/2024 10:00,0
18/02/2024 11:00,0
18/02/2024 12:00,0
18/02/2024 13:00,0
18/02/2024 14:00,0
18/02/2024 15:00,0
18/02/2024 16:00,7.749745643
18/02/2024 17:00,10.65026873
18/02/2024 18:00,10.61278036
18/02/2024 19:00,10.55113241
18/02/2024 20:00,10.44595734
18/02/2024 21:00,10.32144587
18/02/2024 22:00,10.27140167
18/02/2024 23:00,10.39897281
19/02/2024 0:00,10.27101939
19/02/2024 1:00,10.18452062
19/02/2024 2:00,10.16476651
19/02/2024 3:00,10.28919401
19/02/2024 4:00,10.22557703
19/02/2024 5:00,10.1949185
19/02/2024 6:00,7.463552191
19/02/2024 7:00,0
19/02/2024 8:00,0
19/02/2024 9:00,0
19/02/2024 10:00,0
19/02/2024 11:00,0
19/02/2024 12:00,0
19/02/2024 13:00,0
19/02/2024 14:00,0
19/02/2024 15:00,0
19/02/2024 16:00,10.20775504
19/02/2024 17:00,10.64327363
19/02/2024 18:00,10.44522605
19/02/2024 19:00,10.53344918
19/02/2024 20:00,10.41763449
19/02/2024 21:00,10.50814713
19/02/2024 22:00,10.36459747
19/02/2024 23:00,10.45263607
20/02/2024 0:00,10.41900724
20/02/2024 1:00,10.14467282
20/02/2024 2:00,10.14117193
20/02/2024 3:00,10.34812564
20/02/2024 4:00,10.33457722
20/02/2024 5:00,10.24812313
20/02/2024 6:00,5.680976619
20/02/2024 7:00,0
20/02/2024 8:00,0
20/02/2024 9:00,0
20/02/2024 10:00,0
20/02/2024 11:00,0
20/02/2024 12:00,0
20/02/2024 13:00,0
20/02/2024 14:00,0
20/02/2024 15:00,0
20/02/2024 16:00,5.728826282
20/02/2024 17:00,10.75833987
20/02/2024 18:00,10.40980081
20/02/2024 19:00,10.40753551
20/02/2024 20:00,10.43828169
20/02/2024 21:00,10.33671075
20/02/2024 22:00,10.34257535
20/02/2024 23:00,10.25970354
21/02/2024 0:00,10.16536962
21/02/2024 1:00,10.11245226
21/02/2024 2:00,10.09411026
21/02/2024 3:00,10.17073831
21/02/2024 4:00,10.17416795
21/02/2024 5:00,10.09272302
21/02/2024 6:00,3.0586094
21/02/2024 7:00,0
21/02/2024 8:00,0
21/02/2024 9:00,0
21/02/2024 10:00,0
21/02/2024 11:00,0
21/02/2024 12:00,0
21/02/2024 13:00,0
21/02/2024 14:00,0
21/02/2024 15:00,0
21/02/2024 16:00,6.715624056
21/02/2024 17:00,10.61353023
21/02/2024 18:00,10.58067666
21/02/2024 19:00,10.61997964
21/02/2024 20:00,10.33258893
21/02/2024 21:00,10.25751782
21/02/2024 22:00,10.28996685
21/02/2024 23:00,10.33924585
22/02/2024 0:00,10.13038846
22/02/2024 1:00,10.14897588
22/02/2024 2:00,10.13546306
22/02/2024 3:00,10.18154846
22/02/2024 4:00,10.08837119
22/02/2024 5:00,10.03940424
22/02/2024 6:00,7.833289564
22/02/2024 7:00,0
22/02/2024 8:00,0
22/02/2024 9:00,0
22/02/2024 10:00,0
22/02/2024 11:00,0
22/02/2024 12:00,0
22/02/2024 13:00,0
22/02/2024 14:00,0
22/02/2024 15:00,0
22/02/2024 16:00,10.21456772
22/02/2024 17:00,10.65004258
22/02/2024 18:00,10.47505865
22/02/2024 19:00,10.4413851
22/02/2024 20:00,10.47284241
22/02/2024 21:00,10.35462922
22/02/2024 22:00,10.32945708
22/02/2024 23:00,10.35123661
23/02/2024 0:00,10.19672525
23/02/2024 1:00,10.14662713
23/02/2024 2:00,10.12082248
23/02/2024 3:00,10.1338474
23/02/2024 4:00,10.09672193
23/02/2024 5:00,10.06841714
23/02/2024 6:00,8.328460256
23/02/2024 7:00,0
23/02/2024 8:00,0
23/02/2024 9:00,0
23/02/2024 10:00,0
23/02/2024 11:00,0
23/02/2024 12:00,0
23/02/2024 13:00,0
23/02/2024 14:00,0
23/02/2024 15:00,3.771766764
23/02/2024 16:00,10.77052884
23/02/2024 17:00,10.63499204
23/02/2024 18:00,10.58254048
23/02/2024 19:00,10.41642565
23/02/2024 20:00,10.3681591
23/02/2024 21:00,10.37038759
23/02/2024 22:00,10.39970005
23/02/2024 23:00,10.38663896
24/02/2024 0:00,10.25245837
24/02/2024 1:00,10.22336737
24/02/2024 2:00,10.14881872
24/02/2024 3:00,10.23156197
24/02/2024 4:00,10.15020559
24/02/2024 5:00,10.14301878
24/02/2024 6:00,3.649261403
24/02/2024 7:00,0
24/02/2024 8:00,0
24/02/2024 9:00,0
24/02/2024 10:00,0
24/02/2024 11:00,0
24/02/2024 12:00,0
24/02/2024 13:00,0
24/02/2024 14:00,0
24/02/2024 15:00,0
24/02/2024 16:00,4.578107292
24/02/2024 17:00,10.96211289
24/02/2024 18:00,10.6618823
24/02/2024 19:00,10.60543121
24/02/2024 20:00,10.58977211
24/02/2024 21:00,10.45273295
24/02/2024 22:00,10.383911
24/02/2024 23:00,10.37291127
25/02/2024 0:00,10.34056626
25/02/2024 1:00,10.29863271
25/02/2024 2:00,10.26270271
25/02/2024 3:00,10.14473515
25/02/2024 4:00,10.3282232
25/02/2024 5:00,10.27058721
25/02/2024 6:00,3.168115814
25/02/2024 7:00,0
25/02/2024 8:00,0
25/02/2024 9:00,0
25/02/2024 10:00,0
25/02/2024 11:00,0
25/02/2024 12:00,0
25/02/2024 13:00,0
25/02/2024 14:00,0
25/02/2024 15:00,0
25/02/2024 16:00,4.362759083
25/02/2024 17:00,10.87755908
25/02/2024 18:00,10.62009194
25/02/2024 19:00,10.53733207
25/02/2024 20:00,10.45141216
25/02/2024 21:00,10.28243571
25/02/2024 22:00,10.15888683
25/02/2024 23:00,10.3171986
26/02/2024 0:00,10.40897292
26/02/2024 1:00,10.39391238
26/02/2024 2:00,10.3728011
26/02/2024 3:00,10.34745113
26/02/2024 4:00,10.31905537
26/02/2024 5:00,10.21598132
26/02/2024 6:00,1.930828745
26/02/2024 7:00,0
26/02/2024 8:00,0
26/02/2024 9:00,0
26/02/2024 10:00,0
26/02/2024 11:00,0
26/02/2024 12:00,0
26/02/2024 13:00,0
26/02/2024 14:00,0
26/02/2024 15:00,0
26/02/2024 16:00,6.147428911
26/02/2024 17:00,10.67084489
26/02/2024 18:00,10.57772805
26/02/2024 19:00,10.55466903
26/02/2024 20:00,10.37247456
26/02/2024 21:00,10.32144539
26/02/2024 22:00,10.24951184
26/02/2024 23:00,10.21630328
27/02/2024 0:00,10.18349152
27/02/2024 1:00,10.15401877
27/02/2024 2:00,10.14588735
27/02/2024 3:00,10.19049051
27/02/2024 4:00,10.20079012
27/02/2024 5:00,10.28792142
27/02/2024 6:00,2.970314448
27/02/2024 7:00,0
27/02/2024 8:00,0
27/02/2024 9:00,0
27/02/2024 10:00,0
27/02/2024 11:00,0
27/02/2024 12:00,0
27/02/2024 13:00,0
27/02/2024 14:00,0
27/02/2024 15:00,0
27/02/2024 16:00,5.109350493
27/02/2024 17:00,10.71186004
27/02/2024 18:00,10.61652784
27/02/2024 19:00,10.52656869
27/02/2024 20:00,10.51292431
27/02/2024 21:00,10.43806571
27/02/2024 22:00,10.39055311
27/02/2024 23:00,10.40849492
28/02/2024 0:00,10.31598381
28/02/2024 1:00,10.27010388
28/02/2024 2:00,10.19715289
28/02/2024 3:00,10.23113742
28/02/2024 4:00,10.18762714
28/02/2024 5:00,10.17651037
28/02/2024 6:00,4.796637679
28/02/2024 7:00,0
28/02/2024 8:00,0
28/02/2024 9:00,0
28/02/2024 10:00,0
28/02/2024 11:00,0
28/02/2024 12:00,0
28/02/2024 13:00,0
28/02/2024 14:00,0
28/02/2024 15:00,0.218874294
28/02/2024 16:00,11.04199659
28/02/2024 17:00,10.54225617
28/02/2024 18:00,10.38702309
28/02/2024 19:00,10.35911746
28/02/2024 20:00,10.41630381
28/02/2024 21:00,10.25503262
28/02/2024 22:00,10.33477059
28/02/2024 23:00,10.27833235
29/02/2024 0:00,10.18311035
29/02/2024 1:00,10.12653157
29/02/2024 2:00,10.04956125
29/02/2024 3:00,10.26937154
29/02/2024 4:00,10.16463398
29/02/2024 5:00,10.29043373
29/02/2024 6:00,3.457003903
29/02/2024 7:00,0
29/02/2024 8:00,0
29/02/2024 9:00,0
29/02/2024 10:00,0
29/02/2024 11:00,0
29/02/2024 12:00,0
29/02/2024 13:00,0
29/02/2024 14:00,0
29/02/2024 15:00,0
29/02/2024 16:00,3.339244406
29/02/2024 17:00,10.83824335
29/02/2024 18:00,10.6622363
29/02/2024 19:00,10.46428046
29/02/2024 20:00,10.32809366
29/02/2024 21:00,10.21673302
29/02/2024 22:00,10.1864846
29/02/2024 23:00,10.23780727
01/03/2024 0:00,10.1597066
01/03/2024 1:00,10.07202461
01/03/2024 2:00,10.09286329
01/03/2024 3:00,10.17416121
01/03/2024 4:00,10.10919437
01/03/2024 5:00,10.09589284
01/03/2024 6:00,2.203366497
01/03/2024 7:00,0
01/03/2024 8:00,0
01/03/2024 9:00,0
01/03/2024 10:00,0
01/03/2024 11:00,0
01/03/2024 12:00,0
01/03/2024 13:00,0
01/03/2024 14:00,0
01/03/2024 15:00,0
01/03/2024 16:00,8.257531173
01/03/2024 17:00,10.69460499
01/03/2024 18:00,10.55236299
01/03/2024 19:00,10.3905064
01/03/2024 20:00,10.27406733
01/03/2024 21:00,10.24622658
01/03/2024 22:00,10.35281137
01/03/2024 23:00,10.32967446
02/03/2024 0:00,10.33794005
02/03/2024 1:00,10.2840212
02/03/2024 2:00,10.20047027
02/03/2024 3:00,10.36813606
02/03/2024 4:00,10.20079394
02/03/2024 5:00,10.30780646
02/03/2024 6:00,1.888787608
02/03/2024 7:00,0
02/03/2024 8:00,0
02/03/2024 9:00,0
02/03/2024 10:00,0
02/03/2024 11:00,0
02/03/2024 12:00,0
02/03/2024 13:00,0
02/03/2024 14:00,0
02/03/2024 15:00,0
02/03/2024 16:00,2.528960967
02/03/2024 17:00,10.7931356
02/03/2024 18:00,10.62943098
02/03/2024 19:00,10.46116288
02/03/2024 20:00,10.31285476
02/03/2024 21:00,10.22885246
02/03/2024 22:00,10.27628182
02/03/2024 23:00,10.28799756
03/03/2024 0:00,10.13082257
03/03/2024 1:00,10.08665968
03/03/2024 2:00,10.06249056
03/03/2024 3:00,10.34544186
03/03/2024 4:00,10.23477485
03/03/2024 5:00,9.237117651
03/03/2024 6:00,0
03/03/2024 7:00,0
03/03/2024 8:00,0
03/03/2024 9:00,0
03/03/2024 10:00,0
03/03/2024 11:00,0
03/03/2024 12:00,0
03/03/2024 13:00,0
03/03/2024 14:00,0
03/03/2024 15:00,0
03/03/2024 16:00,1.20562847
03/03/2024 17:00,10.92390069
03/03/2024 18:00,10.5516326
03/03/2024 19:00,10.34464742
03/03/2024 20:00,10.24533309
03/03/2024 21:00,10.21024113
03/03/2024 22:00,10.30699332
03/03/2024 23:00,10.24031549
04/03/2024 0:00,10.21163498
04/03/2024 1:00,10.25200398
04/03/2024 2:00,10.10731797
04/03/2024 3:00,10.35919321
04/03/2024 4:00,10.18364384
04/03/2024 5:00,9.089420273
04/03/2024 6:00,0
04/03/2024 7:00,0
04/03/2024 8:00,0
04/03/2024 9:00,0
04/03/2024 10:00,0
04/03/2024 11:00,0
04/03/2024 12:00,0
04/03/2024 13:00,0
04/03/2024 14:00,0
04/03/2024 15:00,0
04/03/2024 16:00,4.429211346
04/03/2024 17:00,10.63149184
04/03/2024 18:00,10.53778394
04/03/2024 19:00,10.36834298
04/03/2024 20:00,10.33409794
04/03/2024 21:00,10.32113243
04/03/2024 22:00,10.29062667
04/03/2024 23:00,10.37287371
05/03/2024 0:00,10.26894919
05/03/2024 1:00,10.24833243
05/03/2024 2:00,10.07391504
05/03/2024 3:00,10.09571648
05/03/2024 4:00,10.19989364
05/03/2024 5:00,10.18016701
05/03/2024 6:00,3.253517692
05/03/2024 7:00,0
05/03/2024 8:00,0
05/03/2024 9:00,0
05/03/2024 10:00,0
05/03/2024 11:00,0
05/03/2024 12:00,0
05/03/2024 13:00,0
05/03/2024 14:00,0
05/03/2024 15:00,0
05/03/2024 16:00,3.033991026
05/03/2024 17:00,10.75135516
05/03/2024 18:00,10.59754564
05/03/2024 19:00,10.71710104
05/03/2024 20:00,10.56284733
05/03/2024 21:00,10.48728183
05/03/2024 22:00,10.34571867
05/03/2024 23:00,10.2263044
06/03/2024 0:00,10.10166315
06/03/2024 1:00,10.26089629
06/03/2024 2:00,10.19499496
06/03/2024 3:00,10.24975024
06/03/2024 4:00,10.14425914
06/03/2024 5:00,8.425025587
06/03/2024 6:00,0
06/03/2024 7:00,0
06/03/2024 8:00,0
06/03/2024 9:00,0
06/03/2024 10:00,0
06/03/2024 11:00,0
06/03/2024 12:00,0
06/03/2024 13:00,0
06/03/2024 14:00,0
06/03/2024 15:00,0
06/03/2024 16:00,3.219034069
06/03/2024 17:00,10.79041523
06/03/2024 18:00,10.46455849
06/03/2024 19:00,10.43070477
06/03/2024 20:00,10.32985019
06/03/2024 21:00,10.40351562
06/03/2024 22:00,10.22156897
06/03/2024 23:00,10.18513448
07/03/2024 0:00,10.09716415
07/03/2024 1:00,10.24225155
07/03/2024 2:00,10.10615757
07/03/2024 3:00,10.1896466
07/03/2024 4:00,10.08609126
07/03/2024 5:00,9.989980749
07/03/2024 6:00,0
07/03/2024 7:00,0
07/03/2024 8:00,0
07/03/2024 9:00,0
07/03/2024 10:00,0
07/03/2024 11:00,0
07/03/2024 12:00,0
07/03/2024 13:00,0
07/03/2024 14:00,0
07/03/2024 15:00,0
07/03/2024 16:00,6.850754266
07/03/2024 17:00,10.75059354
07/03/2024 18:00,10.52996438
07/03/2024 19:00,10.28886047
07/03/2024 20:00,10.30287385
07/03/2024 21:00,10.34711157
07/03/2024 22:00,10.23589578
07/03/2024 23:00,10.28538302
08/03/2024 0:00,10.4854942
08/03/2024 1:00,10.37143306
08/03/2024 2:00,10.34013841
08/03/2024 3:00,10.3349644
08/03/2024 4:00,10.24686852
08/03/2024 5:00,7.802131813
08/03/2024 6:00,0
08/03/2024 7:00,0
08/03/2024 8:00,0
08/03/2024 9:00,0
08/03/2024 10:00,0
08/03/2024 11:00,0
08/03/2024 12:00,0
08/03/2024 13:00,0
08/03/2024 14:00,0
08/03/2024 15:00,0
08/03/2024 16:00,0.910574596
08/03/2024 17:00,10.82660259
08/03/2024 18:00,10.48315034
08/03/2024 19:00,10.50113507
08/03/2024 20:00,10.48994459
08/03/2024 21:00,10.44770121
08/03/2024 22:00,10.49207759
08/03/2024 23:00,10.287903
09/03/2024 0:00,10.30449225
09/03/2024 1:00,10.27980303
09/03/2024 2:00,10.18832566
09/03/2024 3:00,10.20051811
09/03/2024 4:00,10.29911355
09/03/2024 5:00,8.13902647
09/03/2024 6:00,0
09/03/2024 7:00,0
09/03/2024 8:00,0
09/03/2024 9:00,0
09/03/2024 10:00,0
09/03/2024 11:00,0
09/03/2024 12:00,0
09/03/2024 13:00,0
09/03/2024 14:00,0
09/03/2024 15:00,0
09/03/2024 16:00,1.929263096
09/03/2024 17:00,10.7957837
09/03/2024 18:00,10.50140784
09/03/2024 19:00,10.50322161
09/03/2024 20:00,10.49013583
09/03/2024 21:00,10.40623052
09/03/2024 22:00,10.3238451
09/03/2024 23:00,10.36550254
10/03/2024 0:00,10.31344811
10/03/2024 1:00,10.26954661
10/03/2024 2:00,10.26998058
10/03/2024 3:00,10.2883008
10/03/2024 4:00,10.30455748
10/03/2024 5:00,10.26511287
10/03/2024 6:00,0
10/03/2024 7:00,0
10/03/2024 8:00,0
10/03/2024 9:00,0
10/03/2024 10:00,0
10/03/2024 11:00,0
10/03/2024 12:00,0
10/03/2024 13:00,0
10/03/2024 14:00,0
10/03/2024 15:00,0
10/03/2024 16:00,2.758857703
10/03/2024 17:00,10.88711567
10/03/2024 18:00,10.51464257
10/03/2024 19:00,10.45232837
10/03/2024 20:00,10.37370317
10/03/2024 21:00,10.22516027
10/03/2024 22:00,10.24979195
10/03/2024 23:00,10.25515276
11/03/2024 0:00,10.18781753
11/03/2024 1:00,10.22245608
11/03/2024 2:00,10.12210454
11/03/2024 3:00,10.11804136
11/03/2024 4:00,10.13291072
11/03/2024 5:00,7.638739112
11/03/2024 6:00,0
11/03/2024 7:00,0
11/03/2024 8:00,0
11/03/2024 9:00,0
11/03/2024 10:00,0
11/03/2024 11:00,0
11/03/2024 12:00,0
11/03/2024 13:00,0
11/03/2024 14:00,0
11/03/2024 15:00,0
11/03/2024 16:00,2.981711045
11/03/2024 17:00,10.98066146
11/03/2024 18:00,10.60979023
11/03/2024 19:00,10.43956075
11/03/2024 20:00,10.41162786
11/03/2024 21:00,10.26410119
11/03/2024 22:00,10.23360573
11/03/2024 23:00,10.31130457
12/03/2024 0:00,10.28382402
12/03/2024 1:00,10.19843763
12/03/2024 2:00,10.26064959
12/03/2024 3:00,10.38289962
12/03/2024 4:00,10.26538426
12/03/2024 5:00,8.846684012
12/03/2024 6:00,0
12/03/2024 7:00,0
12/03/2024 8:00,0
12/03/2024 9:00,0
12/03/2024 10:00,0
12/03/2024 11:00,0
12/03/2024 12:00,0
12/03/2024 13:00,0
12/03/2024 14:00,0
12/03/2024 15:00,0
12/03/2024 16:00,1.646928734
12/03/2024 17:00,11.00588897
12/03/2024 18:00,10.53502209
12/03/2024 19:00,10.51823003
12/03/2024 20:00,10.28693427
12/03/2024 21:00,10.39145025
12/03/2024 22:00,10.24713937
12/03/2024 23:00,10.25852696
13/03/2024 0:00,10.28721586
13/03/2024 1:00,10.18112431
13/03/2024 2:00,10.1860392
13/03/2024 3:00,10.25472999
13/03/2024 4:00,10.17569083
13/03/2024 5:00,8.2236302
13/03/2024 6:00,0
13/03/2024 7:00,0
13/03/2024 8:00,0
13/03/2024 9:00,0
13/03/2024 10:00,0
13/03/2024 11:00,0
13/03/2024 12:00,0
13/03/2024 13:00,0
13/03/2024 14:00,0
13/03/2024 15:00,0
13/03/2024 16:00,2.029380324
13/03/2024 17:00,10.86298068
13/03/2024 18:00,10.7010062
13/03/2024 19:00,10.46674861
13/03/2024 20:00,10.34039964
13/03/2024 21:00,10.25293134
13/03/2024 22:00,10.11869912
13/03/2024 23:00,10.18179207
14/03/2024 0:00,10.18275287
14/03/2024 1:00,10.14570073
14/03/2024 2:00,10.14131467
14/03/2024 3:00,10.15734112
14/03/2024 4:00,10.1447256
14/03/2024 5:00,9.489258051
14/03/2024 6:00,0
14/03/2024 7:00,0
14/03/2024 8:00,0
14/03/2024 9:00,0
14/03/2024 10:00,0
14/03/2024 11:00,0
14/03/2024 12:00,0
14/03/2024 13:00,0
14/03/2024 14:00,0
14/03/2024 15:00,0
14/03/2024 16:00,0
14/03/2024 17:00,10.63145842
14/03/2024 18:00,10.59644145
14/03/2024 19:00,10.53236374
14/03/2024 20:00,10.46399829
14/03/2024 21:00,10.40636062
14/03/2024 22:00,10.30643205
14/03/2024 23:00,10.20082255
15/03/2024 0:00,10.20749514
15/03/2024 1:00,10.09005705
15/03/2024 2:00,10.06864482
15/03/2024 3:00,10.20311057
15/03/2024 4:00,10.12349249
15/03/2024 5:00,5.881383457
15/03/2024 6:00,0
15/03/2024 7:00,0
15/03/2024 8:00,0
15/03/2024 9:00,0
15/03/2024 10:00,0
15/03/2024 11:00,0
15/03/2024 12:00,0
15/03/2024 13:00,0
15/03/2024 14:00,0
15/03/2024 15:00,0
15/03/2024 16:00,0
15/03/2024 17:00,10.8465975
15/03/2024 18:00,10.61006785
15/03/2024 19:00,10.46214307
15/03/2024 20:00,10.2970711
15/03/2024 21:00,10.24275731
15/03/2024 22:00,10.20085891
15/03/2024 23:00,10.33168644
16/03/2024 0:00,10.18283502
16/03/2024 1:00,10.1786069
16/03/2024 2:00,10.16248339
16/03/2024 3:00,10.29763999
16/03/2024 4:00,10.17638816
16/03/2024 5:00,6.655581054
16/03/2024 6:00,0
16/03/2024 7:00,0
16/03/2024 8:00,0
16/03/2024 9:00,0
16/03/2024 10:00,0
16/03/2024 11:00,0
16/03/2024 12:00,0
16/03/2024 13:00,0
16/03/2024 14:00,0
16/03/2024 15:00,0
16/03/2024 16:00,0
16/03/2024 17:00,9.502777536
16/03/2024 18:00,10.50604198
16/03/2024 19:00,10.42716054
16/03/2024 20:00,10.40254536
16/03/2024 21:00,10.35564324
16/03/2024 22:00,10.35113082
16/03/2024 23:00,10.42661635
17/03/2024 0:00,10.28596021
17/03/2024 1:00,10.27707748
17/03/2024 2:00,10.12217315
17/03/2024 3:00,10.26508108
17/03/2024 4:00,10.1624038
17/03/2024 5:00,6.050307892
17/03/2024 6:00,0
17/03/2024 7:00,0
17/03/2024 8:00,0
17/03/2024 9:00,0
17/03/2024 10:00,0
17/03/2024 11:00,0
17/03/2024 12:00,0
17/03/2024 13:00,0
17/03/2024 14:00,0
17/03/2024 15:00,0
17/03/2024 16:00,0
17/03/2024 17:00,10.3325376
17/03/2024 18:00,10.67322705
17/03/2024 19:00,10.43590326
17/03/2024 20:00,10.44155785
17/03/2024 21:00,10.33805572
17/03/2024 22:00,10.30679968
17/03/2024 23:00,10.51484763
18/03/2024 0:00,10.39970861
18/03/2024 1:00,10.32655608
18/03/2024 2:00,10.33774732
18/03/2024 3:00,10.34598643
18/03/2024 4:00,10.24127378
18/03/2024 5:00,4.582845189
18/03/2024 6:00,0
18/03/2024 7:00,0
18/03/2024 8:00,0
18/03/2024 9:00,0
18/03/2024 10:00,0
18/03/2024 11:00,0
18/03/2024 12:00,0
18/03/2024 13:00,0
18/03/2024 14:00,0
18/03/2024 15:00,0
18/03/2024 16:00,0
18/03/2024 17:00,10.04908994
18/03/2024 18:00,10.56598785
18/03/2024 19:00,10.51194504
18/03/2024 20:00,10.39743762
18/03/2024 21:00,10.26431215
18/03/2024 22:00,10.35537673
18/03/2024 23:00,10.51841875
19/03/2024 0:00,10.2353754
19/03/2024 1:00,10.42450891
19/03/2024 2:00,10.46994089
19/03/2024 3:00,10.5221469
19/03/2024 4:00,10.20995103
19/03/2024 5:00,7.07519618
19/03/2024 6:00,0
19/03/2024 7:00,0
19/03/2024 8:00,0
19/03/2024 9:00,0
19/03/2024 10:00,0
19/03/2024 11:00,0
19/03/2024 12:00,0
19/03/2024 13:00,0
19/03/2024 14:00,0
19/03/2024 15:00,0
19/03/2024 16:00,0
19/03/2024 17:00,10.85955285
19/03/2024 18:00,10.66016928
19/03/2024 19:00,10.57279175
19/03/2024 20:00,10.52840242
19/03/2024 21:00,10.35338164
19/03/2024 22:00,10.27286719
19/03/2024 23:00,10.3183267
20/03/2024 0:00,10.29503301
20/03/2024 1:00,10.23007713
20/03/2024 2:00,10.1897838
20/03/2024 3:00,10.2139733
20/03/2024 4:00,10.25515336
20/03/2024 5:00,3.345118743
20/03/2024 6:00,0
20/03/2024 7:00,0
20/03/2024 8:00,0
20/03/2024 9:00,0
20/03/2024 10:00,0
20/03/2024 11:00,0
20/03/2024 12:00,0
20/03/2024 13:00,0
20/03/2024 14:00,0
20/03/2024 15:00,0
20/03/2024 16:00,0
20/03/2024 17:00,9.282202356
20/03/2024 18:00,10.59656138
20/03/2024 19:00,10.53166333
20/03/2024 20:00,10.40448595
20/03/2024 21:00,10.37990891
20/03/2024 22:00,10.27560863
20/03/2024 23:00,10.15592255
21/03/2024 0:00,10.07412126
21/03/2024 1:00,10.01936322
21/03/2024 2:00,9.982667382
21/03/2024 3:00,10.17751346
21/03/2024 4:00,10.05279097
21/03/2024 5:00,3.712127778
21/03/2024 6:00,0
21/03/2024 7:00,0
21/03/2024 8:00,0
21/03/2024 9:00,0
21/03/2024 10:00,0
21/03/2024 11:00,0
21/03/2024 12:00,0
21/03/2024 13:00,0
21/03/2024 14:00,0
21/03/2024 15:00,5.439781936
21/03/2024 16:00,1.331572817
21/03/2024 17:00,10.92179848
21/03/2024 18:00,10.64023616
21/03/2024 19:00,10.53307945
21/03/2024 20:00,10.35387352
21/03/2024 21:00,10.38933865
21/03/2024 22:00,10.36351582
21/03/2024 23:00,10.29627193
22/03/2024 0:00,10.16423716
22/03/2024 1:00,10.12065041
22/03/2024 2:00,10.0697388
22/03/2024 3:00,10.2817588
22/03/2024 4:00,10.18728517
22/03/2024 5:00,4.502314861
22/03/2024 6:00,0
22/03/2024 7:00,0
22/03/2024 8:00,0
22/03/2024 9:00,0
22/03/2024 10:00,0
22/03/2024 11:00,0
22/03/2024 12:00,0
22/03/2024 13:00,0
22/03/2024 14:00,0
22/03/2024 15:00,0
22/03/2024 16:00,0
22/03/2024 17:00,8.705575396
22/03/2024 18:00,10.62173005
22/03/2024 19:00,10.54520348
22/03/2024 20:00,10.29026231
22/03/2024 21:00,10.26118052
22/03/2024 22:00,10.28771945
22/03/2024 23:00,10.18277953
23/03/2024 0:00,10.10106509
23/03/2024 1:00,10.2575263
23/03/2024 2:00,10.01849986
23/03/2024 3:00,10.25990574
23/03/2024 4:00,10.17647289
23/03/2024 5:00,3.751737464
23/03/2024 6:00,0
23/03/2024 7:00,0
23/03/2024 8:00,0
23/03/2024 9:00,0
23/03/2024 10:00,0
23/03/2024 11:00,0
23/03/2024 12:00,0
23/03/2024 13:00,0
23/03/2024 14:00,0
23/03/2024 15:00,0
23/03/2024 16:00,4.050300837
23/03/2024 17:00,8.394277714
23/03/2024 18:00,10.58580725
23/03/2024 19:00,10.39977523
23/03/2024 20:00,10.35089985
23/03/2024 21:00,10.39234432
23/03/2024 22:00,10.26622313
23/03/2024 23:00,10.33690296
24/03/2024 0:00,10.27408559
24/03/2024 1:00,10.18366596
24/03/2024 2:00,10.14446126
24/03/2024 3:00,10.16777113
24/03/2024 4:00,10.26126222
24/03/2024 5:00,8.21052286
24/03/2024 6:00,0
24/03/2024 7:00,0
24/03/2024 8:00,0
24/03/2024 9:00,0
24/03/2024 10:00,0
24/03/2024 11:00,0
24/03/2024 12:00,0
24/03/2024 13:00,0
24/03/2024 14:00,0
24/03/2024 15:00,0
24/03/2024 16:00,0
24/03/2024 17:00,8.891504718
24/03/2024 18:00,10.74838932
24/03/2024 19:00,10.38596964
24/03/2024 20:00,10.47267016
24/03/2024 21:00,10.45348721
24/03/2024 22:00,10.36453766
24/03/2024 23:00,10.36793918
25/03/2024 0:00,10.16374083
25/03/2024 1:00,10.22580378
25/03/2024 2:00,10.25889992
25/03/2024 3:00,10.31155264
25/03/2024 4:00,10.1868248
25/03/2024 5:00,4.920639447
25/03/2024 6:00,0
25/03/2024 7:00,0
25/03/2024 8:00,0
25/03/2024 9:00,0
25/03/2024 10:00,0
25/03/2024 11:00,0
25/03/2024 12:00,0
25/03/2024 13:00,0
25/03/2024 14:00,0
25/03/2024 15:00,0
25/03/2024 16:00,0
25/03/2024 17:00,6.539752914
25/03/2024 18:00,10.8815486
25/03/2024 19:00,10.60700183
25/03/2024 20:00,10.52312048
25/03/2024 21:00,10.44817125
25/03/2024 22:00,10.37054369
25/03/2024 23:00,10.2189377
26/03/2024 0:00,10.16073849
26/03/2024 1:00,10.08414205
26/03/2024 2:00,10.13745526
26/03/2024 3:00,10.41114687
26/03/2024 4:00,10.28360967
26/03/2024 5:00,1.551887056
26/03/2024 6:00,0
26/03/2024 7:00,0
26/03/2024 8:00,0
26/03/2024 9:00,0
26/03/2024 10:00,0
26/03/2024 11:00,0
26/03/2024 12:00,0
26/03/2024 13:00,0
26/03/2024 14:00,0
26/03/2024 15:00,0
26/03/2024 16:00,0
26/03/2024 17:00,6.455936642
26/03/2024 18:00,10.65445919
26/03/2024 19:00,10.55759625
26/03/2024 20:00,10.46708766
26/03/2024 21:00,10.43876372
26/03/2024 22:00,10.33756956
26/03/2024 23:00,10.33861998
27/03/2024 0:00,10.1929198
27/03/2024 1:00,10.29416867
27/03/2024 2:00,10.14106322
27/03/2024 3:00,10.22846057
27/03/2024 4:00,10.15011509
27/03/2024 5:00,1.713222289
27/03/2024 6:00,0
27/03/2024 7:00,0
27/03/2024 8:00,0
27/03/2024 9:00,0
27/03/2024 10:00,0
27/03/2024 11:00,0
27/03/2024 12:00,0
27/03/2024 13:00,0
27/03/2024 14:00,0
27/03/2024 15:00,0
27/03/2024 16:00,0.66220827
27/03/2024 17:00,10.98960963
27/03/2024 18:00,10.67498384
27/03/2024 19:00,10.49442432
27/03/2024 20:00,10.45329338
27/03/2024 21:00,10.3935527
27/03/2024 22:00,10.26703675
27/03/2024 23:00,10.39725351
28/03/2024 0:00,10.37368471
28/03/2024 1:00,10.26698479
28/03/2024 2:00,10.29387056
28/03/2024 3:00,10.41748019
28/03/2024 4:00,10.31256806
28/03/2024 5:00,2.138503592
28/03/2024 6:00,0
28/03/2024 7:00,0
28/03/2024 8:00,0
28/03/2024 9:00,0
28/03/2024 10:00,0
28/03/2024 11:00,0
28/03/2024 12:00,0
28/03/2024 13:00,0
28/03/2024 14:00,0
28/03/2024 15:00,0
28/03/2024 16:00,5.184500816
28/03/2024 17:00,10.84267453
28/03/2024 18:00,10.50622599
28/03/2024 19:00,10.36700582
28/03/2024 20:00,10.27183592
28/03/2024 21:00,10.26300652
28/03/2024 22:00,10.25224884
28/03/2024 23:00,10.3085896
29/03/2024 0:00,10.26051216
29/03/2024 1:00,10.13641013
29/03/2024 2:00,10.20172569
29/03/2024 3:00,10.3840286
29/03/2024 4:00,10.21554592
29/03/2024 5:00,0.849353436
29/03/2024 6:00,0
29/03/2024 7:00,0
29/03/2024 8:00,0
29/03/2024 9:00,0
29/03/2024 10:00,0
29/03/2024 11:00,0
29/03/2024 12:00,0
29/03/2024 13:00,0
29/03/2024 14:00,0
29/03/2024 15:00,0
29/03/2024 16:00,0
29/03/2024 17:00,6.990419678
29/03/2024 18:00,10.76356323
29/03/2024 19:00,10.47366072
29/03/2024 20:00,10.52955322
29/03/2024 21:00,10.44793243
29/03/2024 22:00,10.47960354
29/03/2024 23:00,10.40364956
30/03/2024 0:00,10.30991359
30/03/2024 1:00,10.13987566
30/03/2024 2:00,10.12851873
30/03/2024 3:00,10.35562454
30/03/2024 4:00,10.21407518
30/03/2024 5:00,5.541519383
30/03/2024 6:00,0
30/03/2024 7:00,0
30/03/2024 8:00,0
30/03/2024 9:00,0
30/03/2024 10:00,0
30/03/2024 11:00,0
30/03/2024 12:00,0
30/03/2024 13:00,0
30/03/2024 14:00,0
30/03/2024 15:00,0
30/03/2024 16:00,0
30/03/2024 17:00,7.435623402
30/03/2024 18:00,10.59611051
30/03/2024 19:00,10.67954677
30/03/2024 20:00,10.59452203
30/03/2024 21:00,10.54538284
30/03/2024 22:00,10.30055874
30/03/2024 23:00,10.31648229
31/03/2024 0:00,10.25654748
31/03/2024 1:00,10.30315963
31/03/2024 2:00,10.28389411
31/03/2024 3:00,10.29534284
31/03/2024 4:00,10.35160685
31/03/2024 5:00,1.316822317
31/03/2024 6:00,0
31/03/2024 7:00,0
31/03/2024 8:00,0
31/03/2024 9:00,0
31/03/2024 10:00,0
31/03/2024 11:00,0
31/03/2024 12:00,0
31/03/2024 13:00,0
31/03/2024 14:00,0
31/03/2024 15:00,0
31/03/2024 16:00,0
31/03/2024 17:00,7.220456186
31/03/2024 18:00,10.85116238
31/03/2024 19:00,10.66774423
31/03/2024 20:00,10.56471633
31/03/2024 21:00,10.50459313
31/03/2024 22:00,10.47836566
31/03/2024 23:00,10.46567198
01/04/2024 0:00,10.37550697
01/04/2024 1:00,10.34280891
01/04/2024 2:00,10.3946571
01/04/2024 3:00,10.3472824
01/04/2024 4:00,10.35064643
01/04/2024 5:00,1.854457734
01/04/2024 6:00,0
01/04/2024 7:00,0
01/04/2024 8:00,0
01/04/2024 9:00,0
01/04/2024 10:00,0
01/04/2024 11:00,0
01/04/2024 12:00,0
01/04/2024 13:00,0
01/04/2024 14:00,0
01/04/2024 15:00,0
01/04/2024 16:00,0.732348187
01/04/2024 17:00,11.3490889
01/04/2024 18:00,10.92234453
01/04/2024 19:00,10.62953537
01/04/2024 20:00,10.37611985
01/04/2024 21:00,10.42503318
01/04/2024 22:00,10.42807036
01/04/2024 23:00,10.39799586
02/04/2024 0:00,10.16786621
02/04/2024 1:00,10.15822022
02/04/2024 2:00,10.24000656
02/04/2024 3:00,10.28157985
02/04/2024 4:00,10.29481998
02/04/2024 5:00,1.261718276
02/04/2024 6:00,0
02/04/2024 7:00,0
02/04/2024 8:00,0
02/04/2024 9:00,0
02/04/2024 10:00,0
02/04/2024 11:00,0
02/04/2024 12:00,0
02/04/2024 13:00,0
02/04/2024 14:00,0
02/04/2024 15:00,0
02/04/2024 16:00,0
02/04/2024 17:00,4.719615734
02/04/2024 18:00,10.80923809
02/04/2024 19:00,10.55506419
02/04/2024 20:00,10.58050444
02/04/2024 21:00,10.63313811
02/04/2024 22:00,10.56348424
02/04/2024 23:00,10.50331515
03/04/2024 0:00,10.44687034
03/04/2024 1:00,10.41955184
03/04/2024 2:00,10.35316468
03/04/2024 3:00,10.29804731
03/04/2024 4:00,8.491433569
03/04/2024 5:00,0
03/04/2024 6:00,0
03/04/2024 7:00,0
03/04/2024 8:00,0
03/04/2024 9:00,0
03/04/2024 10:00,0
03/04/2024 11:00,0
03/04/2024 12:00,0
03/04/2024 13:00,0
03/04/2024 14:00,0
03/04/2024 15:00,0
03/04/2024 16:00,0
03/04/2024 17:00,10.12940935
03/04/2024 18:00,10.57340933
03/04/2024 19:00,10.43414438
03/04/2024 20:00,10.54417672
03/04/2024 21:00,10.51946554
03/04/2024 22:00,10.53603811
03/04/2024 23:00,10.41905111
04/04/2024 0:00,10.22377254
04/04/2024 1:00,10.34674069
04/04/2024 2:00,10.34193119
04/04/2024 3:00,10.36455968
04/04/2024 4:00,10.01732876
04/04/2024 5:00,0
04/04/2024 6:00,0
04/04/2024 7:00,0
04/04/2024 8:00,0
04/04/2024 9:00,0
04/04/2024 10:00,0
04/04/2024 11:00,0
04/04/2024 12:00,0
04/04/2024 13:00,0
04/04/2024 14:00,0
04/04/2024 15:00,0
04/04/2024 16:00,0
04/04/2024 17:00,11.70733031
04/04/2024 18:00,10.61878122
04/04/2024 19:00,10.51122036
04/04/2024 20:00,10.46026121
04/04/2024 21:00,10.56711459
04/04/2024 22:00,10.6170674
04/04/2024 23:00,10.42705714
05/04/2024 0:00,10.26511157
05/04/2024 1:00,10.36614119
05/04/2024 2:00,10.26993207
05/04/2024 3:00,10.23781681
05/04/2024 4:00,10.26478507
05/04/2024 5:00,0.537990181
05/04/2024 6:00,0
05/04/2024 7:00,0
05/04/2024 8:00,0
05/04/2024 9:00,0
05/04/2024 10:00,0
05/04/2024 11:00,0
05/04/2024 12:00,0
05/04/2024 13:00,0
05/04/2024 14:00,0
05/04/2024 15:00,0
05/04/2024 16:00,0
05/04/2024 17:00,6.318549092
05/04/2024 18:00,10.64626141
05/04/2024 19:00,10.49208156
05/04/2024 20:00,10.42037056
05/04/2024 21:00,10.30524286
05/04/2024 22:00,10.25153271
05/04/2024 23:00,10.14926496
06/04/2024 0:00,10.16382517
06/04/2024 1:00,10.23356798
06/04/2024 2:00,10.21598621
06/04/2024 3:00,10.28184011
06/04/2024 4:00,9.628256239
06/04/2024 5:00,0
06/04/2024 6:00,0
06/04/2024 7:00,0
06/04/2024 8:00,0
06/04/2024 9:00,0
06/04/2024 10:00,0
06/04/2024 11:00,0
06/04/2024 12:00,0
06/04/2024 13:00,0
06/04/2024 14:00,0
06/04/2024 15:00,0
06/04/2024 16:00,0
06/04/2024 17:00,5.022479027
06/04/2024 18:00,10.69237447
06/04/2024 19:00,10.42606107
06/04/2024 20:00,10.51673087
06/04/2024 21:00,10.36710653
06/04/2024 22:00,10.38588639
06/04/2024 23:00,10.31685247
07/04/2024 0:00,10.14886129
07/04/2024 1:00,10.18091182
07/04/2024 2:00,10.12242654
07/04/2024 3:00,10.28325026
07/04/2024 4:00,8.272459784
07/04/2024 5:00,0
07/04/2024 6:00,0
07/04/2024 7:00,0
07/04/2024 8:00,0
07/04/2024 9:00,0
07/04/2024 10:00,0
07/04/2024 11:00,0
07/04/2024 12:00,0
07/04/2024 13:00,0
07/04/2024 14:00,0
07/04/2024 15:00,0
07/04/2024 16:00,0
07/04/2024 17:00,5.551340493
07/04/2024 18:00,10.75810416
07/04/2024 19:00,10.53315735
07/04/2024 20:00,10.66583495
07/04/2024 21:00,10.43722663
07/04/2024 22:00,10.44524889
07/04/2024 23:00,10.41058275
08/04/2024 0:00,10.37792289
08/04/2024 1:00,10.32436912
08/04/2024 2:00,10.28053949
08/04/2024 3:00,10.47505937
08/04/2024 4:00,10.3272294
08/04/2024 5:00,0.83326825
08/04/2024 6:00,0
08/04/2024 7:00,0
08/04/2024 8:00,0
08/04/2024 9:00,0
08/04/2024 10:00,0
08/04/2024 11:00,0
08/04/2024 12:00,0
08/04/2024 13:00,0
08/04/2024 14:00,0
08/04/2024 15:00,0
08/04/2024 16:00,0
08/04/2024 17:00,4.200839201
08/04/2024 18:00,10.78295488
08/04/2024 19:00,10.60050795
08/04/2024 20:00,10.3926305
08/04/2024 21:00,10.36580028
08/04/2024 22:00,10.28802002
08/04/2024 23:00,10.22511113
09/04/2024 0:00,10.1698604
09/04/2024 1:00,10.16200843
09/04/2024 2:00,10.16016022
09/04/2024 3:00,10.24745279
09/04/2024 4:00,8.294936146
09/04/2024 5:00,0
09/04/2024 6:00,0
09/04/2024 7:00,0
09/04/2024 8:00,0
09/04/2024 9:00,0
09/04/2024 10:00,0
09/04/2024 11:00,0
09/04/2024 12:00,0
09/04/2024 13:00,0
09/04/2024 14:00,0
09/04/2024 15:00,0
09/04/2024 16:00,0
09/04/2024 17:00,7.794076628
09/04/2024 18:00,10.64821401
09/04/2024 19:00,10.44271807
09/04/2024 20:00,10.33967909
09/04/2024 21:00,10.47930726
09/04/2024 22:00,10.48685639
09/04/2024 23:00,10.30332797
10/04/2024 0:00,10.22798754
10/04/2024 1:00,10.27802173
10/04/2024 2:00,10.18459588
10/04/2024 3:00,10.35733934
10/04/2024 4:00,9.168653995
10/04/2024 5:00,0
10/04/2024 6:00,0
10/04/2024 7:00,0
10/04/2024 8:00,0
10/04/2024 9:00,0
10/04/2024 10:00,0
10/04/2024 11:00,0
10/04/2024 12:00,0
10/04/2024 13:00,0
10/04/2024 14:00,0
10/04/2024 15:00,0
10/04/2024 16:00,0
10/04/2024 17:00,4.348240862
10/04/2024 18:00,10.84167935
10/04/2024 19:00,10.71513235
10/04/2024 20:00,10.63103249
10/04/2024 21:00,10.42023264
10/04/2024 22:00,10.38561456
10/04/2024 23:00,10.29005676
11/04/2024 0:00,10.26758939
11/04/2024 1:00,10.36909979
11/04/2024 2:00,10.3445895
11/04/2024 3:00,10.32207132
11/04/2024 4:00,6.653665743
11/04/2024 5:00,0
11/04/2024 6:00,0
11/04/2024 7:00,0
11/04/2024 8:00,0
11/04/2024 9:00,0
11/04/2024 10:00,0
11/04/2024 11:00,0
11/04/2024 12:00,0
11/04/2024 13:00,0
11/04/2024 14:00,0
11/04/2024 15:00,0
11/04/2024 16:00,0
11/04/2024 17:00,2.949548127
11/04/2024 18:00,10.85632067
11/04/2024 19:00,10.58719943
11/04/2024 20:00,10.4916757
11/04/2024 21:00,10.40803626
11/04/2024 22:00,10.42760452
11/04/2024 23:00,10.38720647
12/04/2024 0:00,10.28824643
12/04/2024 1:00,10.2800987
12/04/2024 2:00,10.29971317
12/04/2024 3:00,10.44162067
12/04/2024 4:00,6.668874217
12/04/2024 5:00,0
12/04/2024 6:00,0
12/04/2024 7:00,0
12/04/2024 8:00,0
12/04/2024 9:00,0
12/04/2024 10:00,0
12/04/2024 11:00,0
12/04/2024 12:00,0
12/04/2024 13:00,0
12/04/2024 14:00,0
12/04/2024 15:00,0
12/04/2024 16:00,0
12/04/2024 17:00,2.62382181
12/04/2024 18:00,10.88435251
12/04/2024 19:00,10.57428343
12/04/2024 20:00,10.56114028
12/04/2024 21:00,10.50958458
12/04/2024 22:00,10.43792895
12/04/2024 23:00,10.35442614
13/04/2024 0:00,10.29331176
13/04/2024 1:00,10.32974043
13/04/2024 2:00,10.46633344
13/04/2024 3:00,10.47232367
13/04/2024 4:00,5.359183634
13/04/2024 5:00,0
13/04/2024 6:00,0
13/04/2024 7:00,0
13/04/2024 8:00,0
13/04/2024 9:00,0
13/04/2024 10:00,0
13/04/2024 11:00,0
13/04/2024 12:00,0
13/04/2024 13:00,0
13/04/2024 14:00,0
13/04/2024 15:00,0
13/04/2024 16:00,0
13/04/2024 17:00,3.526870821
13/04/2024 18:00,10.68183596
13/04/2024 19:00,10.46318624
13/04/2024 20:00,10.36110367
13/04/2024 21:00,10.38078419
13/04/2024 22:00,10.38416212
13/04/2024 23:00,10.28863927
14/04/2024 0:00,10.24239596
14/04/2024 1:00,10.20726028
14/04/2024 2:00,10.20254428
14/04/2024 3:00,10.29265784
14/04/2024 4:00,6.059724011
14/04/2024 5:00,0
14/04/2024 6:00,0
14/04/2024 7:00,0
14/04/2024 8:00,0
14/04/2024 9:00,0
14/04/2024 10:00,0
14/04/2024 11:00,0
14/04/2024 12:00,0
14/04/2024 13:00,0
14/04/2024 14:00,0
14/04/2024 15:00,0
14/04/2024 16:00,0
14/04/2024 17:00,3.285352399
14/04/2024 18:00,10.88778039
14/04/2024 19:00,10.6281517
14/04/2024 20:00,10.53185909
14/04/2024 21:00,10.51653626
14/04/2024 22:00,10.49427945
14/04/2024 23:00,10.44019146
15/04/2024 0:00,10.37555872
15/04/2024 1:00,10.4240607
15/04/2024 2:00,10.38687374
15/04/2024 3:00,10.38620064
15/04/2024 4:00,7.618406706
15/04/2024 5:00,0
15/04/2024 6:00,0.193586998
15/04/2024 7:00,0
15/04/2024 8:00,0
15/04/2024 9:00,0
15/04/2024 10:00,0
15/04/2024 11:00,0
15/04/2024 12:00,0
15/04/2024 13:00,0
15/04/2024 14:00,0
15/04/2024 15:00,0
15/04/2024 16:00,0
15/04/2024 17:00,5.890477599
15/04/2024 18:00,10.85772075
15/04/2024 19:00,10.53331435
15/04/2024 20:00,10.59274284
15/04/2024 21:00,10.46420228
15/04/2024 22:00,10.49125965
15/04/2024 23:00,10.29687104
16/04/2024 0:00,10.150753
16/04/2024 1:00,10.17709384
16/04/2024 2:00,10.11719644
16/04/2024 3:00,10.38607475
16/04/2024 4:00,6.75854725
16/04/2024 5:00,0
16/04/2024 6:00,0
16/04/2024 7:00,0
16/04/2024 8:00,0
16/04/2024 9:00,0
16/04/2024 10:00,0
16/04/2024 11:00,0
16/04/2024 12:00,0
16/04/2024 13:00,0
16/04/2024 14:00,0
16/04/2024 15:00,0
16/04/2024 16:00,0
16/04/2024 17:00,4.729295781
16/04/2024 18:00,10.84509313
16/04/2024 19:00,10.75920659
16/04/2024 20:00,10.44320589
16/04/2024 21:00,10.61733713
16/04/2024 22:00,10.47345256
16/04/2024 23:00,10.34453759
17/04/2024 0:00,10.3010966
17/04/2024 1:00,10.23699023
17/04/2024 2:00,10.11845425
17/04/2024 3:00,10.37285879
17/04/2024 4:00,4.643282239
17/04/2024 5:00,0
17/04/2024 6:00,0
17/04/2024 7:00,0
17/04/2024 8:00,0
17/04/2024 9:00,0
17/04/2024 10:00,0
17/04/2024 11:00,0
17/04/2024 12:00,0
17/04/2024 13:00,0
17/04/2024 14:00,0
17/04/2024 15:00,0
17/04/2024 16:00,0
17/04/2024 17:00,7.234902356
17/04/2024 18:00,10.78727146
17/04/2024 19:00,10.64464
17/04/2024 20:00,10.50189427
17/04/2024 21:00,10.35805245
17/04/2024 22:00,10.3590737
17/04/2024 23:00,10.2788552
18/04/2024 0:00,10.21132309
18/04/2024 1:00,10.28652029
18/04/2024 2:00,10.20033858
18/04/2024 3:00,10.22736576
18/04/2024 4:00,6.179535729
18/04/2024 5:00,0
18/04/2024 6:00,0
18/04/2024 7:00,0
18/04/2024 8:00,0
18/04/2024 9:00,0
18/04/2024 10:00,0
18/04/2024 11:00,0
18/04/2024 12:00,0
18/04/2024 13:00,0
18/04/2024 14:00,0
18/04/2024 15:00,0
18/04/2024 16:00,0
18/04/2024 17:00,2.532696646
18/04/2024 18:00,10.84669513
18/04/2024 19:00,10.55791836
18/04/2024 20:00,10.58577039
18/04/2024 21:00,10.55311387
18/04/2024 22:00,10.42476535
18/04/2024 23:00,10.37662926
19/04/2024 0:00,10.21987969
19/04/2024 1:00,10.1533472
19/04/2024 2:00,10.25671775
19/04/2024 3:00,10.31091571
19/04/2024 4:00,4.686620385
19/04/2024 5:00,0
19/04/2024 6:00,0
19/04/2024 7:00,0
19/04/2024 8:00,0
19/04/2024 9:00,0
19/04/2024 10:00,0
19/04/2024 11:00,0
19/04/2024 12:00,0
19/04/2024 13:00,0
19/04/2024 14:00,0
19/04/2024 15:00,0
19/04/2024 16:00,1.141989025
19/04/2024 17:00,9.585325897
19/04/2024 18:00,10.78399352
19/04/2024 19:00,10.62844238
19/04/2024 20:00,10.55142792
19/04/2024 21:00,10.44430884
19/04/2024 22:00,10.3815457
19/04/2024 23:00,10.25869106
20/04/2024 0:00,10.29233394
20/04/2024 1:00,10.29566242
20/04/2024 2:00,10.28080703
20/04/2024 3:00,10.32736488
20/04/2024 4:00,10.44436714
20/04/2024 5:00,0
20/04/2024 6:00,0
20/04/2024 7:00,0
20/04/2024 8:00,0
20/04/2024 9:00,0
20/04/2024 10:00,0
20/04/2024 11:00,0
20/04/2024 12:00,0
20/04/2024 13:00,0
20/04/2024 14:00,0
20/04/2024 15:00,0
20/04/2024 16:00,0
20/04/2024 17:00,1.615864269
20/04/2024 18:00,11.07165163
20/04/2024 19:00,10.61073115
20/04/2024 20:00,10.43886819
20/04/2024 21:00,10.4161578
20/04/2024 22:00,10.4102302
20/04/2024 23:00,10.57550909
21/04/2024 0:00,10.5199545
21/04/2024 1:00,10.47503334
21/04/2024 2:00,10.48501328
21/04/2024 3:00,10.51339506
21/04/2024 4:00,5.38898353
21/04/2024 5:00,0
21/04/2024 6:00,0
21/04/2024 7:00,0
21/04/2024 8:00,0
21/04/2024 9:00,0
21/04/2024 10:00,0
21/04/2024 11:00,0
21/04/2024 12:00,0
21/04/2024 13:00,0
21/04/2024 14:00,0
21/04/2024 15:00,0
21/04/2024 16:00,0
21/04/2024 17:00,1.089362414
21/04/2024 18:00,10.92186271
21/04/2024 19:00,10.59088912
21/04/2024 20:00,10.41975607
21/04/2024 21:00,10.38571228
21/04/2024 22:00,10.38074873
21/04/2024 23:00,10.29924297
22/04/2024 0:00,10.26379213
22/04/2024 1:00,10.2455565
22/04/2024 2:00,10.14096371
22/04/2024 3:00,10.47473343
22/04/2024 4:00,1.795092348
22/04/2024 5:00,0
22/04/2024 6:00,0
22/04/2024 7:00,0
22/04/2024 8:00,0
22/04/2024 9:00,0
22/04/2024 10:00,0
22/04/2024 11:00,0
22/04/2024 12:00,0
22/04/2024 13:00,0
22/04/2024 14:00,0
22/04/2024 15:00,0
22/04/2024 16:00,0
22/04/2024 17:00,2.563811243
22/04/2024 18:00,10.86832927
22/04/2024 19:00,10.65628058
22/04/2024 20:00,10.45093417
22/04/2024 21:00,10.38400986
22/04/2024 22:00,10.40914017
22/04/2024 23:00,10.43453452
23/04/2024 0:00,10.37941398
23/04/2024 1:00,10.33575109
23/04/2024 2:00,10.18846524
23/04/2024 3:00,10.44308098
23/04/2024 4:00,7.284096836
23/04/2024 5:00,0
23/04/2024 6:00,0
23/04/2024 7:00,0
23/04/2024 8:00,0
23/04/2024 9:00,0
23/04/2024 10:00,0
23/04/2024 11:00,0
23/04/2024 12:00,0
23/04/2024 13:00,0
23/04/2024 14:00,0
23/04/2024 15:00,0
23/04/2024 16:00,0.161840542
23/04/2024 17:00,9.202049843
23/04/2024 18:00,10.60474846
23/04/2024 19:00,10.4231702
23/04/2024 20:00,10.28653911
23/04/2024 21:00,10.33699927
23/04/2024 22:00,10.37280828
23/04/2024 23:00,10.36998842
24/04/2024 0:00,10.27535621
24/04/2024 1:00,10.24606797
24/04/2024 2:00,10.15903176
24/04/2024 3:00,10.28637614
24/04/2024 4:00,7.825935008
24/04/2024 5:00,0
24/04/2024 6:00,0
24/04/2024 7:00,0
24/04/2024 8:00,0
24/04/2024 9:00,0
24/04/2024 10:00,0
24/04/2024 11:00,0
24/04/2024 12:00,0
24/04/2024 13:00,0
24/04/2024 14:00,0
24/04/2024 15:00,0
24/04/2024 16:00,0.404322166
24/04/2024 17:00,7.247643342
24/04/2024 18:00,10.3076794
24/04/2024 19:00,10.63648456
24/04/2024 20:00,10.31952276
24/04/2024 21:00,10.30819328
24/04/2024 22:00,10.40439376
24/04/2024 23:00,10.24094597
25/04/2024 0:00,10.17446226
25/04/2024 1:00,10.2135507
25/04/2024 2:00,10.1706152
25/04/2024 3:00,10.341086
25/04/2024 4:00,4.447508271
25/04/2024 5:00,0
25/04/2024 6:00,0
25/04/2024 7:00,0
25/04/2024 8:00,0
25/04/2024 9:00,0
25/04/2024 10:00,0
25/04/2024 11:00,0
25/04/2024 12:00,0
25/04/2024 13:00,0
25/04/2024 14:00,0
25/04/2024 15:00,0
25/04/2024 16:00,0
25/04/2024 17:00,0
25/04/2024 18:00,10.52708486
25/04/2024 19:00,10.65161748
25/04/2024 20:00,10.47903351
25/04/2024 21:00,10.56742409
25/04/2024 22:00,10.48574968
25/04/2024 23:00,10.32736363
26/04/2024 0:00,10.24037577
26/04/2024 1:00,10.24081995
26/04/2024 2:00,10.29641414
26/04/2024 3:00,10.36010293
26/04/2024 4:00,2.071555461
26/04/2024 5:00,0
26/04/2024 6:00,0
26/04/2024 7:00,0
26/04/2024 8:00,0
26/04/2024 9:00,0
26/04/2024 10:00,0
26/04/2024 11:00,0
26/04/2024 12:00,0
26/04/2024 13:00,0
26/04/2024 14:00,0
26/04/2024 15:00,0
26/04/2024 16:00,0
26/04/2024 17:00,0
26/04/2024 18:00,9.521709081
26/04/2024 19:00,10.64172126
26/04/2024 20:00,10.63727555
26/04/2024 21:00,10.43248057
26/04/2024 22:00,10.28447189
26/04/2024 23:00,10.30748649
27/04/2024 0:00,10.27018119
27/04/2024 1:00,10.29314006
27/04/2024 2:00,10.23182331
27/04/2024 3:00,10.34953667
27/04/2024 4:00,2.137535056
27/04/2024 5:00,0
27/04/2024 6:00,0
27/04/2024 7:00,0
27/04/2024 8:00,0
27/04/2024 9:00,0
27/04/2024 10:00,0
27/04/2024 11:00,0
27/04/2024 12:00,0
27/04/2024 13:00,0
27/04/2024 14:00,0
27/04/2024 15:00,0
27/04/2024 16:00,0
27/04/2024 17:00,0
27/04/2024 18:00,9.646220458
27/04/2024 19:00,10.7428822
27/04/2024 20:00,10.37388688
27/04/2024 21:00,10.35371566
27/04/2024 22:00,10.38135583
27/04/2024 23:00,10.36714722
28/04/2024 0:00,10.21918788
28/04/2024 1:00,10.38230421
28/04/2024 2:00,10.32665329
28/04/2024 3:00,10.41866443
28/04/2024 4:00,1.128802483
28/04/2024 5:00,0
28/04/2024 6:00,0
28/04/2024 7:00,0
28/04/2024 8:00,0
28/04/2024 9:00,0
28/04/2024 10:00,0
28/04/2024 11:00,0
28/04/2024 12:00,0
28/04/2024 13:00,0
28/04/2024 14:00,0
28/04/2024 15:00,0
28/04/2024 16:00,0
28/04/2024 17:00,0
28/04/2024 18:00,9.934653135
28/04/2024 19:00,10.70032261
28/04/2024 20:00,10.44556347
28/04/2024 21:00,10.44196855
28/04/2024 22:00,10.47343091
28/04/2024 23:00,10.32428209
29/04/2024 0:00,10.24402326
29/04/2024 1:00,10.19229825
29/04/2024 2:00,10.35192466
29/04/2024 3:00,10.42153786
29/04/2024 4:00,1.541715451
29/04/2024 5:00,0
29/04/2024 6:00,0
29/04/2024 7:00,0
29/04/2024 8:00,0
29/04/2024 9:00,0
29/04/2024 10:00,0
29/04/2024 11:00,0
29/04/2024 12:00,0
29/04/2024 13:00,0
29/04/2024 14:00,0
29/04/2024 15:00,0
29/04/2024 16:00,0
29/04/2024 17:00,0
29/04/2024 18:00,10.41774472
29/04/2024 19:00,10.62362052
29/04/2024 20:00,10.46021182
29/04/2024 21:00,10.47354858
29/04/2024 22:00,10.39000733
29/04/2024 23:00,10.32000539
30/04/2024 0:00,10.25278279
30/04/2024 1:00,10.22587374
30/04/2024 2:00,10.20401237
30/04/2024 3:00,10.42400132
30/04/2024 4:00,0.701060383
30/04/2024 5:00,0
30/04/2024 6:00,0
30/04/2024 7:00,0
30/04/2024 8:00,0
30/04/2024 9:00,0
30/04/2024 10:00,0
30/04/2024 11:00,0
30/04/2024 12:00,0
30/04/2024 13:00,0
30/04/2024 14:00,0
30/04/2024 15:00,0
30/04/2024 16:00,0
30/04/2024 17:00,0
30/04/2024 18:00,10.90488046
30/04/2024 19:00,10.63233264
30/04/2024 20:00,10.39629522
30/04/2024 21:00,10.41570209
30/04/2024 22:00,10.40503014
30/04/2024 23:00,10.55374826
01/05/2024 0:00,10.53510319
01/05/2024 1:00,10.37819607
01/05/2024 2:00,10.2579055
01/05/2024 3:00,10.33143657
01/05/2024 4:00,0
01/05/2024 5:00,0
01/05/2024 6:00,0
01/05/2024 7:00,0
01/05/2024 8:00,0
01/05/2024 9:00,0
01/05/2024 10:00,0
01/05/2024 11:00,0
01/05/2024 12:00,0
01/05/2024 13:00,0
01/05/2024 14:00,0
01/05/2024 15:00,0
01/05/2024 16:00,0
01/05/2024 17:00,0
01/05/2024 18:00,9.567328996
01/05/2024 19:00,10.59026929
01/05/2024 20:00,10.52514421
01/05/2024 21:00,10.55920042
01/05/2024 22:00,10.53427698
01/05/2024 23:00,10.24402957
02/05/2024 0:00,10.21659683
02/05/2024 1:00,10.17648785
02/05/2024 2:00,10.14444397
02/05/2024 3:00,10.53517767
02/05/2024 4:00,0.855787016
02/05/2024 5:00,0
02/05/2024 6:00,0
02/05/2024 7:00,0
02/05/2024 8:00,0
02/05/2024 9:00,0
02/05/2024 10:00,0
02/05/2024 11:00,0
02/05/2024 12:00,0
02/05/2024 13:00,0
02/05/2024 14:00,0
02/05/2024 15:00,0
02/05/2024 16:00,0
02/05/2024 17:00,0
02/05/2024 18:00,10.03742389
02/05/2024 19:00,10.59680586
02/05/2024 20:00,10.42789006
02/05/2024 21:00,10.4384186
02/05/2024 22:00,10.44108565
02/05/2024 23:00,10.3970295
03/05/2024 0:00,10.3067602
03/05/2024 1:00,10.38521053
03/05/2024 2:00,10.33569485
03/05/2024 3:00,10.30922071
03/05/2024 4:00,3.82597468
03/05/2024 5:00,0
03/05/2024 6:00,0
03/05/2024 7:00,0
03/05/2024 8:00,0
03/05/2024 9:00,0
03/05/2024 10:00,0
03/05/2024 11:00,0
03/05/2024 12:00,0
03/05/2024 13:00,0
03/05/2024 14:00,0
03/05/2024 15:00,0
03/05/2024 16:00,0
03/05/2024 17:00,2.662539927
03/05/2024 18:00,10.86054398
03/05/2024 19:00,10.50143823
03/05/2024 20:00,10.41841551
03/05/2024 21:00,10.29764898
03/05/2024 22:00,10.3923328
03/05/2024 23:00,10.35603033
04/05/2024 0:00,10.30344091
04/05/2024 1:00,10.21658948
04/05/2024 2:00,10.26078786
04/05/2024 3:00,10.2493167
04/05/2024 4:00,0.519405517
04/05/2024 5:00,0
04/05/2024 6:00,0
04/05/2024 7:00,0
04/05/2024 8:00,0
04/05/2024 9:00,0
04/05/2024 10:00,0
04/05/2024 11:00,0
04/05/2024 12:00,0
04/05/2024 13:00,0
04/05/2024 14:00,0
04/05/2024 15:00,0
04/05/2024 16:00,0
04/05/2024 17:00,0
04/05/2024 18:00,8.39746155
04/05/2024 19:00,10.70846716
04/05/2024 20:00,10.53379427
04/05/2024 21:00,10.36736826
04/05/2024 22:00,10.37475575
04/05/2024 23:00,10.29236352
05/05/2024 0:00,10.17512272
05/05/2024 1:00,10.16238242
05/05/2024 2:00,10.11902596
05/05/2024 3:00,10.29133684
05/05/2024 4:00,0
05/05/2024 5:00,0
05/05/2024 6:00,0
05/05/2024 7:00,0
05/05/2024 8:00,0
05/05/2024 9:00,0
05/05/2024 10:00,0
05/05/2024 11:00,0
05/05/2024 12:00,0
05/05/2024 13:00,0
05/05/2024 14:00,0
05/05/2024 15:00,0
05/05/2024 16:00,0
05/05/2024 17:00,0
05/05/2024 18:00,8.130269925
05/05/2024 19:00,10.62536577
05/05/2024 20:00,10.40831077
05/05/2024 21:00,10.41131888
05/05/2024 22:00,10.42976683
05/05/2024 23:00,10.38034976
06/05/2024 0:00,10.25969635
06/05/2024 1:00,10.20090958
06/05/2024 2:00,10.20285847
06/05/2024 3:00,10.54730953
06/05/2024 4:00,0.171731331
06/05/2024 5:00,0
06/05/2024 6:00,0
06/05/2024 7:00,0
06/05/2024 8:00,0
06/05/2024 9:00,0
06/05/2024 10:00,0
06/05/2024 11:00,0
06/05/2024 12:00,0
06/05/2024 13:00,0
06/05/2024 14:00,0
06/05/2024 15:00,0
06/05/2024 16:00,2.768340291
06/05/2024 17:00,11.40914755
06/05/2024 18:00,10.88858636
06/05/2024 19:00,10.54022314
06/05/2024 20:00,10.8075982
06/05/2024 21:00,10.52723264
06/05/2024 22:00,10.53739401
06/05/2024 23:00,10.38764717
07/05/2024 0:00,10.378543
07/05/2024 1:00,10.34124913
07/05/2024 2:00,10.34249539
07/05/2024 3:00,10.63336774
07/05/2024 4:00,3.009746639
07/05/2024 5:00,0
07/05/2024 6:00,0
07/05/2024 7:00,0
07/05/2024 8:00,0
07/05/2024 9:00,0
07/05/2024 10:00,0
07/05/2024 11:00,0
07/05/2024 12:00,0
07/05/2024 13:00,0
07/05/2024 14:00,0
07/05/2024 15:00,0
07/05/2024 16:00,0
07/05/2024 17:00,0.25678729
07/05/2024 18:00,11.10342837
07/05/2024 19:00,10.73112913
07/05/2024 20:00,10.53065921
07/05/2024 21:00,10.44295391
07/05/2024 22:00,10.44703211
07/05/2024 23:00,10.36270452
08/05/2024 0:00,10.320539
08/05/2024 1:00,10.25479771
08/05/2024 2:00,10.21131241
08/05/2024 3:00,10.3644429
08/05/2024 4:00,8.221359759
08/05/2024 5:00,0
08/05/2024 6:00,0
08/05/2024 7:00,0
08/05/2024 8:00,0
08/05/2024 9:00,0
08/05/2024 10:00,0
08/05/2024 11:00,0
08/05/2024 12:00,0
08/05/2024 13:00,0
08/05/2024 14:00,0
08/05/2024 15:00,0
08/05/2024 16:00,0
08/05/2024 17:00,6.405292221
08/05/2024 18:00,10.87608436
08/05/2024 19:00,10.51432181
08/05/2024 20:00,10.45968464
08/05/2024 21:00,10.47160459
08/05/2024 22:00,10.33887977
08/05/2024 23:00,10.23045177
09/05/2024 0:00,10.20600558
09/05/2024 1:00,10.16915163
09/05/2024 2:00,10.27481834
09/05/2024 3:00,10.52583521
09/05/2024 4:00,0.515481036
09/05/2024 5:00,0
09/05/2024 6:00,0
09/05/2024 7:00,0
09/05/2024 8:00,0
09/05/2024 9:00,0
09/05/2024 10:00,0
09/05/2024 11:00,0
09/05/2024 12:00,0
09/05/2024 13:00,0
09/05/2024 14:00,0
09/05/2024 15:00,0
09/05/2024 16:00,0
09/05/2024 17:00,0
09/05/2024 18:00,7.473718151
09/05/2024 19:00,10.80782407
09/05/2024 20:00,10.72418008
09/05/2024 21:00,10.49249102
09/05/2024 22:00,10.5190409
09/05/2024 23:00,10.47423926
10/05/2024 0:00,10.42805376
10/05/2024 1:00,10.37516591
10/05/2024 2:00,10.3148369
10/05/2024 3:00,8.356850458
10/05/2024 4:00,0
10/05/2024 5:00,0
10/05/2024 6:00,0
10/05/2024 7:00,0
10/05/2024 8:00,0
10/05/2024 9:00,0
10/05/2024 10:00,0
10/05/2024 11:00,0
10/05/2024 12:00,0
10/05/2024 13:00,0
10/05/2024 14:00,0
10/05/2024 15:00,0
10/05/2024 16:00,0
10/05/2024 17:00,0
10/05/2024 18:00,6.810642927
10/05/2024 19:00,10.75195801
10/05/2024 20:00,10.57077784
10/05/2024 21:00,10.4653415
10/05/2024 22:00,10.68746129
10/05/2024 23:00,10.57504604
11/05/2024 0:00,10.4852315
11/05/2024 1:00,10.33131996
11/05/2024 2:00,10.42107765
11/05/2024 3:00,8.714074461
11/05/2024 4:00,0
11/05/2024 5:00,0
11/05/2024 6:00,0
11/05/2024 7:00,0
11/05/2024 8:00,0
11/05/2024 9:00,0
11/05/2024 10:00,0
11/05/2024 11:00,0
11/05/2024 12:00,0
11/05/2024 13:00,0
11/05/2024 14:00,0
11/05/2024 15:00,0
11/05/2024 16:00,0
11/05/2024 17:00,0
11/05/2024 18:00,7.30717483
11/05/2024 19:00,10.79862521
11/05/2024 20:00,10.49066882
11/05/2024 21:00,10.34653976
11/05/2024 22:00,10.43420717
11/05/2024 23:00,10.30670777
12/05/2024 0:00,10.35082286
12/05/2024 1:00,10.17875125
12/05/2024 2:00,10.14904396
12/05/2024 3:00,8.466893039
12/05/2024 4:00,0
12/05/2024 5:00,0
12/05/2024 6:00,0
12/05/2024 7:00,0
12/05/2024 8:00,0
12/05/2024 9:00,0
12/05/2024 10:00,0
12/05/2024 11:00,0
12/05/2024 12:00,0
12/05/2024 13:00,0
12/05/2024 14:00,0
12/05/2024 15:00,0
12/05/2024 16:00,0
12/05/2024 17:00,0
12/05/2024 18:00,6.549808285
12/05/2024 19:00,10.63104055
12/05/2024 20:00,10.78305092
12/05/2024 21:00,10.54063099
12/05/2024 22:00,10.46812212
12/05/2024 23:00,10.35800849
13/05/2024 0:00,10.35483832
13/05/2024 1:00,10.30913084
13/05/2024 2:00,10.18013976
13/05/2024 3:00,8.199551329
13/05/2024 4:00,0
13/05/2024 5:00,0
13/05/2024 6:00,0
13/05/2024 7:00,0
13/05/2024 8:00,0
13/05/2024 9:00,0
13/05/2024 10:00,0
13/05/2024 11:00,0
13/05/2024 12:00,0
13/05/2024 13:00,0
13/05/2024 14:00,0
13/05/2024 15:00,0
13/05/2024 16:00,0
13/05/2024 17:00,0
13/05/2024 18:00,6.363539693
13/05/2024 19:00,10.66482078
13/05/2024 20:00,10.51541587
13/05/2024 21:00,10.48665894
13/05/2024 22:00,10.51777461
13/05/2024 23:00,10.34491583
14/05/2024 0:00,10.36498502
14/05/2024 1:00,10.27826521
14/05/2024 2:00,10.27973738
14/05/2024 3:00,8.297783195
14/05/2024 4:00,0
14/05/2024 5:00,0
14/05/2024 6:00,0
14/05/2024 7:00,0
14/05/2024 8:00,0
14/05/2024 9:00,0
14/05/2024 10:00,0
14/05/2024 11:00,0
14/05/2024 12:00,0
14/05/2024 13:00,0
14/05/2024 14:00,0
14/05/2024 15:00,0
14/05/2024 16:00,0
14/05/2024 17:00,0
14/05/2024 18:00,5.955486002
14/05/2024 19:00,10.68848097
14/05/2024 20:00,10.56048564
14/05/2024 21:00,10.43782565
14/05/2024 22:00,10.51390542
14/05/2024 23:00,10.32519683
15/05/2024 0:00,10.25948929
15/05/2024 1:00,10.31213025
15/05/2024 2:00,10.27092269
15/05/2024 3:00,7.815902593
15/05/2024 4:00,0
15/05/2024 5:00,0
15/05/2024 6:00,0
15/05/2024 7:00,0
15/05/2024 8:00,0
15/05/2024 9:00,0
15/05/2024 10:00,0
15/05/2024 11:00,0
15/05/2024 12:00,0
15/05/2024 13:00,0
15/05/2024 14:00,0
15/05/2024 15:00,0
15/05/2024 16:00,0
15/05/2024 17:00,0
15/05/2024 18:00,6.488207104
15/05/2024 19:00,10.85821187
15/05/2024 20:00,10.68123223
15/05/2024 21:00,10.53474482
15/05/2024 22:00,10.50171448
15/05/2024 23:00,10.43671844
16/05/2024 0:00,10.33990544
16/05/2024 1:00,10.26721216
16/05/2024 2:00,10.16984342
16/05/2024 3:00,6.467743421
16/05/2024 4:00,0
16/05/2024 5:00,0
16/05/2024 6:00,0
16/05/2024 7:00,0
16/05/2024 8:00,0
16/05/2024 9:00,0
16/05/2024 10:00,0
16/05/2024 11:00,0
16/05/2024 12:00,0
16/05/2024 13:00,0
16/05/2024 14:00,0
16/05/2024 15:00,0
16/05/2024 16:00,0
16/05/2024 17:00,0
16/05/2024 18:00,5.670176213
16/05/2024 19:00,10.76131789
16/05/2024 20:00,10.54167624
16/05/2024 21:00,10.44172117
16/05/2024 22:00,10.38925799
16/05/2024 23:00,10.34693702
17/05/2024 0:00,10.28048449
17/05/2024 1:00,10.25460114
17/05/2024 2:00,10.11753124
17/05/2024 3:00,10.22854819
17/05/2024 4:00,8.625746736
17/05/2024 5:00,4.526685708
17/05/2024 6:00,0
17/05/2024 7:00,0
17/05/2024 8:00,0
17/05/2024 9:00,0
17/05/2024 10:00,0
17/05/2024 11:00,0
17/05/2024 12:00,0
17/05/2024 13:00,0
17/05/2024 14:00,0
17/05/2024 15:00,0
17/05/2024 16:00,0
17/05/2024 17:00,0
17/05/2024 18:00,7.488699214
17/05/2024 19:00,10.62448102
17/05/2024 20:00,10.52962378
17/05/2024 21:00,10.41828853
17/05/2024 22:00,10.37310043
17/05/2024 23:00,10.31886858
18/05/2024 0:00,10.23937344
18/05/2024 1:00,10.24215497
18/05/2024 2:00,10.22949268
18/05/2024 3:00,7.382769864
18/05/2024 4:00,0
18/05/2024 5:00,0
18/05/2024 6:00,0
18/05/2024 7:00,0
18/05/2024 8:00,0
18/05/2024 9:00,0
18/05/2024 10:00,0
18/05/2024 11:00,0
18/05/2024 12:00,0
18/05/2024 13:00,0
18/05/2024 14:00,0
18/05/2024 15:00,0
18/05/2024 16:00,0
18/05/2024 17:00,0
18/05/2024 18:00,7.218759657
18/05/2024 19:00,10.61860193
18/05/2024 20:00,10.59735841
18/05/2024 21:00,10.43068121
18/05/2024 22:00,10.49811239
18/05/2024 23:00,11.18529937
19/05/2024 0:00,10.82617751
19/05/2024 1:00,10.64525218
19/05/2024 2:00,10.60777949
19/05/2024 3:00,8.780149169
19/05/2024 4:00,0
19/05/2024 5:00,0
19/05/2024 6:00,0
19/05/2024 7:00,0
19/05/2024 8:00,0
19/05/2024 9:00,0
19/05/2024 10:00,0
19/05/2024 11:00,0
19/05/2024 12:00,0
19/05/2024 13:00,0
19/05/2024 14:00,0
19/05/2024 15:00,0
19/05/2024 16:00,0
19/05/2024 17:00,0
19/05/2024 18:00,4.413562067
19/05/2024 19:00,10.77655474
19/05/2024 20:00,10.56439402
19/05/2024 21:00,10.53338874
19/05/2024 22:00,10.57311415
19/05/2024 23:00,10.49308943
20/05/2024 0:00,10.35088212
20/05/2024 1:00,10.25115014
20/05/2024 2:00,10.15741135
20/05/2024 3:00,9.273458004
20/05/2024 4:00,0
20/05/2024 5:00,0
20/05/2024 6:00,0
20/05/2024 7:00,0
20/05/2024 8:00,0
20/05/2024 9:00,0
20/05/2024 10:00,0
20/05/2024 11:00,0
20/05/2024 12:00,0
20/05/2024 13:00,0
20/05/2024 14:00,0
20/05/2024 15:00,0
20/05/2024 16:00,0
20/05/2024 17:00,0
20/05/2024 18:00,4.814227615
20/05/2024 19:00,10.75565107
20/05/2024 20:00,10.50072273
20/05/2024 21:00,10.46941159
20/05/2024 22:00,10.47346303
20/05/2024 23:00,10.37944809
21/05/2024 0:00,10.34837145
21/05/2024 1:00,10.27812315
21/05/2024 2:00,10.1812945
21/05/2024 3:00,7.085109494
21/05/2024 4:00,0
21/05/2024 5:00,0
21/05/2024 6:00,0
21/05/2024 7:00,0
21/05/2024 8:00,0
21/05/2024 9:00,0
21/05/2024 10:00,0
21/05/2024 11:00,0
21/05/2024 12:00,0
21/05/2024 13:00,0
21/05/2024 14:00,3.657596265
21/05/2024 15:00,5.03328264
21/05/2024 16:00,4.37484585
21/05/2024 17:00,10.88704753
21/05/2024 18:00,10.75165841
21/05/2024 19:00,10.61982113
21/05/2024 20:00,10.55469654
21/05/2024 21:00,10.38455095
21/05/2024 22:00,10.34892579
21/05/2024 23:00,10.27641434
22/05/2024 0:00,10.27605428
22/05/2024 1:00,10.23403213
22/05/2024 2:00,10.14970348
22/05/2024 3:00,8.07053805
22/05/2024 4:00,0
22/05/2024 5:00,0
22/05/2024 6:00,0
22/05/2024 7:00,0
22/05/2024 8:00,0
22/05/2024 9:00,0
22/05/2024 10:00,0
22/05/2024 11:00,0
22/05/2024 12:00,0
22/05/2024 13:00,0
22/05/2024 14:00,0
22/05/2024 15:00,0
22/05/2024 16:00,0
22/05/2024 17:00,0
22/05/2024 18:00,5.09570279
22/05/2024 19:00,10.85710744
22/05/2024 20:00,10.56938944
22/05/2024 21:00,10.61983453
22/05/2024 22:00,10.59886893
22/05/2024 23:00,10.46250924
23/05/2024 0:00,10.47527814
23/05/2024 1:00,10.44231187
23/05/2024 2:00,10.35642429
23/05/2024 3:00,8.489820272
23/05/2024 4:00,0
23/05/2024 5:00,0
23/05/2024 6:00,0
23/05/2024 7:00,0
23/05/2024 8:00,0
23/05/2024 9:00,0
23/05/2024 10:00,0
23/05/2024 11:00,0
23/05/2024 12:00,0
23/05/2024 13:00,0
23/05/2024 14:00,0
23/05/2024 15:00,0
23/05/2024 16:00,0
23/05/2024 17:00,0
23/05/2024 18:00,8.907018721
23/05/2024 19:00,10.6664044
23/05/2024 20:00,10.66106789
23/05/2024 21:00,10.53495033
23/05/2024 22:00,10.58507042
23/05/2024 23:00,10.45680573
24/05/2024 0:00,10.55208744
24/05/2024 1:00,10.42338046
24/05/2024 2:00,10.26590814
24/05/2024 3:00,10.49778679
24/05/2024 4:00,0.383002384
24/05/2024 5:00,0
24/05/2024 6:00,0
24/05/2024 7:00,0
24/05/2024 8:00,0
24/05/2024 9:00,0
24/05/2024 10:00,0
24/05/2024 11:00,0
24/05/2024 12:00,0
24/05/2024 13:00,0
24/05/2024 14:00,0
24/05/2024 15:00,0
24/05/2024 16:00,0
24/05/2024 17:00,0
24/05/2024 18:00,4.22141435
24/05/2024 19:00,10.8557513
24/05/2024 20:00,10.63647617
24/05/2024 21:00,10.54480829
24/05/2024 22:00,10.59283704
24/05/2024 23:00,10.69833143
25/05/2024 0:00,10.64831282
25/05/2024 1:00,10.56910529
25/05/2024 2:00,10.50520026
25/05/2024 3:00,4.938183071
25/05/2024 4:00,0
25/05/2024 5:00,0
25/05/2024 6:00,0
25/05/2024 7:00,0
25/05/2024 8:00,0
25/05/2024 9:00,0
25/05/2024 10:00,0
25/05/2024 11:00,0
25/05/2024 12:00,0
25/05/2024 13:00,0
25/05/2024 14:00,0
25/05/2024 15:00,0
25/05/2024 16:00,0
25/05/2024 17:00,0
25/05/2024 18:00,2.825665654
25/05/2024 19:00,10.95364861
25/05/2024 20:00,10.71961068
25/05/2024 21:00,10.4405925
25/05/2024 22:00,10.48801882
25/05/2024 23:00,10.46068741
26/05/2024 0:00,10.33875282
26/05/2024 1:00,10.53170829
26/05/2024 2:00,10.46938192
26/05/2024 3:00,6.530416728
26/05/2024 4:00,0
26/05/2024 5:00,0
26/05/2024 6:00,0
26/05/2024 7:00,0
26/05/2024 8:00,0
26/05/2024 9:00,0
26/05/2024 10:00,0
26/05/2024 11:00,0
26/05/2024 12:00,0
26/05/2024 13:00,0
26/05/2024 14:00,0
26/05/2024 15:00,0
26/05/2024 16:00,0
26/05/2024 17:00,0
26/05/2024 18:00,3.431591446
26/05/2024 19:00,10.93048583
26/05/2024 20:00,10.65207339
26/05/2024 21:00,10.45522945
26/05/2024 22:00,10.44167963
26/05/2024 23:00,10.53794161
27/05/2024 0:00,10.45337761
27/05/2024 1:00,10.28777602
27/05/2024 2:00,10.22537149
27/05/2024 3:00,4.975959133
27/05/2024 4:00,0
27/05/2024 5:00,0
27/05/2024 6:00,0
27/05/2024 7:00,0
27/05/2024 8:00,0
27/05/2024 9:00,0
27/05/2024 10:00,0
27/05/2024 11:00,0
27/05/2024 12:00,0
27/05/2024 13:00,0
27/05/2024 14:00,0
27/05/2024 15:00,0
27/05/2024 16:00,0
27/05/2024 17:00,0
27/05/2024 18:00,4.152045947
27/05/2024 19:00,10.77101444
27/05/2024 20:00,10.62036156
27/05/2024 21:00,10.51931849
27/05/2024 22:00,10.46343061
27/05/2024 23:00,10.36060941
28/05/2024 0:00,10.35073183
28/05/2024 1:00,10.25748732
28/05/2024 2:00,10.13041724
28/05/2024 3:00,9.864201385
28/05/2024 4:00,0
28/05/2024 5:00,0
28/05/2024 6:00,0
28/05/2024 7:00,0
28/05/2024 8:00,0
28/05/2024 9:00,0
28/05/2024 10:00,0
28/05/2024 11:00,0
28/05/2024 12:00,0
28/05/2024 13:00,0
28/05/2024 14:00,0
28/05/2024 15:00,0
28/05/2024 16:00,0
28/05/2024 17:00,0
28/05/2024 18:00,2.163059653
28/05/2024 19:00,10.90236184
28/05/2024 20:00,10.74762048
28/05/2024 21:00,10.49364238
28/05/2024 22:00,10.39702715
28/05/2024 23:00,10.5127336
29/05/2024 0:00,10.4742493
29/05/2024 1:00,10.40980452
29/05/2024 2:00,10.32490465
29/05/2024 3:00,4.633447533
29/05/2024 4:00,0
29/05/2024 5:00,0
29/05/2024 6:00,0
29/05/2024 7:00,0
29/05/2024 8:00,0
29/05/2024 9:00,0
29/05/2024 10:00,0
29/05/2024 11:00,0
29/05/2024 12:00,0
29/05/2024 13:00,0
29/05/2024 14:00,0
29/05/2024 15:00,0
29/05/2024 16:00,0
29/05/2024 17:00,1.094210807
29/05/2024 18:00,7.26817242
29/05/2024 19:00,10.85043834
29/05/2024 20:00,10.52551161
29/05/2024 21:00,10.35282099
29/05/2024 22:00,10.54236177
29/05/2024 23:00,10.33300788
30/05/2024 0:00,10.3794463
30/05/2024 1:00,10.22102585
30/05/2024 2:00,10.21704941
30/05/2024 3:00,6.276790792
30/05/2024 4:00,0
30/05/2024 5:00,0
30/05/2024 6:00,0
30/05/2024 7:00,0
30/05/2024 8:00,0
30/05/2024 9:00,0
30/05/2024 10:00,0
30/05/2024 11:00,0
30/05/2024 12:00,0
30/05/2024 13:00,0
30/05/2024 14:00,0
30/05/2024 15:00,0
30/05/2024 16:00,0
30/05/2024 17:00,0
30/05/2024 18:00,3.700273323
30/05/2024 19:00,10.7845796
30/05/2024 20:00,10.54885094
30/05/2024 21:00,10.47481494
30/05/2024 22:00,10.41802412
30/05/2024 23:00,10.30073526
31/05/2024 0:00,10.25852776
31/05/2024 1:00,10.30446026
31/05/2024 2:00,10.24857178
31/05/2024 3:00,10.58291726
31/05/2024 4:00,2.953359638
31/05/2024 5:00,2.157970593
31/05/2024 6:00,0
31/05/2024 7:00,0
31/05/2024 8:00,0
31/05/2024 9:00,0
31/05/2024 10:00,0
31/05/2024 11:00,0
31/05/2024 12:00,0
31/05/2024 13:00,0
31/05/2024 14:00,0
31/05/2024 15:00,0
31/05/2024 16:00,0
31/05/2024 17:00,0
31/05/2024 18:00,10.58333385
31/05/2024 19:00,10.72849181
31/05/2024 20:00,10.33358679
31/05/2024 21:00,10.32920625
31/05/2024 22:00,10.367369
31/05/2024 23:00,10.30327836
01/06/2024 0:00,10.19034483
01/06/2024 1:00,10.52744981
01/06/2024 2:00,10.38729578
01/06/2024 3:00,10.4837924
01/06/2024 4:00,7.889457999
01/06/2024 5:00,0
01/06/2024 6:00,0
01/06/2024 7:00,0
01/06/2024 8:00,0
01/06/2024 9:00,0
01/06/2024 10:00,0
01/06/2024 11:00,0
01/06/2024 12:00,0
01/06/2024 13:00,0
01/06/2024 14:00,0
01/06/2024 15:00,0
01/06/2024 16:00,0
01/06/2024 17:00,1.829189881
01/06/2024 18:00,11.02373075
01/06/2024 19:00,10.54245619
01/06/2024 20:00,10.38355236
01/06/2024 21:00,10.4380449
01/06/2024 22:00,10.46005078
01/06/2024 23:00,10.40989543
02/06/2024 0:00,10.18857346
02/06/2024 1:00,10.20328225
02/06/2024 2:00,10.22187956
02/06/2024 3:00,10.45917028
02/06/2024 4:00,5.645880361
02/06/2024 5:00,0
02/06/2024 6:00,0
02/06/2024 7:00,0
02/06/2024 8:00,0
02/06/2024 9:00,0
02/06/2024 10:00,0
02/06/2024 11:00,0
02/06/2024 12:00,0
02/06/2024 13:00,0
02/06/2024 14:00,0
02/06/2024 15:00,0
02/06/2024 16:00,0
02/06/2024 17:00,0
02/06/2024 18:00,8.416893069
02/06/2024 19:00,10.64903879
02/06/2024 20:00,10.46984846
02/06/2024 21:00,10.40244871
02/06/2024 22:00,10.38171586
02/06/2024 23:00,10.36601151
03/06/2024 0:00,10.29702357
03/06/2024 1:00,10.21734515
03/06/2024 2:00,10.08233731
03/06/2024 3:00,10.53588879
03/06/2024 4:00,2.448460239
03/06/2024 5:00,0
03/06/2024 6:00,0
03/06/2024 7:00,0
03/06/2024 8:00,0
03/06/2024 9:00,0
03/06/2024 10:00,0
03/06/2024 11:00,0
03/06/2024 12:00,4.604090878
03/06/2024 13:00,0
03/06/2024 14:00,0
03/06/2024 15:00,0
03/06/2024 16:00,0
03/06/2024 17:00,0
03/06/2024 18:00,1.411656619
03/06/2024 19:00,10.82550819
03/06/2024 20:00,10.45226908
03/06/2024 21:00,10.44059197
03/06/2024 22:00,10.40658923
03/06/2024 23:00,10.26211239
04/06/2024 0:00,10.28089612
04/06/2024 1:00,10.21764102
04/06/2024 2:00,10.11086514
04/06/2024 3:00,10.07431789
04/06/2024 4:00,0
04/06/2024 5:00,0
04/06/2024 6:00,0
04/06/2024 7:00,0
04/06/2024 8:00,0
04/06/2024 9:00,0
04/06/2024 10:00,0
04/06/2024 11:00,0
04/06/2024 12:00,0
04/06/2024 13:00,0
04/06/2024 14:00,0
04/06/2024 15:00,0
04/06/2024 16:00,0
04/06/2024 17:00,0
04/06/2024 18:00,1.778330679
04/06/2024 19:00,10.89790313
04/06/2024 20:00,10.59552672
04/06/2024 21:00,10.48027004
04/06/2024 22:00,10.47991827
04/06/2024 23:00,10.44593154
05/06/2024 0:00,10.58308877
05/06/2024 1:00,10.40525543
05/06/2024 2:00,10.29907992
05/06/2024 3:00,4.774014383
05/06/2024 4:00,0
05/06/2024 5:00,0
05/06/2024 6:00,0
05/06/2024 7:00,0
05/06/2024 8:00,0
05/06/2024 9:00,0
05/06/2024 10:00,0
05/06/2024 11:00,0
05/06/2024 12:00,0
05/06/2024 13:00,0
05/06/2024 14:00,0
05/06/2024 15:00,0
05/06/2024 16:00,0
05/06/2024 17:00,0
05/06/2024 18:00,5.614030757
05/06/2024 19:00,10.79887618
05/06/2024 20:00,10.66596755
05/06/2024 21:00,10.67236113
05/06/2024 22:00,10.42452581
05/06/2024 23:00,10.28646188
06/06/2024 0:00,10.24691136
06/06/2024 1:00,10.26402164
06/06/2024 2:00,10.33036515
06/06/2024 3:00,5.175258379
06/06/2024 4:00,0
06/06/2024 5:00,0
06/06/2024 6:00,0
06/06/2024 7:00,0
06/06/2024 8:00,0
06/06/2024 9:00,0
06/06/2024 10:00,0
06/06/2024 11:00,0
06/06/2024 12:00,0.595769272
06/06/2024 13:00,0.376997333
06/06/2024 14:00,0
06/06/2024 15:00,0
06/06/2024 16:00,0
06/06/2024 17:00,0
06/06/2024 18:00,2.861864324
06/06/2024 19:00,10.91860445
06/06/2024 20:00,10.70220045
06/06/2024 21:00,10.53967159
06/06/2024 22:00,10.62154615
06/06/2024 23:00,10.49038239
07/06/2024 0:00,10.30574466
07/06/2024 1:00,10.21837643
07/06/2024 2:00,10.35860397
07/06/2024 3:00,6.115465086
07/06/2024 4:00,0
07/06/2024 5:00,0
07/06/2024 6:00,0
07/06/2024 7:00,0
07/06/2024 8:00,0
07/06/2024 9:00,0
07/06/2024 10:00,0
07/06/2024 11:00,0
07/06/2024 12:00,0
07/06/2024 13:00,0
07/06/2024 14:00,0
07/06/2024 15:00,0
07/06/2024 16:00,0
07/06/2024 17:00,0
07/06/2024 18:00,3.669132835
07/06/2024 19:00,10.80374272
07/06/2024 20:00,10.51984412
07/06/2024 21:00,10.62841111
07/06/2024 22:00,10.49324653
07/06/2024 23:00,10.40546661
08/06/2024 0:00,10.32605885
08/06/2024 1:00,10.26522396
08/06/2024 2:00,10.33512164
08/06/2024 3:00,3.802085453
08/06/2024 4:00,0
08/06/2024 5:00,0
08/06/2024 6:00,0
08/06/2024 7:00,0
08/06/2024 8:00,0
08/06/2024 9:00,0
08/06/2024 10:00,0
08/06/2024 11:00,0
08/06/2024 12:00,0
08/06/2024 13:00,0
08/06/2024 14:00,0
08/06/2024 15:00,0
08/06/2024 16:00,0
08/06/2024 17:00,0
08/06/2024 18:00,6.474676144
08/06/2024 19:00,10.74985198
08/06/2024 20:00,10.63070762
08/06/2024 21:00,10.50402884
08/06/2024 22:00,10.39183512
08/06/2024 23:00,10.48912154
09/06/2024 0:00,10.44328484
09/06/2024 1:00,10.28389374
09/06/2024 2:00,10.43927296
09/06/2024 3:00,10.21430038
09/06/2024 4:00,0
09/06/2024 5:00,0
09/06/2024 6:00,0
09/06/2024 7:00,0
09/06/2024 8:00,0
09/06/2024 9:00,0
09/06/2024 10:00,0
09/06/2024 11:00,0
09/06/2024 12:00,0
09/06/2024 13:00,0
09/06/2024 14:00,0
09/06/2024 15:00,0
09/06/2024 16:00,0
09/06/2024 17:00,9.919767509
09/06/2024 18:00,10.637015
09/06/2024 19:00,10.59172128
09/06/2024 20:00,10.32575302
09/06/2024 21:00,10.29713551
09/06/2024 22:00,10.35429984
09/06/2024 23:00,10.29907499
10/06/2024 0:00,10.21249143
10/06/2024 1:00,10.20700382
10/06/2024 2:00,10.3405569
10/06/2024 3:00,10.30349835
10/06/2024 4:00,0
10/06/2024 5:00,0
10/06/2024 6:00,0
10/06/2024 7:00,0
10/06/2024 8:00,0
10/06/2024 9:00,0
10/06/2024 10:00,0
10/06/2024 11:00,0
10/06/2024 12:00,0
10/06/2024 13:00,0
10/06/2024 14:00,0
10/06/2024 15:00,0
10/06/2024 16:00,0
10/06/2024 17:00,0
10/06/2024 18:00,2.046822564
10/06/2024 19:00,10.93778379
10/06/2024 20:00,10.57132277
10/06/2024 21:00,10.29637953
10/06/2024 22:00,10.60285586
10/06/2024 23:00,10.40507199
11/06/2024 0:00,10.32374424
11/06/2024 1:00,10.23128375
11/06/2024 2:00,10.13947884
11/06/2024 3:00,9.011670445
11/06/2024 4:00,0
11/06/2024 5:00,0
11/06/2024 6:00,0
11/06/2024 7:00,0
11/06/2024 8:00,0
11/06/2024 9:00,0
11/06/2024 10:00,0
11/06/2024 11:00,0
11/06/2024 12:00,0
11/06/2024 13:00,0
11/06/2024 14:00,0
11/06/2024 15:00,0
11/06/2024 16:00,0
11/06/2024 17:00,0
11/06/2024 18:00,8.899695406
11/06/2024 19:00,10.74209966
11/06/2024 20:00,10.55643731
11/06/2024 21:00,10.41657066
11/06/2024 22:00,10.4136725
11/06/2024 23:00,10.36711462
12/06/2024 0:00,10.32318431
12/06/2024 1:00,10.28300476
12/06/2024 2:00,10.14718137
12/06/2024 3:00,10.42611714
12/06/2024 4:00,2.067926728
12/06/2024 5:00,0
12/06/2024 6:00,0
12/06/2024 7:00,0
12/06/2024 8:00,0
12/06/2024 9:00,0
12/06/2024 10:00,0
12/06/2024 11:00,0
12/06/2024 12:00,0
12/06/2024 13:00,0
12/06/2024 14:00,0
12/06/2024 15:00,0
12/06/2024 16:00,0
12/06/2024 17:00,0
12/06/2024 18:00,2.478884304
12/06/2024 19:00,10.8224689
12/06/2024 20:00,10.56653785
12/06/2024 21:00,10.47538141
12/06/2024 22:00,10.4774885
12/06/2024 23:00,10.43761735
13/06/2024 0:00,10.37527029
13/06/2024 1:00,10.41299698
13/06/2024 2:00,10.32229632
13/06/2024 3:00,8.864199561
13/06/2024 4:00,0
13/06/2024 5:00,0
13/06/2024 6:00,0
13/06/2024 7:00,0
13/06/2024 8:00,0
13/06/2024 9:00,0
13/06/2024 10:00,0
13/06/2024 11:00,0
13/06/2024 12:00,0
13/06/2024 13:00,0
13/06/2024 14:00,0
13/06/2024 15:00,0
13/06/2024 16:00,0
13/06/2024 17:00,0
13/06/2024 18:00,1.360773189
13/06/2024 19:00,10.88361028
13/06/2024 20:00,10.59606376
13/06/2024 21:00,10.50190902
13/06/2024 22:00,10.50006792
13/06/2024 23:00,10.40506975
14/06/2024 0:00,10.3822539
14/06/2024 1:00,10.29128367
14/06/2024 2:00,10.27786935
14/06/2024 3:00,5.345135863
14/06/2024 4:00,0
14/06/2024 5:00,0
14/06/2024 6:00,0
14/06/2024 7:00,0
14/06/2024 8:00,0
14/06/2024 9:00,0
14/06/2024 10:00,0
14/06/2024 11:00,0
14/06/2024 12:00,0
14/06/2024 13:00,0
14/06/2024 14:00,0
14/06/2024 15:00,0
14/06/2024 16:00,0
14/06/2024 17:00,0
14/06/2024 18:00,3.553585615
14/06/2024 19:00,10.92716346
14/06/2024 20:00,10.5375568
14/06/2024 21:00,10.54267332
14/06/2024 22:00,10.46582936
14/06/2024 23:00,10.27989252
15/06/2024 0:00,10.17319265
15/06/2024 1:00,10.16280882
15/06/2024 2:00,10.15063321
15/06/2024 3:00,4.419629275
15/06/2024 4:00,0
15/06/2024 5:00,0
15/06/2024 6:00,0
15/06/2024 7:00,0
15/06/2024 8:00,0
15/06/2024 9:00,0
15/06/2024 10:00,0
15/06/2024 11:00,0
15/06/2024 12:00,0
15/06/2024 13:00,0
15/06/2024 14:00,0
15/06/2024 15:00,0
15/06/2024 16:00,0
15/06/2024 17:00,0
15/06/2024 18:00,3.699228805
15/06/2024 19:00,10.92863735
15/06/2024 20:00,10.68787675
15/06/2024 21:00,10.45412448
15/06/2024 22:00,10.47810454
15/06/2024 23:00,10.35779828
16/06/2024 0:00,10.31523274
16/06/2024 1:00,10.26333072
16/06/2024 2:00,10.22346614
16/06/2024 3:00,10.28541632
16/06/2024 4:00,0
16/06/2024 5:00,0
16/06/2024 6:00,0
16/06/2024 7:00,0
16/06/2024 8:00,0
16/06/2024 9:00,0
16/06/2024 10:00,0
16/06/2024 11:00,0
16/06/2024 12:00,0
16/06/2024 13:00,0
16/06/2024 14:00,0
16/06/2024 15:00,0
16/06/2024 16:00,0
16/06/2024 17:00,0
16/06/2024 18:00,1.06754703
16/06/2024 19:00,10.99743917
16/06/2024 20:00,10.69834654
16/06/2024 21:00,10.58172744
16/06/2024 22:00,10.5422406
16/06/2024 23:00,10.48224083
17/06/2024 0:00,10.41158674
17/06/2024 1:00,10.40773408
17/06/2024 2:00,10.31231257
17/06/2024 3:00,10.42918441
17/06/2024 4:00,1.465844683
17/06/2024 5:00,0
17/06/2024 6:00,0
17/06/2024 7:00,0
17/06/2024 8:00,0
17/06/2024 9:00,0
17/06/2024 10:00,0
17/06/2024 11:00,0
17/06/2024 12:00,0
17/06/2024 13:00,0
17/06/2024 14:00,0
17/06/2024 15:00,0
17/06/2024 16:00,0
17/06/2024 17:00,2.556197406
17/06/2024 18:00,2.780835361
17/06/2024 19:00,10.26104839
17/06/2024 20:00,10.60895995
17/06/2024 21:00,10.4559661
17/06/2024 22:00,10.65621966
17/06/2024 23:00,10.44769461
18/06/2024 0:00,10.3901966
18/06/2024 1:00,10.28835372
18/06/2024 2:00,10.27321396
18/06/2024 3:00,4.787325818
18/06/2024 4:00,0
18/06/2024 5:00,0
18/06/2024 6:00,0
18/06/2024 7:00,0
18/06/2024 8:00,0
18/06/2024 9:00,0
18/06/2024 10:00,0
18/06/2024 11:00,0
18/06/2024 12:00,0
18/06/2024 13:00,0
18/06/2024 14:00,0
18/06/2024 15:00,0
18/06/2024 16:00,0
18/06/2024 17:00,0
18/06/2024 18:00,2.234390595
18/06/2024 19:00,10.80771114
18/06/2024 20:00,10.58987607
18/06/2024 21:00,10.57394951
18/06/2024 22:00,10.65338052
18/06/2024 23:00,10.4699432
19/06/2024 0:00,10.36082991
19/06/2024 1:00,10.32398532
19/06/2024 2:00,10.22455528
19/06/2024 3:00,4.652886712
19/06/2024 4:00,0
19/06/2024 5:00,0
19/06/2024 6:00,0
19/06/2024 7:00,0
19/06/2024 8:00,0
19/06/2024 9:00,0
19/06/2024 10:00,0
19/06/2024 11:00,0
19/06/2024 12:00,0
19/06/2024 13:00,0
19/06/2024 14:00,0
19/06/2024 15:00,0
19/06/2024 16:00,0
19/06/2024 17:00,0
19/06/2024 18:00,0.29288821
19/06/2024 19:00,10.93001069
19/06/2024 20:00,10.68390863
19/06/2024 21:00,10.44556666
19/06/2024 22:00,10.42576702
19/06/2024 23:00,10.29879398
20/06/2024 0:00,10.2515524
20/06/2024 1:00,10.19064407
20/06/2024 2:00,10.15314589
20/06/2024 3:00,5.602447345
20/06/2024 4:00,0
20/06/2024 5:00,0
20/06/2024 6:00,0
20/06/2024 7:00,0
20/06/2024 8:00,0
20/06/2024 9:00,0
20/06/2024 10:00,0
20/06/2024 11:00,0
20/06/2024 12:00,0
20/06/2024 13:00,0
20/06/2024 14:00,0
20/06/2024 15:00,0
20/06/2024 16:00,4.241850196
20/06/2024 17:00,0
20/06/2024 18:00,0.227936148
20/06/2024 19:00,11.02529989
20/06/2024 20:00,10.58610296
20/06/2024 21:00,10.43227442
20/06/2024 22:00,10.52625062
20/06/2024 23:00,10.31646239
21/06/2024 0:00,10.24481761
21/06/2024 1:00,10.32126858
21/06/2024 2:00,10.37123106
21/06/2024 3:00,3.586723294
21/06/2024 4:00,0
21/06/2024 5:00,0
21/06/2024 6:00,0
21/06/2024 7:00,0
21/06/2024 8:00,0
21/06/2024 9:00,0
21/06/2024 10:00,0
21/06/2024 11:00,0
21/06/2024 12:00,0
21/06/2024 13:00,0
21/06/2024 14:00,0
21/06/2024 15:00,0
21/06/2024 16:00,0
21/06/2024 17:00,0
21/06/2024 18:00,0
21/06/2024 19:00,10.81730794
21/06/2024 20:00,10.59399613
21/06/2024 21:00,10.46898736
21/06/2024 22:00,10.65188087
21/06/2024 23:00,10.56958416
22/06/2024 0:00,10.50828223
22/06/2024 1:00,10.44909473
22/06/2024 2:00,10.37977743
22/06/2024 3:00,7.755391961
22/06/2024 4:00,0
22/06/2024 5:00,0
22/06/2024 6:00,0
22/06/2024 7:00,0
22/06/2024 8:00,0
22/06/2024 9:00,0
22/06/2024 10:00,0
22/06/2024 11:00,0
22/06/2024 12:00,0
22/06/2024 13:00,0
22/06/2024 14:00,0
22/06/2024 15:00,0
22/06/2024 16:00,0
22/06/2024 17:00,0
22/06/2024 18:00,2.772128451
22/06/2024 19:00,10.86137544
22/06/2024 20:00,10.73591378
22/06/2024 21:00,10.43194931
22/06/2024 22:00,10.43956142
22/06/2024 23:00,10.42535046
23/06/2024 0:00,10.43031585
23/06/2024 1:00,10.29665615
23/06/2024 2:00,10.3082417
23/06/2024 3:00,9.972036972
23/06/2024 4:00,0
23/06/2024 5:00,0
23/06/2024 6:00,0
23/06/2024 7:00,0
23/06/2024 8:00,0
23/06/2024 9:00,0
23/06/2024 10:00,0
23/06/2024 11:00,0
23/06/2024 12:00,0
23/06/2024 13:00,0
23/06/2024 14:00,0
23/06/2024 15:00,0
23/06/2024 16:00,0
23/06/2024 17:00,0
23/06/2024 18:00,1.979306285
23/06/2024 19:00,10.9161967
23/06/2024 20:00,10.55824689
23/06/2024 21:00,10.43422911
23/06/2024 22:00,10.48428139
23/06/2024 23:00,10.33631012
24/06/2024 0:00,10.29739541
24/06/2024 1:00,10.32689395
24/06/2024 2:00,10.28869711
24/06/2024 3:00,5.378756522
24/06/2024 4:00,0
24/06/2024 5:00,0
24/06/2024 6:00,0
24/06/2024 7:00,0
24/06/2024 8:00,0
24/06/2024 9:00,0
24/06/2024 10:00,0
24/06/2024 11:00,0
24/06/2024 12:00,0
24/06/2024 13:00,0
24/06/2024 14:00,0
24/06/2024 15:00,0
24/06/2024 16:00,0
24/06/2024 17:00,0
24/06/2024 18:00,1.100872298
24/06/2024 19:00,10.9586957
24/06/2024 20:00,10.66557479
24/06/2024 21:00,10.43120916
24/06/2024 22:00,10.45059799
24/06/2024 23:00,10.44091899
25/06/2024 0:00,10.34590038
25/06/2024 1:00,10.36661959
25/06/2024 2:00,10.35808085
25/06/2024 3:00,5.207441743
25/06/2024 4:00,0
25/06/2024 5:00,0
25/06/2024 6:00,0
25/06/2024 7:00,0
25/06/2024 8:00,0
25/06/2024 9:00,0
25/06/2024 10:00,0
25/06/2024 11:00,0
25/06/2024 12:00,0
25/06/2024 13:00,0
25/06/2024 14:00,0
25/06/2024 15:00,0
25/06/2024 16:00,0
25/06/2024 17:00,0
25/06/2024 18:00,0.465949509
25/06/2024 19:00,11.07554533
25/06/2024 20:00,10.64339517
25/06/2024 21:00,10.58810815
25/06/2024 22:00,10.46241921
25/06/2024 23:00,10.4567946
26/06/2024 0:00,10.57980194
26/06/2024 1:00,10.39334213
26/06/2024 2:00,10.29343147
26/06/2024 3:00,2.604449203
26/06/2024 4:00,0
26/06/2024 5:00,0
26/06/2024 6:00,0
26/06/2024 7:00,0
26/06/2024 8:00,0
26/06/2024 9:00,0
26/06/2024 10:00,0
26/06/2024 11:00,0
26/06/2024 12:00,0
26/06/2024 13:00,0
26/06/2024 14:00,0.230532528
26/06/2024 15:00,0
26/06/2024 16:00,0
26/06/2024 17:00,0
26/06/2024 18:00,6.065936583
26/06/2024 19:00,11.04230169
26/06/2024 20:00,10.76149803
26/06/2024 21:00,10.68703027
26/06/2024 22:00,10.7715813
26/06/2024 23:00,10.55022405
27/06/2024 0:00,10.54216757
27/06/2024 1:00,10.50822182
27/06/2024 2:00,10.43493573
27/06/2024 3:00,5.775135576
27/06/2024 4:00,0
27/06/2024 5:00,0
27/06/2024 6:00,0
27/06/2024 7:00,0
27/06/2024 8:00,0
27/06/2024 9:00,0
27/06/2024 10:00,0
27/06/2024 11:00,0
27/06/2024 12:00,0
27/06/2024 13:00,0
27/06/2024 14:00,0
27/06/2024 15:00,0
27/06/2024 16:00,0
27/06/2024 17:00,0
27/06/2024 18:00,5.611774778
27/06/2024 19:00,10.74641636
27/06/2024 20:00,10.5698253
27/06/2024 21:00,10.50767625
27/06/2024 22:00,10.64992093
27/06/2024 23:00,10.48308816
28/06/2024 0:00,10.56406648
28/06/2024 1:00,10.56656268
28/06/2024 2:00,10.624251
28/06/2024 3:00,5.655171317
28/06/2024 4:00,0
28/06/2024 5:00,0
28/06/2024 6:00,0
28/06/2024 7:00,0
28/06/2024 8:00,0
28/06/2024 9:00,0
28/06/2024 10:00,0
28/06/2024 11:00,0
28/06/2024 12:00,0
28/06/2024 13:00,0
28/06/2024 14:00,0
28/06/2024 15:00,0
28/06/2024 16:00,0
28/06/2024 17:00,0
28/06/2024 18:00,0.390398458
28/06/2024 19:00,10.97628647
28/06/2024 20:00,10.59768207
28/06/2024 21:00,10.55192523
28/06/2024 22:00,10.6350761
28/06/2024 23:00,10.43252558
29/06/2024 0:00,10.34167629
29/06/2024 1:00,10.53143067
29/06/2024 2:00,10.53006675
29/06/2024 3:00,4.856314938
29/06/2024 4:00,0
29/06/2024 5:00,0
29/06/2024 6:00,0
29/06/2024 7:00,0
29/06/2024 8:00,0
29/06/2024 9:00,0
29/06/2024 10:00,0
29/06/2024 11:00,0
29/06/2024 12:00,0
29/06/2024 13:00,0
29/06/2024 14:00,0
29/06/2024 15:00,0
29/06/2024 16:00,0
29/06/2024 17:00,0
29/06/2024 18:00,5.01292239
29/06/2024 19:00,10.83726328
29/06/2024 20:00,10.5449522
29/06/2024 21:00,10.33607856
29/06/2024 22:00,10.51586444
29/06/2024 23:00,10.47491425
30/06/2024 0:00,10.2360136
30/06/2024 1:00,10.48725527
30/06/2024 2:00,10.3594311
30/06/2024 3:00,6.465667872
30/06/2024 4:00,0
30/06/2024 5:00,0
30/06/2024 6:00,0
30/06/2024 7:00,0
30/06/2024 8:00,0
30/06/2024 9:00,0
30/06/2024 10:00,0
30/06/2024 11:00,0
30/06/2024 12:00,0
30/06/2024 13:00,0
30/06/2024 14:00,0
30/06/2024 15:00,0
30/06/2024 16:00,0
30/06/2024 17:00,0
30/06/2024 18:00,2.928323185
30/06/2024 19:00,10.95893604
30/06/2024 20:00,10.63122508
30/06/2024 21:00,10.66535599
30/06/2024 22:00,10.53844291
30/06/2024 23:00,10.36623146
01/07/2024 0:00,10.28272827
01/07/2024 1:00,10.26255679
01/07/2024 2:00,10.42392534
01/07/2024 3:00,10.63762234
01/07/2024 4:00,2.138385744
01/07/2024 5:00,0
01/07/2024 6:00,0
01/07/2024 7:00,0
01/07/2024 8:00,0
01/07/2024 9:00,0
01/07/2024 10:00,0
01/07/2024 11:00,0
01/07/2024 12:00,0
01/07/2024 13:00,0
01/07/2024 14:00,0
01/07/2024 15:00,0
01/07/2024 16:00,0
01/07/2024 17:00,0
01/07/2024 18:00,9.057450113
01/07/2024 19:00,10.82290849
01/07/2024 20:00,10.6842413
01/07/2024 21:00,10.60526615
01/07/2024 22:00,10.82106174
01/07/2024 23:00,10.71656971
02/07/2024 0:00,10.58499518
02/07/2024 1:00,10.43495697
02/07/2024 2:00,10.33567029
02/07/2024 3:00,7.326349421
02/07/2024 4:00,0
02/07/2024 5:00,0
02/07/2024 6:00,0
02/07/2024 7:00,0
02/07/2024 8:00,0
02/07/2024 9:00,0
02/07/2024 10:00,0
02/07/2024 11:00,0
02/07/2024 12:00,0
02/07/2024 13:00,0
02/07/2024 14:00,0
02/07/2024 15:00,0
02/07/2024 16:00,0
02/07/2024 17:00,2.450709363
02/07/2024 18:00,5.173941906
02/07/2024 19:00,10.9141258
02/07/2024 20:00,10.57827387
02/07/2024 21:00,10.48994687
02/07/2024 22:00,10.52495987
02/07/2024 23:00,10.48590599
03/07/2024 0:00,10.44514465
03/07/2024 1:00,10.42709187
03/07/2024 2:00,10.35417904
03/07/2024 3:00,10.60317766
03/07/2024 4:00,2.18458297
03/07/2024 5:00,0
03/07/2024 6:00,0
03/07/2024 7:00,0
03/07/2024 8:00,0
03/07/2024 9:00,0
03/07/2024 10:00,0
03/07/2024 11:00,0
03/07/2024 12:00,0
03/07/2024 13:00,0
03/07/2024 14:00,0
03/07/2024 15:00,0
03/07/2024 16:00,0
03/07/2024 17:00,0
03/07/2024 18:00,4.261095478
03/07/2024 19:00,10.7493791
03/07/2024 20:00,10.50248144
03/07/2024 21:00,10.52500534
03/07/2024 22:00,10.53204157
03/07/2024 23:00,10.47167691
04/07/2024 0:00,10.31583626
04/07/2024 1:00,10.33638546
04/07/2024 2:00,10.27171152
04/07/2024 3:00,7.743269899
04/07/2024 4:00,0
04/07/2024 5:00,0
04/07/2024 6:00,0
04/07/2024 7:00,0
04/07/2024 8:00,0
04/07/2024 9:00,0
04/07/2024 10:00,0
04/07/2024 11:00,0
04/07/2024 12:00,0
04/07/2024 13:00,0
04/07/2024 14:00,0
04/07/2024 15:00,0
04/07/2024 16:00,0
04/07/2024 17:00,0
04/07/2024 18:00,9.034908278
04/07/2024 19:00,10.73827244
04/07/2024 20:00,10.66353523
04/07/2024 21:00,10.6058129
04/07/2024 22:00,10.58747992
04/07/2024 23:00,10.44285562
05/07/2024 0:00,10.36607693
05/07/2024 1:00,10.29043308
05/07/2024 2:00,10.23352795
05/07/2024 3:00,6.647700661
05/07/2024 4:00,0
05/07/2024 5:00,0
05/07/2024 6:00,0
05/07/2024 7:00,0
05/07/2024 8:00,0
05/07/2024 9:00,0
05/07/2024 10:00,0
05/07/2024 11:00,0
05/07/2024 12:00,0
05/07/2024 13:00,0
05/07/2024 14:00,0
05/07/2024 15:00,0
05/07/2024 16:00,0
05/07/2024 17:00,0
05/07/2024 18:00,1.971264926
05/07/2024 19:00,10.90534072
05/07/2024 20:00,10.75469712
05/07/2024 21:00,10.62669868
05/07/2024 22:00,10.73246331
05/07/2024 23:00,10.63250941
06/07/2024 0:00,10.50707893
06/07/2024 1:00,10.46003185
06/07/2024 2:00,10.28675991
06/07/2024 3:00,7.536021703
06/07/2024 4:00,0
06/07/2024 5:00,0
06/07/2024 6:00,0
06/07/2024 7:00,0
06/07/2024 8:00,0
06/07/2024 9:00,0
06/07/2024 10:00,0
06/07/2024 11:00,0
06/07/2024 12:00,0
06/07/2024 13:00,0
06/07/2024 14:00,0
06/07/2024 15:00,0
06/07/2024 16:00,0
06/07/2024 17:00,8.364207859
06/07/2024 18:00,5.552809993
06/07/2024 19:00,10.75957089
06/07/2024 20:00,10.7468073
06/07/2024 21:00,10.61997139
06/07/2024 22:00,10.55715666
06/07/2024 23:00,10.51535794
07/07/2024 0:00,10.43996656
07/07/2024 1:00,10.37901263
07/07/2024 2:00,10.35094
07/07/2024 3:00,10.53053835
07/07/2024 4:00,3.627018499
07/07/2024 5:00,0
07/07/2024 6:00,0
07/07/2024 7:00,0
07/07/2024 8:00,0
07/07/2024 9:00,0
07/07/2024 10:00,0
07/07/2024 11:00,0
07/07/2024 12:00,0
07/07/2024 13:00,0
07/07/2024 14:00,0
07/07/2024 15:00,0
07/07/2024 16:00,0
07/07/2024 17:00,0
07/07/2024 18:00,5.010814464
07/07/2024 19:00,10.85290538
07/07/2024 20:00,10.58048076
07/07/2024 21:00,10.50933694
07/07/2024 22:00,10.72672504
07/07/2024 23:00,10.63960625
08/07/2024 0:00,10.60473571
08/07/2024 1:00,10.49036863
08/07/2024 2:00,10.42791881
08/07/2024 3:00,6.948770653
08/07/2024 4:00,0
08/07/2024 5:00,0
08/07/2024 6:00,0
08/07/2024 7:00,0
08/07/2024 8:00,0
08/07/2024 9:00,0
08/07/2024 10:00,0
08/07/2024 11:00,0
08/07/2024 12:00,0
08/07/2024 13:00,0
08/07/2024 14:00,0
08/07/2024 15:00,0
08/07/2024 16:00,0
08/07/2024 17:00,0
08/07/2024 18:00,1.934765535
08/07/2024 19:00,10.98706098
08/07/2024 20:00,10.75182694
08/07/2024 21:00,10.69002738
08/07/2024 22:00,10.6002008
08/07/2024 23:00,10.51424315
09/07/2024 0:00,10.23486672
09/07/2024 1:00,10.31820232
09/07/2024 2:00,10.30842971
09/07/2024 3:00,6.756129101
09/07/2024 4:00,0
09/07/2024 5:00,0
09/07/2024 6:00,0
09/07/2024 7:00,0
09/07/2024 8:00,0
09/07/2024 9:00,0
09/07/2024 10:00,0
09/07/2024 11:00,0
09/07/2024 12:00,0
09/07/2024 13:00,0
09/07/2024 14:00,0
09/07/2024 15:00,0
09/07/2024 16:00,0
09/07/2024 17:00,0
09/07/2024 18:00,4.521794812
09/07/2024 19:00,10.93971193
09/07/2024 20:00,10.82538769
09/07/2024 21:00,10.63104716
09/07/2024 22:00,10.56451269
09/07/2024 23:00,10.53940699
10/07/2024 0:00,10.55842161
10/07/2024 1:00,10.4254774
10/07/2024 2:00,10.39352412
10/07/2024 3:00,6.855976881
10/07/2024 4:00,0
10/07/2024 5:00,0
10/07/2024 6:00,0
10/07/2024 7:00,0
10/07/2024 8:00,0
10/07/2024 9:00,0
10/07/2024 10:00,0
10/07/2024 11:00,0
10/07/2024 12:00,0
10/07/2024 13:00,0
10/07/2024 14:00,0
10/07/2024 15:00,1.810756264
10/07/2024 16:00,11.04796615
10/07/2024 17:00,10.67031181
10/07/2024 18:00,3.353661658
10/07/2024 19:00,10.32406279
10/07/2024 20:00,10.56467181
10/07/2024 21:00,10.54334226
10/07/2024 22:00,10.61592072
10/07/2024 23:00,10.45556467
11/07/2024 0:00,10.44296676
11/07/2024 1:00,10.34261723
11/07/2024 2:00,10.21217839
11/07/2024 3:00,10.34648385
11/07/2024 4:00,0
11/07/2024 5:00,0
11/07/2024 6:00,0
11/07/2024 7:00,0
11/07/2024 8:00,0
11/07/2024 9:00,0
11/07/2024 10:00,0
11/07/2024 11:00,0
11/07/2024 12:00,0
11/07/2024 13:00,0
11/07/2024 14:00,0
11/07/2024 15:00,0
11/07/2024 16:00,0
11/07/2024 17:00,0
11/07/2024 18:00,2.989041914
11/07/2024 19:00,10.89944256
11/07/2024 20:00,10.60631805
11/07/2024 21:00,10.50955138
11/07/2024 22:00,10.48213809
11/07/2024 23:00,10.37003011
12/07/2024 0:00,10.40081957
12/07/2024 1:00,10.28551486
12/07/2024 2:00,10.18364706
12/07/2024 3:00,8.842947862
12/07/2024 4:00,0
12/07/2024 5:00,0
12/07/2024 6:00,0
12/07/2024 7:00,0
12/07/2024 8:00,0
12/07/2024 9:00,0
12/07/2024 10:00,0
12/07/2024 11:00,0
12/07/2024 12:00,0
12/07/2024 13:00,0
12/07/2024 14:00,0
12/07/2024 15:00,0
12/07/2024 16:00,0
12/07/2024 17:00,0
12/07/2024 18:00,5.509299375
12/07/2024 19:00,10.80215373
12/07/2024 20:00,10.65945791
12/07/2024 21:00,10.48404762
12/07/2024 22:00,10.42580239
12/07/2024 23:00,10.3391465
13/07/2024 0:00,10.52740322
13/07/2024 1:00,10.38949036
13/07/2024 2:00,10.33296145
13/07/2024 3:00,7.408840432
13/07/2024 4:00,0
13/07/2024 5:00,0
13/07/2024 6:00,0
13/07/2024 7:00,0
13/07/2024 8:00,0
13/07/2024 9:00,0
13/07/2024 10:00,0
13/07/2024 11:00,0
13/07/2024 12:00,0
13/07/2024 13:00,0
13/07/2024 14:00,0
13/07/2024 15:00,0
13/07/2024 16:00,0
13/07/2024 17:00,3.455229295
13/07/2024 18:00,11.06837241
13/07/2024 19:00,10.86018796
13/07/2024 20:00,10.55321049
13/07/2024 21:00,10.47550203
13/07/2024 22:00,10.42234476
13/07/2024 23:00,10.38555765
14/07/2024 0:00,10.30268529
14/07/2024 1:00,10.27938033
14/07/2024 2:00,10.33552677
14/07/2024 3:00,9.051746285
14/07/2024 4:00,0
14/07/2024 5:00,0
14/07/2024 6:00,0
14/07/2024 7:00,0
14/07/2024 8:00,0
14/07/2024 9:00,0
14/07/2024 10:00,0
14/07/2024 11:00,0
14/07/2024 12:00,0
14/07/2024 13:00,0
14/07/2024 14:00,0
14/07/2024 15:00,0
14/07/2024 16:00,0
14/07/2024 17:00,0
14/07/2024 18:00,5.838969639
14/07/2024 19:00,10.74160096
14/07/2024 20:00,10.50597604
14/07/2024 21:00,10.45641896
14/07/2024 22:00,10.51439885
14/07/2024 23:00,10.45568064
15/07/2024 0:00,10.39205898
15/07/2024 1:00,10.35158139
15/07/2024 2:00,10.34202719
15/07/2024 3:00,7.664016914
15/07/2024 4:00,0
15/07/2024 5:00,0
15/07/2024 6:00,0
15/07/2024 7:00,0
15/07/2024 8:00,0
15/07/2024 9:00,0
15/07/2024 10:00,0
15/07/2024 11:00,0
15/07/2024 12:00,0
15/07/2024 13:00,0
15/07/2024 14:00,0
15/07/2024 15:00,0
15/07/2024 16:00,0
15/07/2024 17:00,0
15/07/2024 18:00,3.591692894
15/07/2024 19:00,10.88342188
15/07/2024 20:00,10.67433328
15/07/2024 21:00,10.55440962
15/07/2024 22:00,10.54800527
15/07/2024 23:00,10.37980737
16/07/2024 0:00,10.51234012
16/07/2024 1:00,10.60944
16/07/2024 2:00,10.55277466
16/07/2024 3:00,9.677457421
16/07/2024 4:00,0
16/07/2024 5:00,0
16/07/2024 6:00,0
16/07/2024 7:00,0
16/07/2024 8:00,0
16/07/2024 9:00,0
16/07/2024 10:00,0
16/07/2024 11:00,0
16/07/2024 12:00,0
16/07/2024 13:00,0
16/07/2024 14:00,0
16/07/2024 15:00,0
16/07/2024 16:00,0
16/07/2024 17:00,0
16/07/2024 18:00,4.33126498
16/07/2024 19:00,10.84348881
16/07/2024 20:00,10.60452662
16/07/2024 21:00,10.49491454
16/07/2024 22:00,10.55422874
16/07/2024 23:00,10.34176417
17/07/2024 0:00,10.23451527
17/07/2024 1:00,10.23863066
17/07/2024 2:00,10.14252432
17/07/2024 3:00,10.34168579
17/07/2024 4:00,10.37814715
17/07/2024 5:00,2.246515117
17/07/2024 6:00,0
17/07/2024 7:00,0
17/07/2024 8:00,0
17/07/2024 9:00,0
17/07/2024 10:00,0
17/07/2024 11:00,0
17/07/2024 12:00,0
17/07/2024 13:00,0
17/07/2024 14:00,0
17/07/2024 15:00,0
17/07/2024 16:00,0
17/07/2024 17:00,0
17/07/2024 18:00,4.778026702
17/07/2024 19:00,10.84809852
17/07/2024 20:00,10.61625686
17/07/2024 21:00,10.52603339
17/07/2024 22:00,10.61471606
17/07/2024 23:00,10.42518434
18/07/2024 0:00,10.30884819
18/07/2024 1:00,10.28539061
18/07/2024 2:00,10.23637898
18/07/2024 3:00,8.961372694
18/07/2024 4:00,0
18/07/2024 5:00,0
18/07/2024 6:00,0
18/07/2024 7:00,0
18/07/2024 8:00,0
18/07/2024 9:00,0
18/07/2024 10:00,0
18/07/2024 11:00,0
18/07/2024 12:00,0
18/07/2024 13:00,0
18/07/2024 14:00,0
18/07/2024 15:00,0
18/07/2024 16:00,0
18/07/2024 17:00,0
18/07/2024 18:00,1.593970543
18/07/2024 19:00,10.8397689
18/07/2024 20:00,10.61939448
18/07/2024 21:00,10.49999766
18/07/2024 22:00,10.65253327
18/07/2024 23:00,10.5121168
19/07/2024 0:00,10.42109098
19/07/2024 1:00,10.30151069
19/07/2024 2:00,10.22555545
19/07/2024 3:00,9.248862932
19/07/2024 4:00,0
19/07/2024 5:00,0
19/07/2024 6:00,0
19/07/2024 7:00,0
19/07/2024 8:00,0
19/07/2024 9:00,0
19/07/2024 10:00,0
19/07/2024 11:00,0
19/07/2024 12:00,0
19/07/2024 13:00,0
19/07/2024 14:00,0
19/07/2024 15:00,0
19/07/2024 16:00,0
19/07/2024 17:00,0
19/07/2024 18:00,4.369432703
19/07/2024 19:00,10.78370563
19/07/2024 20:00,10.53464032
19/07/2024 21:00,10.4059502
19/07/2024 22:00,10.34632342
19/07/2024 23:00,10.32791602
20/07/2024 0:00,10.28570663
20/07/2024 1:00,10.25919209
20/07/2024 2:00,10.28603201
20/07/2024 3:00,10.42345157
20/07/2024 4:00,10.27513625
20/07/2024 5:00,7.468034355
20/07/2024 6:00,0
20/07/2024 7:00,0
20/07/2024 8:00,0
20/07/2024 9:00,0
20/07/2024 10:00,0
20/07/2024 11:00,0
20/07/2024 12:00,0
20/07/2024 13:00,0
20/07/2024 14:00,0
20/07/2024 15:00,0
20/07/2024 16:00,0
20/07/2024 17:00,0
20/07/2024 18:00,2.873695189
20/07/2024 19:00,10.89370149
20/07/2024 20:00,10.6989291
20/07/2024 21:00,10.39375579
20/07/2024 22:00,10.40614785
20/07/2024 23:00,10.37502864
21/07/2024 0:00,10.32481955
21/07/2024 1:00,10.2720352
21/07/2024 2:00,10.34889507
21/07/2024 3:00,9.317156706
21/07/2024 4:00,0
21/07/2024 5:00,0
21/07/2024 6:00,0
21/07/2024 7:00,0
21/07/2024 8:00,0
21/07/2024 9:00,0
21/07/2024 10:00,0
21/07/2024 11:00,0
21/07/2024 12:00,0
21/07/2024 13:00,0
21/07/2024 14:00,0
21/07/2024 15:00,0
21/07/2024 16:00,0
21/07/2024 17:00,0
21/07/2024 18:00,4.705829883
21/07/2024 19:00,10.80654904
21/07/2024 20:00,10.57155601
21/07/2024 21:00,10.42219528
21/07/2024 22:00,10.5965474
21/07/2024 23:00,10.47352386
22/07/2024 0:00,10.39049821
22/07/2024 1:00,10.33938831
22/07/2024 2:00,10.27188812
22/07/2024 3:00,10.45567192
22/07/2024 4:00,4.014104064
22/07/2024 5:00,0
22/07/2024 6:00,0
22/07/2024 7:00,0
22/07/2024 8:00,0
22/07/2024 9:00,0
22/07/2024 10:00,0
22/07/2024 11:00,0
22/07/2024 12:00,0
22/07/2024 13:00,0
22/07/2024 14:00,0
22/07/2024 15:00,0
22/07/2024 16:00,0
22/07/2024 17:00,0
22/07/2024 18:00,3.950560019
22/07/2024 19:00,10.83387508
22/07/2024 20:00,10.58181723
22/07/2024 21:00,10.61689474
22/07/2024 22:00,10.71432907
22/07/2024 23:00,10.51670809
23/07/2024 0:00,10.43244077
23/07/2024 1:00,10.34377236
23/07/2024 2:00,10.22915464
23/07/2024 3:00,10.52656485
23/07/2024 4:00,0.715238386
23/07/2024 5:00,0
23/07/2024 6:00,0
23/07/2024 7:00,0
23/07/2024 8:00,0
23/07/2024 9:00,0
23/07/2024 10:00,0
23/07/2024 11:00,0
23/07/2024 12:00,0
23/07/2024 13:00,0
23/07/2024 14:00,0
23/07/2024 15:00,0
23/07/2024 16:00,0
23/07/2024 17:00,0
23/07/2024 18:00,3.823159293
23/07/2024 19:00,10.83665648
23/07/2024 20:00,10.55475331
23/07/2024 21:00,10.53526134
23/07/2024 22:00,10.61660987
23/07/2024 23:00,10.41652878
24/07/2024 0:00,10.31488025
24/07/2024 1:00,10.29395637
24/07/2024 2:00,10.2056676
24/07/2024 3:00,7.581884128
24/07/2024 4:00,0
24/07/2024 5:00,0
24/07/2024 6:00,0
24/07/2024 7:00,0
24/07/2024 8:00,0
24/07/2024 9:00,0
24/07/2024 10:00,0
24/07/2024 11:00,0
24/07/2024 12:00,0
24/07/2024 13:00,0
24/07/2024 14:00,0
24/07/2024 15:00,0
24/07/2024 16:00,0
24/07/2024 17:00,0
24/07/2024 18:00,4.150395624
24/07/2024 19:00,10.8961571
24/07/2024 20:00,10.68445786
24/07/2024 21:00,10.57034739
24/07/2024 22:00,10.55744401
24/07/2024 23:00,10.22797213
25/07/2024 0:00,10.11928366
25/07/2024 1:00,10.10761875
25/07/2024 2:00,10.10542835
25/07/2024 3:00,10.42373937
25/07/2024 4:00,0.187649917
25/07/2024 5:00,0
25/07/2024 6:00,0
25/07/2024 7:00,0
25/07/2024 8:00,0
25/07/2024 9:00,0
25/07/2024 10:00,0
25/07/2024 11:00,0
25/07/2024 12:00,0
25/07/2024 13:00,0
25/07/2024 14:00,0
25/07/2024 15:00,0
25/07/2024 16:00,0
25/07/2024 17:00,0
25/07/2024 18:00,4.450611075
25/07/2024 19:00,10.77998922
25/07/2024 20:00,10.58748546
25/07/2024 21:00,10.52813295
25/07/2024 22:00,10.68233396
25/07/2024 23:00,10.62200696
26/07/2024 0:00,10.52667504
26/07/2024 1:00,10.46763768
26/07/2024 2:00,10.44513713
26/07/2024 3:00,10.47358168
26/07/2024 4:00,0
26/07/2024 5:00,0
26/07/2024 6:00,0
26/07/2024 7:00,0
26/07/2024 8:00,0
26/07/2024 9:00,0
26/07/2024 10:00,0
26/07/2024 11:00,0
26/07/2024 12:00,0
26/07/2024 13:00,0
26/07/2024 14:00,0
26/07/2024 15:00,0
26/07/2024 16:00,0
26/07/2024 17:00,0
26/07/2024 18:00,4.307236082
26/07/2024 19:00,10.84738773
26/07/2024 20:00,10.80759771
26/07/2024 21:00,10.60211231
26/07/2024 22:00,10.75805836
26/07/2024 23:00,10.53367064
27/07/2024 0:00,10.38039761
27/07/2024 1:00,10.33184388
27/07/2024 2:00,10.350704
27/07/2024 3:00,10.32864049
27/07/2024 4:00,0
27/07/2024 5:00,0
27/07/2024 6:00,0
27/07/2024 7:00,0
27/07/2024 8:00,0
27/07/2024 9:00,0
27/07/2024 10:00,0
27/07/2024 11:00,0
27/07/2024 12:00,0
27/07/2024 13:00,0
27/07/2024 14:00,0
27/07/2024 15:00,0
27/07/2024 16:00,0
27/07/2024 17:00,0
27/07/2024 18:00,7.667860135
27/07/2024 19:00,10.60722538
27/07/2024 20:00,10.47180192
27/07/2024 21:00,10.50765309
27/07/2024 22:00,10.64188983
27/07/2024 23:00,10.44270521
28/07/2024 0:00,10.36246473
28/07/2024 1:00,10.34027004
28/07/2024 2:00,10.41907156
28/07/2024 3:00,10.54805738
28/07/2024 4:00,1.40001575
28/07/2024 5:00,1.10952337
28/07/2024 6:00,0
28/07/2024 7:00,0
28/07/2024 8:00,0
28/07/2024 9:00,0
28/07/2024 10:00,0
28/07/2024 11:00,0
28/07/2024 12:00,0
28/07/2024 13:00,0
28/07/2024 14:00,0
28/07/2024 15:00,0
28/07/2024 16:00,0
28/07/2024 17:00,0
28/07/2024 18:00,5.387496296
28/07/2024 19:00,10.83680952
28/07/2024 20:00,10.59864873
28/07/2024 21:00,10.47606326
28/07/2024 22:00,10.5482907
28/07/2024 23:00,10.36857345
29/07/2024 0:00,10.25563913
29/07/2024 1:00,10.21260997
29/07/2024 2:00,10.14840702
29/07/2024 3:00,10.10343395
29/07/2024 4:00,0
29/07/2024 5:00,0
29/07/2024 6:00,0
29/07/2024 7:00,0
29/07/2024 8:00,0
29/07/2024 9:00,0
29/07/2024 10:00,0
29/07/2024 11:00,0
29/07/2024 12:00,0
29/07/2024 13:00,0
29/07/2024 14:00,0
29/07/2024 15:00,0
29/07/2024 16:00,0
29/07/2024 17:00,0
29/07/2024 18:00,4.708633337
29/07/2024 19:00,10.8285969
29/07/2024 20:00,10.58111642
29/07/2024 21:00,10.64154615
29/07/2024 22:00,10.55958664
29/07/2024 23:00,10.49928105
30/07/2024 0:00,10.31773828
30/07/2024 1:00,10.22914329
30/07/2024 2:00,10.19047439
30/07/2024 3:00,10.39986749
30/07/2024 4:00,0.105905667
30/07/2024 5:00,0
30/07/2024 6:00,0
30/07/2024 7:00,0
30/07/2024 8:00,0
30/07/2024 9:00,0
30/07/2024 10:00,0
30/07/2024 11:00,0
30/07/2024 12:00,0
30/07/2024 13:00,0
30/07/2024 14:00,0
30/07/2024 15:00,0
30/07/2024 16:00,0
30/07/2024 17:00,0
30/07/2024 18:00,4.934153297
30/07/2024 19:00,10.85438986
30/07/2024 20:00,10.60289896
30/07/2024 21:00,10.39954554
30/07/2024 22:00,10.52333783
30/07/2024 23:00,10.3526103
31/07/2024 0:00,10.29733199
31/07/2024 1:00,10.22668822
31/07/2024 2:00,10.2253821
31/07/2024 3:00,10.4977844
31/07/2024 4:00,0.268724233
31/07/2024 5:00,0
31/07/2024 6:00,0
31/07/2024 7:00,0
31/07/2024 8:00,0
31/07/2024 9:00,0
31/07/2024 10:00,0
31/07/2024 11:00,0
31/07/2024 12:00,0
31/07/2024 13:00,0
31/07/2024 14:00,0
31/07/2024 15:00,0
31/07/2024 16:00,0
31/07/2024 17:00,0
31/07/2024 18:00,5.906734689
31/07/2024 19:00,10.64991694
31/07/2024 20:00,10.45360863
31/07/2024 21:00,10.49446788
31/07/2024 22:00,10.51816603
31/07/2024 23:00,10.46453464
01/08/2024 0:00,10.46500697
01/08/2024 1:00,10.3628843
01/08/2024 2:00,10.2617041
01/08/2024 3:00,10.35663518
01/08/2024 4:00,5.823411353
01/08/2024 5:00,0
01/08/2024 6:00,0
01/08/2024 7:00,0
01/08/2024 8:00,0
01/08/2024 9:00,0
01/08/2024 10:00,0
01/08/2024 11:00,0
01/08/2024 12:00,0
01/08/2024 13:00,0
01/08/2024 14:00,0
01/08/2024 15:00,0
01/08/2024 16:00,0
01/08/2024 17:00,0
01/08/2024 18:00,6.547243485
01/08/2024 19:00,10.75428962
01/08/2024 20:00,10.66130033
01/08/2024 21:00,10.70740285
01/08/2024 22:00,10.5297631
01/08/2024 23:00,10.54684583
02/08/2024 0:00,10.26224487
02/08/2024 1:00,10.37825117
02/08/2024 2:00,10.3756237
02/08/2024 3:00,10.43269013
02/08/2024 4:00,2.937253698
02/08/2024 5:00,0
02/08/2024 6:00,0
02/08/2024 7:00,0
02/08/2024 8:00,0
02/08/2024 9:00,0
02/08/2024 10:00,0
02/08/2024 11:00,0
02/08/2024 12:00,0
02/08/2024 13:00,0
02/08/2024 14:00,0
02/08/2024 15:00,0
02/08/2024 16:00,0
02/08/2024 17:00,0
02/08/2024 18:00,5.304613061
02/08/2024 19:00,10.80042548
02/08/2024 20:00,10.47342179
02/08/2024 21:00,10.45769148
02/08/2024 22:00,10.46028549
02/08/2024 23:00,10.39447545
03/08/2024 0:00,10.34777944
03/08/2024 1:00,10.2914941
03/08/2024 2:00,10.23641029
03/08/2024 3:00,10.40993578
03/08/2024 4:00,1.087366977
03/08/2024 5:00,0
03/08/2024 6:00,0
03/08/2024 7:00,0
03/08/2024 8:00,0
03/08/2024 9:00,0
03/08/2024 10:00,0
03/08/2024 11:00,0
03/08/2024 12:00,0
03/08/2024 13:00,0
03/08/2024 14:00,0
03/08/2024 15:00,0
03/08/2024 16:00,0
03/08/2024 17:00,0
03/08/2024 18:00,7.664706465
03/08/2024 19:00,10.67693077
03/08/2024 20:00,10.63033773
03/08/2024 21:00,10.57124567
03/08/2024 22:00,10.5820365
03/08/2024 23:00,10.45743432
04/08/2024 0:00,10.39272856
04/08/2024 1:00,10.34425784
04/08/2024 2:00,10.30701172
04/08/2024 3:00,10.39491045
04/08/2024 4:00,2.394470747
04/08/2024 5:00,0
04/08/2024 6:00,0
04/08/2024 7:00,0
04/08/2024 8:00,0
04/08/2024 9:00,0
04/08/2024 10:00,0
04/08/2024 11:00,0
04/08/2024 12:00,0
04/08/2024 13:00,0
04/08/2024 14:00,0
04/08/2024 15:00,0
04/08/2024 16:00,0
04/08/2024 17:00,0
04/08/2024 18:00,8.518847562
04/08/2024 19:00,10.60969367
04/08/2024 20:00,10.55370895
04/08/2024 21:00,10.4346415
04/08/2024 22:00,10.4410041
04/08/2024 23:00,10.39695532
05/08/2024 0:00,10.34919548
05/08/2024 1:00,10.28679251
05/08/2024 2:00,10.18059647
05/08/2024 3:00,10.36290505
05/08/2024 4:00,9.990133897
05/08/2024 5:00,0
05/08/2024 6:00,0
05/08/2024 7:00,0
05/08/2024 8:00,0
05/08/2024 9:00,0
05/08/2024 10:00,0
05/08/2024 11:00,0
05/08/2024 12:00,0
05/08/2024 13:00,0
05/08/2024 14:00,0
05/08/2024 15:00,0
05/08/2024 16:00,0
05/08/2024 17:00,0
05/08/2024 18:00,6.592423357
05/08/2024 19:00,10.66663718
05/08/2024 20:00,10.51518573
05/08/2024 21:00,10.41360323
05/08/2024 22:00,10.53813871
05/08/2024 23:00,10.42900589
06/08/2024 0:00,10.53520269
06/08/2024 1:00,10.35686507
06/08/2024 2:00,10.37844526
06/08/2024 3:00,10.52227289
06/08/2024 4:00,2.112483044
06/08/2024 5:00,0
06/08/2024 6:00,0
06/08/2024 7:00,0
06/08/2024 8:00,0
06/08/2024 9:00,0
06/08/2024 10:00,0
06/08/2024 11:00,0
06/08/2024 12:00,0
06/08/2024 13:00,0
06/08/2024 14:00,0
06/08/2024 15:00,0
06/08/2024 16:00,0
06/08/2024 17:00,0
06/08/2024 18:00,7.999504386
06/08/2024 19:00,10.70068483
06/08/2024 20:00,10.69509255
06/08/2024 21:00,10.75883379
06/08/2024 22:00,10.77050008
06/08/2024 23:00,10.61289777
07/08/2024 0:00,10.57414072
07/08/2024 1:00,10.3542744
07/08/2024 2:00,10.43369271
07/08/2024 3:00,10.51124828
07/08/2024 4:00,4.650540526
07/08/2024 5:00,0
07/08/2024 6:00,0
07/08/2024 7:00,0
07/08/2024 8:00,0
07/08/2024 9:00,0
07/08/2024 10:00,0
07/08/2024 11:00,0
07/08/2024 12:00,0
07/08/2024 13:00,0
07/08/2024 14:00,0.227461972
07/08/2024 15:00,0
07/08/2024 16:00,0
07/08/2024 17:00,4.207963887
07/08/2024 18:00,10.84633115
07/08/2024 19:00,10.67489016
07/08/2024 20:00,10.57056198
07/08/2024 21:00,10.55712437
07/08/2024 22:00,10.55795013
07/08/2024 23:00,10.42755876
08/08/2024 0:00,10.28388603
08/08/2024 1:00,10.36116743
08/08/2024 2:00,10.18159812
08/08/2024 3:00,10.3896715
08/08/2024 4:00,3.262224043
08/08/2024 5:00,0
08/08/2024 6:00,0
08/08/2024 7:00,0
08/08/2024 8:00,0
08/08/2024 9:00,0
08/08/2024 10:00,0
08/08/2024 11:00,0
08/08/2024 12:00,0
08/08/2024 13:00,0
08/08/2024 14:00,0
08/08/2024 15:00,0
08/08/2024 16:00,2.878107568
08/08/2024 17:00,1.868184861
08/08/2024 18:00,9.564590109
08/08/2024 19:00,10.63830033
08/08/2024 20:00,10.40421064
08/08/2024 21:00,10.34146264
08/08/2024 22:00,10.36104899
08/08/2024 23:00,10.29723701
09/08/2024 0:00,10.30720598
09/08/2024 1:00,10.28130286
09/08/2024 2:00,10.15229403
09/08/2024 3:00,10.18715967
09/08/2024 4:00,2.615917211
09/08/2024 5:00,0
09/08/2024 6:00,0
09/08/2024 7:00,0
09/08/2024 8:00,0
09/08/2024 9:00,0
09/08/2024 10:00,0
09/08/2024 11:00,0
09/08/2024 12:00,0
09/08/2024 13:00,0
09/08/2024 14:00,0
09/08/2024 15:00,0
09/08/2024 16:00,0
09/08/2024 17:00,0
09/08/2024 18:00,7.126285645
09/08/2024 19:00,10.75483565
09/08/2024 20:00,10.59922357
09/08/2024 21:00,10.6140751
09/08/2024 22:00,10.58192522
09/08/2024 23:00,10.29926008
10/08/2024 0:00,10.38982693
10/08/2024 1:00,10.35623376
10/08/2024 2:00,10.29187612
10/08/2024 3:00,10.41859341
10/08/2024 4:00,2.587367792
10/08/2024 5:00,0
10/08/2024 6:00,0
10/08/2024 7:00,0
10/08/2024 8:00,0
10/08/2024 9:00,0
10/08/2024 10:00,0
10/08/2024 11:00,0
10/08/2024 12:00,0
10/08/2024 13:00,0
10/08/2024 14:00,0
10/08/2024 15:00,0
10/08/2024 16:00,0
10/08/2024 17:00,0
10/08/2024 18:00,8.235875538
10/08/2024 19:00,10.67319212
10/08/2024 20:00,10.46986554
10/08/2024 21:00,10.43308782
10/08/2024 22:00,10.52937836
10/08/2024 23:00,10.28158216
11/08/2024 0:00,10.19356692
11/08/2024 1:00,10.18058527
11/08/2024 2:00,10.1967842
11/08/2024 3:00,10.29030526
11/08/2024 4:00,2.899827731
11/08/2024 5:00,0
11/08/2024 6:00,0
11/08/2024 7:00,0
11/08/2024 8:00,0
11/08/2024 9:00,0
11/08/2024 10:00,0
11/08/2024 11:00,0
11/08/2024 12:00,0
11/08/2024 13:00,0
11/08/2024 14:00,0
11/08/2024 15:00,0
11/08/2024 16:00,0
11/08/2024 17:00,0
11/08/2024 18:00,8.586820377
11/08/2024 19:00,10.68357185
11/08/2024 20:00,10.61259641
11/08/2024 21:00,10.49830043
11/08/2024 22:00,10.41703734
11/08/2024 23:00,10.39075775
12/08/2024 0:00,10.19290291
12/08/2024 1:00,10.17237176
12/08/2024 2:00,10.29730905
12/08/2024 3:00,10.39277332
12/08/2024 4:00,3.13514725
12/08/2024 5:00,0
12/08/2024 6:00,0
12/08/2024 7:00,0
12/08/2024 8:00,0
12/08/2024 9:00,0
12/08/2024 10:00,0
12/08/2024 11:00,0
12/08/2024 12:00,0
12/08/2024 13:00,0
12/08/2024 14:00,0
12/08/2024 15:00,0
12/08/2024 16:00,0
12/08/2024 17:00,0
12/08/2024 18:00,6.629842309
12/08/2024 19:00,10.8675046
12/08/2024 20:00,10.72485198
12/08/2024 21:00,10.65667178
12/08/2024 22:00,10.72268494
12/08/2024 23:00,10.44298258
13/08/2024 0:00,10.34247634
13/08/2024 1:00,10.29764845
13/08/2024 2:00,10.31572918
13/08/2024 3:00,10.64749027
13/08/2024 4:00,3.726058278
13/08/2024 5:00,0
13/08/2024 6:00,0
13/08/2024 7:00,0
13/08/2024 8:00,0
13/08/2024 9:00,0
13/08/2024 10:00,0
13/08/2024 11:00,0
13/08/2024 12:00,0
13/08/2024 13:00,0
13/08/2024 14:00,0
13/08/2024 15:00,0
13/08/2024 16:00,0
13/08/2024 17:00,0
13/08/2024 18:00,9.843186315
13/08/2024 19:00,10.69637451
13/08/2024 20:00,10.5581697
13/08/2024 21:00,10.56755199
13/08/2024 22:00,10.61448373
13/08/2024 23:00,10.48501845
14/08/2024 0:00,10.38383738
14/08/2024 1:00,10.39863511
14/08/2024 2:00,10.29909996
14/08/2024 3:00,10.41163799
14/08/2024 4:00,5.043775531
14/08/2024 5:00,0
14/08/2024 6:00,0
14/08/2024 7:00,0
14/08/2024 8:00,0
14/08/2024 9:00,0
14/08/2024 10:00,0
14/08/2024 11:00,0
14/08/2024 12:00,0
14/08/2024 13:00,0
14/08/2024 14:00,0
14/08/2024 15:00,0
14/08/2024 16:00,0
14/08/2024 17:00,0
14/08/2024 18:00,10.66807923
14/08/2024 19:00,10.73974334
14/08/2024 20:00,10.71205987
14/08/2024 21:00,10.65638999
14/08/2024 22:00,10.53980046
14/08/2024 23:00,10.53628929
15/08/2024 0:00,10.42673807
15/08/2024 1:00,10.36909033
15/08/2024 2:00,10.35106146
15/08/2024 3:00,10.48979902
15/08/2024 4:00,4.680400925
15/08/2024 5:00,0
15/08/2024 6:00,0
15/08/2024 7:00,0
15/08/2024 8:00,0
15/08/2024 9:00,0
15/08/2024 10:00,0
15/08/2024 11:00,0
15/08/2024 12:00,0
15/08/2024 13:00,0
15/08/2024 14:00,0
15/08/2024 15:00,0
15/08/2024 16:00,0
15/08/2024 17:00,0
15/08/2024 18:00,9.303323652
15/08/2024 19:00,10.78406782
15/08/2024 20:00,10.65852646
15/08/2024 21:00,10.63543403
15/08/2024 22:00,10.4051797
15/08/2024 23:00,10.33351716
16/08/2024 0:00,10.2087275
16/08/2024 1:00,10.35832468
16/08/2024 2:00,10.30700212
16/08/2024 3:00,10.37659375
16/08/2024 4:00,3.983168146
16/08/2024 5:00,0
16/08/2024 6:00,0
16/08/2024 7:00,0
16/08/2024 8:00,0
16/08/2024 9:00,0
16/08/2024 10:00,0
16/08/2024 11:00,0
16/08/2024 12:00,0
16/08/2024 13:00,0
16/08/2024 14:00,0
16/08/2024 15:00,0
16/08/2024 16:00,0
16/08/2024 17:00,0
16/08/2024 18:00,9.514616724
16/08/2024 19:00,10.63409352
16/08/2024 20:00,10.58209836
16/08/2024 21:00,10.44865892
16/08/2024 22:00,10.46047487
16/08/2024 23:00,10.34365689
17/08/2024 0:00,10.32158609
17/08/2024 1:00,10.24152338
17/08/2024 2:00,10.2006494
17/08/2024 3:00,10.24038771
17/08/2024 4:00,5.786791903
17/08/2024 5:00,0
17/08/2024 6:00,0
17/08/2024 7:00,0
17/08/2024 8:00,0
17/08/2024 9:00,0
17/08/2024 10:00,0
17/08/2024 11:00,0
17/08/2024 12:00,0
17/08/2024 13:00,0
17/08/2024 14:00,0
17/08/2024 15:00,0
17/08/2024 16:00,0
17/08/2024 17:00,0
17/08/2024 18:00,8.4216579
17/08/2024 19:00,10.6462422
17/08/2024 20:00,10.49507139
17/08/2024 21:00,10.43230552
17/08/2024 22:00,10.62691389
17/08/2024 23:00,10.51586292
18/08/2024 0:00,10.37399667
18/08/2024 1:00,10.5579719
18/08/2024 2:00,10.46270662
18/08/2024 3:00,10.54313989
18/08/2024 4:00,8.171417102
18/08/2024 5:00,0
18/08/2024 6:00,0
18/08/2024 7:00,0
18/08/2024 8:00,0
18/08/2024 9:00,0
18/08/2024 10:00,0
18/08/2024 11:00,0
18/08/2024 12:00,0
18/08/2024 13:00,0
18/08/2024 14:00,0
18/08/2024 15:00,0
18/08/2024 16:00,0
18/08/2024 17:00,4.308665617
18/08/2024 18:00,10.79760784
18/08/2024 19:00,10.56410395
18/08/2024 20:00,10.51681175
18/08/2024 21:00,10.38932751
18/08/2024 22:00,10.40451525
18/08/2024 23:00,10.39230557
19/08/2024 0:00,10.34389639
19/08/2024 1:00,10.30710464
19/08/2024 2:00,10.20300825
19/08/2024 3:00,10.27727429
19/08/2024 4:00,10.3618657
19/08/2024 5:00,10.29133797
19/08/2024 6:00,0.343416511
19/08/2024 7:00,0
19/08/2024 8:00,0
19/08/2024 9:00,0
19/08/2024 10:00,0
19/08/2024 11:00,0
19/08/2024 12:00,0
19/08/2024 13:00,0
19/08/2024 14:00,0
19/08/2024 15:00,0
19/08/2024 16:00,0
19/08/2024 17:00,8.182454001
19/08/2024 18:00,10.68833228
19/08/2024 19:00,10.50298819
19/08/2024 20:00,10.35851244
19/08/2024 21:00,10.30109119
19/08/2024 22:00,10.40897644
19/08/2024 23:00,10.27880823
20/08/2024 0:00,10.18126163
20/08/2024 1:00,10.19683759
20/08/2024 2:00,10.16800195
20/08/2024 3:00,10.26992615
20/08/2024 4:00,7.925267843
20/08/2024 5:00,0
20/08/2024 6:00,0
20/08/2024 7:00,0
20/08/2024 8:00,0
20/08/2024 9:00,0
20/08/2024 10:00,0
20/08/2024 11:00,0
20/08/2024 12:00,0
20/08/2024 13:00,0
20/08/2024 14:00,0
20/08/2024 15:00,0
20/08/2024 16:00,0
20/08/2024 17:00,0.017994828
20/08/2024 18:00,11.07295126
20/08/2024 19:00,10.699217
20/08/2024 20:00,10.56944787
20/08/2024 21:00,10.44491019
20/08/2024 22:00,10.53406241
20/08/2024 23:00,10.43762542
21/08/2024 0:00,10.3999448
21/08/2024 1:00,10.28857513
21/08/2024 2:00,10.29858461
21/08/2024 3:00,10.35406672
21/08/2024 4:00,10.45189477
21/08/2024 5:00,0.912323122
21/08/2024 6:00,0
21/08/2024 7:00,0
21/08/2024 8:00,0
21/08/2024 9:00,0
21/08/2024 10:00,0
21/08/2024 11:00,0
21/08/2024 12:00,0
21/08/2024 13:00,0
21/08/2024 14:00,0
21/08/2024 15:00,0
21/08/2024 16:00,0
21/08/2024 17:00,1.070258568
21/08/2024 18:00,11.02179192
21/08/2024 19:00,10.68751747
21/08/2024 20:00,10.51907218
21/08/2024 21:00,10.37758952
21/08/2024 22:00,10.3861117
21/08/2024 23:00,10.36172764
22/08/2024 0:00,10.1805441
22/08/2024 1:00,10.14182832
22/08/2024 2:00,10.13894298
22/08/2024 3:00,10.2806365
22/08/2024 4:00,4.984816974
22/08/2024 5:00,0
22/08/2024 6:00,0
22/08/2024 7:00,0
22/08/2024 8:00,0
22/08/2024 9:00,0
22/08/2024 10:00,0
22/08/2024 11:00,0
22/08/2024 12:00,0
22/08/2024 13:00,0
22/08/2024 14:00,0
22/08/2024 15:00,0
22/08/2024 16:00,0
22/08/2024 17:00,0
22/08/2024 18:00,10.32417015
22/08/2024 19:00,10.66997813
22/08/2024 20:00,10.43426418
22/08/2024 21:00,10.45543395
22/08/2024 22:00,10.47250444
22/08/2024 23:00,10.41118318
23/08/2024 0:00,10.30991644
23/08/2024 1:00,10.23124677
23/08/2024 2:00,10.25874817
23/08/2024 3:00,10.37116911
23/08/2024 4:00,4.211394333
23/08/2024 5:00,0
23/08/2024 6:00,0
23/08/2024 7:00,0
23/08/2024 8:00,0
23/08/2024 9:00,0
23/08/2024 10:00,0
23/08/2024 11:00,0
23/08/2024 12:00,0
23/08/2024 13:00,0
23/08/2024 14:00,0
23/08/2024 15:00,0
23/08/2024 16:00,0
23/08/2024 17:00,1.673721711
23/08/2024 18:00,10.84402889
23/08/2024 19:00,10.54483907
23/08/2024 20:00,10.53048714
23/08/2024 21:00,10.46881855
23/08/2024 22:00,10.53747135
23/08/2024 23:00,10.41455937
24/08/2024 0:00,10.23392427
24/08/2024 1:00,10.21333733
24/08/2024 2:00,10.20218441
24/08/2024 3:00,10.38748856
24/08/2024 4:00,6.08827524
24/08/2024 5:00,0
24/08/2024 6:00,0
24/08/2024 7:00,0
24/08/2024 8:00,0
24/08/2024 9:00,0
24/08/2024 10:00,0
24/08/2024 11:00,0
24/08/2024 12:00,0
24/08/2024 13:00,0
24/08/2024 14:00,0
24/08/2024 15:00,0
24/08/2024 16:00,0
24/08/2024 17:00,2.480118249
24/08/2024 18:00,10.95447315
24/08/2024 19:00,10.6107507
24/08/2024 20:00,10.61760131
24/08/2024 21:00,10.60100484
24/08/2024 22:00,10.63083352
24/08/2024 23:00,10.34056275
25/08/2024 0:00,10.38455812
25/08/2024 1:00,10.52905942
25/08/2024 2:00,10.27791447
25/08/2024 3:00,10.32847693
25/08/2024 4:00,4.108366267
25/08/2024 5:00,0
25/08/2024 6:00,0
25/08/2024 7:00,0
25/08/2024 8:00,0
25/08/2024 9:00,0
25/08/2024 10:00,0
25/08/2024 11:00,0
25/08/2024 12:00,0
25/08/2024 13:00,0
25/08/2024 14:00,0
25/08/2024 15:00,0
25/08/2024 16:00,9.223770158
25/08/2024 17:00,9.649128087
25/08/2024 18:00,10.64171682
25/08/2024 19:00,10.50666153
25/08/2024 20:00,10.38042866
25/08/2024 21:00,10.51937865
25/08/2024 22:00,10.52836952
25/08/2024 23:00,10.31934086
26/08/2024 0:00,10.2646183
26/08/2024 1:00,10.2984442
26/08/2024 2:00,10.24679166
26/08/2024 3:00,10.2270692
26/08/2024 4:00,6.613213754
26/08/2024 5:00,0
26/08/2024 6:00,0
26/08/2024 7:00,0
26/08/2024 8:00,0
26/08/2024 9:00,0
26/08/2024 10:00,0
26/08/2024 11:00,0
26/08/2024 12:00,0
26/08/2024 13:00,0
26/08/2024 14:00,0
26/08/2024 15:00,0
26/08/2024 16:00,0
26/08/2024 17:00,9.092785505
26/08/2024 18:00,10.67715119
26/08/2024 19:00,10.42968758
26/08/2024 20:00,10.3737907
26/08/2024 21:00,10.34087961
26/08/2024 22:00,10.61200486
26/08/2024 23:00,10.33602452
27/08/2024 0:00,10.24805963
27/08/2024 1:00,10.33403665
27/08/2024 2:00,10.22435116
27/08/2024 3:00,10.33048404
27/08/2024 4:00,7.673089029
27/08/2024 5:00,0
27/08/2024 6:00,0
27/08/2024 7:00,0
27/08/2024 8:00,0
27/08/2024 9:00,0
27/08/2024 10:00,0
27/08/2024 11:00,0
27/08/2024 12:00,0
27/08/2024 13:00,0
27/08/2024 14:00,0
27/08/2024 15:00,0
27/08/2024 16:00,0
27/08/2024 17:00,2.421972772
27/08/2024 18:00,10.88467247
27/08/2024 19:00,10.58321916
27/08/2024 20:00,10.44773416
27/08/2024 21:00,10.28685885
27/08/2024 22:00,10.49883182
27/08/2024 23:00,10.49217565
28/08/2024 0:00,10.43017327
28/08/2024 1:00,10.4141846
28/08/2024 2:00,10.31716456
28/08/2024 3:00,10.47032274
28/08/2024 4:00,7.133753526
28/08/2024 5:00,0
28/08/2024 6:00,0
28/08/2024 7:00,0
28/08/2024 8:00,0
28/08/2024 9:00,0
28/08/2024 10:00,0
28/08/2024 11:00,0
28/08/2024 12:00,0
28/08/2024 13:00,0
28/08/2024 14:00,0
28/08/2024 15:00,0
28/08/2024 16:00,0
28/08/2024 17:00,2.613002137
28/08/2024 18:00,10.95230327
28/08/2024 19:00,10.57709766
28/08/2024 20:00,10.55615516
28/08/2024 21:00,10.52592219
28/08/2024 22:00,10.49072161
28/08/2024 23:00,10.37302924
29/08/2024 0:00,10.38362661
29/08/2024 1:00,10.32025434
29/08/2024 2:00,10.2931652
29/08/2024 3:00,10.25120252
29/08/2024 4:00,8.980435461
29/08/2024 5:00,0
29/08/2024 6:00,0
29/08/2024 7:00,0
29/08/2024 8:00,0
29/08/2024 9:00,0
29/08/2024 10:00,0
29/08/2024 11:00,0
29/08/2024 12:00,0
29/08/2024 13:00,0
29/08/2024 14:00,0
29/08/2024 15:00,0
29/08/2024 16:00,0
29/08/2024 17:00,3.502935474
29/08/2024 18:00,10.8481045
29/08/2024 19:00,10.60308864
29/08/2024 20:00,10.55015389
29/08/2024 21:00,10.43416815
29/08/2024 22:00,10.41445336
29/08/2024 23:00,10.42830633
30/08/2024 0:00,10.31080345
30/08/2024 1:00,10.34644518
30/08/2024 2:00,10.17278049
30/08/2024 3:00,10.33292278
30/08/2024 4:00,7.462836173
30/08/2024 5:00,0
30/08/2024 6:00,0
30/08/2024 7:00,0
30/08/2024 8:00,0
30/08/2024 9:00,0
30/08/2024 10:00,0
30/08/2024 11:00,0
30/08/2024 12:00,0
30/08/2024 13:00,0
30/08/2024 14:00,0
30/08/2024 15:00,0
30/08/2024 16:00,0
30/08/2024 17:00,6.713963439
30/08/2024 18:00,10.79461165
30/08/2024 19:00,10.58836448
30/08/2024 20:00,10.56317723
30/08/2024 21:00,10.50531445
30/08/2024 22:00,10.42377243
30/08/2024 23:00,10.34951083
31/08/2024 0:00,10.23478377
31/08/2024 1:00,10.19280168
31/08/2024 2:00,10.23017709
31/08/2024 3:00,10.25482655
31/08/2024 4:00,7.867629392
31/08/2024 5:00,0
31/08/2024 6:00,0
31/08/2024 7:00,0
31/08/2024 8:00,0
31/08/2024 9:00,0
31/08/2024 10:00,0
31/08/2024 11:00,0
31/08/2024 12:00,0
31/08/2024 13:00,0
31/08/2024 14:00,0
31/08/2024 15:00,0
31/08/2024 16:00,0
31/08/2024 17:00,3.885929065
31/08/2024 18:00,10.82197352
31/08/2024 19:00,10.58752552
31/08/2024 20:00,10.47586474
31/08/2024 21:00,10.46762445
31/08/2024 22:00,10.4675409
31/08/2024 23:00,10.2823633
01/09/2024 0:00,10.23882168
01/09/2024 1:00,10.29260332
01/09/2024 2:00,10.24734051
01/09/2024 3:00,10.34940699
01/09/2024 4:00,6.81710955
01/09/2024 5:00,0
01/09/2024 6:00,0
01/09/2024 7:00,0
01/09/2024 8:00,0
01/09/2024 9:00,0
01/09/2024 10:00,0
01/09/2024 11:00,0
01/09/2024 12:00,0
01/09/2024 13:00,0
01/09/2024 14:00,0
01/09/2024 15:00,0
01/09/2024 16:00,0
01/09/2024 17:00,4.423976162
01/09/2024 18:00,10.75935388
01/09/2024 19:00,10.52442738
01/09/2024 20:00,10.53777449
01/09/2024 21:00,10.40266378
01/09/2024 22:00,10.36936768
01/09/2024 23:00,10.37886628
02/09/2024 0:00,10.33110763
02/09/2024 1:00,10.34468913
02/09/2024 2:00,10.23550478
02/09/2024 3:00,10.25536079
02/09/2024 4:00,7.866800532
02/09/2024 5:00,0
02/09/2024 6:00,0
02/09/2024 7:00,0
02/09/2024 8:00,0
02/09/2024 9:00,0
02/09/2024 10:00,0
02/09/2024 11:00,0
02/09/2024 12:00,0
02/09/2024 13:00,0
02/09/2024 14:00,0
02/09/2024 15:00,0
02/09/2024 16:00,0
02/09/2024 17:00,4.493446176
02/09/2024 18:00,10.75161522
02/09/2024 19:00,10.44600139
02/09/2024 20:00,10.67783253
02/09/2024 21:00,10.50832823
02/09/2024 22:00,10.5184694
02/09/2024 23:00,10.49110046
03/09/2024 0:00,10.55769426
03/09/2024 1:00,10.39462115
03/09/2024 2:00,10.30830057
03/09/2024 3:00,10.42714612
03/09/2024 4:00,7.905277087
03/09/2024 5:00,0
03/09/2024 6:00,0
03/09/2024 7:00,0
03/09/2024 8:00,0
03/09/2024 9:00,0
03/09/2024 10:00,0
03/09/2024 11:00,0
03/09/2024 12:00,0
03/09/2024 13:00,0
03/09/2024 14:00,0
03/09/2024 15:00,0
03/09/2024 16:00,0
03/09/2024 17:00,4.220376791
03/09/2024 18:00,10.88439816
03/09/2024 19:00,10.57556609
03/09/2024 20:00,10.47624313
03/09/2024 21:00,10.32069884
03/09/2024 22:00,10.46747022
03/09/2024 23:00,10.37328728
04/09/2024 0:00,10.3561931
04/09/2024 1:00,10.37973374
04/09/2024 2:00,10.35006291
04/09/2024 3:00,10.54255
04/09/2024 4:00,8.606791604
04/09/2024 5:00,0
04/09/2024 6:00,0
04/09/2024 7:00,0
04/09/2024 8:00,0
04/09/2024 9:00,0
04/09/2024 10:00,0
04/09/2024 11:00,0
04/09/2024 12:00,0
04/09/2024 13:00,0
04/09/2024 14:00,0
04/09/2024 15:00,0
04/09/2024 16:00,0
04/09/2024 17:00,7.181271909
04/09/2024 18:00,10.66685877
04/09/2024 19:00,10.4974831
04/09/2024 20:00,10.42575297
04/09/2024 21:00,10.22463536
04/09/2024 22:00,10.48014032
04/09/2024 23:00,10.27653593
05/09/2024 0:00,10.17070556
05/09/2024 1:00,10.10037083
05/09/2024 2:00,10.31125738
05/09/2024 3:00,10.43534357
05/09/2024 4:00,9.063411208
05/09/2024 5:00,0
05/09/2024 6:00,0
05/09/2024 7:00,0
05/09/2024 8:00,0
05/09/2024 9:00,0
05/09/2024 10:00,0
05/09/2024 11:00,0
05/09/2024 12:00,0
05/09/2024 13:00,0
05/09/2024 14:00,0
05/09/2024 15:00,0
05/09/2024 16:00,0
05/09/2024 17:00,7.669727274
05/09/2024 18:00,10.61173175
05/09/2024 19:00,10.38992785
05/09/2024 20:00,10.3757912
05/09/2024 21:00,10.45819931
05/09/2024 22:00,10.35303746
05/09/2024 23:00,10.30497115
06/09/2024 0:00,10.33810955
06/09/2024 1:00,10.24381225
06/09/2024 2:00,10.29434804
06/09/2024 3:00,10.45485111
06/09/2024 4:00,10.47849535
06/09/2024 5:00,1.192739456
06/09/2024 6:00,0
06/09/2024 7:00,0
06/09/2024 8:00,0
06/09/2024 9:00,0
06/09/2024 10:00,0
06/09/2024 11:00,0
06/09/2024 12:00,0
06/09/2024 13:00,0
06/09/2024 14:00,0
06/09/2024 15:00,0
06/09/2024 16:00,0
06/09/2024 17:00,6.497494872
06/09/2024 18:00,10.67355842
06/09/2024 19:00,10.51157514
06/09/2024 20:00,10.56407999
06/09/2024 21:00,10.4947257
06/09/2024 22:00,10.38144616
06/09/2024 23:00,10.39307699
07/09/2024 0:00,10.19281266
07/09/2024 1:00,10.19049114
07/09/2024 2:00,10.15079539
07/09/2024 3:00,10.20007051
07/09/2024 4:00,8.825132585
07/09/2024 5:00,0
07/09/2024 6:00,0
07/09/2024 7:00,0
07/09/2024 8:00,0
07/09/2024 9:00,0
07/09/2024 10:00,0
07/09/2024 11:00,0
07/09/2024 12:00,0
07/09/2024 13:00,0
07/09/2024 14:00,0
07/09/2024 15:00,0
07/09/2024 16:00,0
07/09/2024 17:00,7.086062562
07/09/2024 18:00,10.8619852
07/09/2024 19:00,10.49957662
07/09/2024 20:00,10.47733769
07/09/2024 21:00,10.49701659
07/09/2024 22:00,10.28130464
07/09/2024 23:00,10.22079013
08/09/2024 0:00,10.33787009
08/09/2024 1:00,10.1667471
08/09/2024 2:00,10.17288527
08/09/2024 3:00,10.1949034
08/09/2024 4:00,8.816694968
08/09/2024 5:00,0
08/09/2024 6:00,0
08/09/2024 7:00,0
08/09/2024 8:00,0
08/09/2024 9:00,0
08/09/2024 10:00,0
08/09/2024 11:00,0
08/09/2024 12:00,0
08/09/2024 13:00,0
08/09/2024 14:00,0
08/09/2024 15:00,0
08/09/2024 16:00,3.568899193
08/09/2024 17:00,10.87798171
08/09/2024 18:00,10.54625338
08/09/2024 19:00,10.36070665
08/09/2024 20:00,10.30688903
08/09/2024 21:00,10.34464354
08/09/2024 22:00,10.34119897
08/09/2024 23:00,10.16869903
09/09/2024 0:00,10.14972421
09/09/2024 1:00,10.25238941
09/09/2024 2:00,10.21516213
09/09/2024 3:00,10.26412936
09/09/2024 4:00,10.5548439
09/09/2024 5:00,6.652516636
09/09/2024 6:00,0
09/09/2024 7:00,0
09/09/2024 8:00,0
09/09/2024 9:00,0
09/09/2024 10:00,0
09/09/2024 11:00,0
09/09/2024 12:00,0
09/09/2024 13:00,0
09/09/2024 14:00,0
09/09/2024 15:00,0
09/09/2024 16:00,1.670280479
09/09/2024 17:00,10.96980282
09/09/2024 18:00,10.69789084
09/09/2024 19:00,10.62433024
09/09/2024 20:00,10.61856232
09/09/2024 21:00,10.4029381
09/09/2024 22:00,10.38529627
09/09/2024 23:00,10.39408591
10/09/2024 0:00,10.29259709
10/09/2024 1:00,10.28686619
10/09/2024 2:00,10.25923129
10/09/2024 3:00,10.42285309
10/09/2024 4:00,10.13927177
10/09/2024 5:00,0
10/09/2024 6:00,0
10/09/2024 7:00,0
10/09/2024 8:00,0
10/09/2024 9:00,0
10/09/2024 10:00,0
10/09/2024 11:00,0
10/09/2024 12:00,0
10/09/2024 13:00,0
10/09/2024 14:00,0
10/09/2024 15:00,0
10/09/2024 16:00,0.132980279
10/09/2024 17:00,11.08723098
10/09/2024 18:00,10.73988379
10/09/2024 19:00,10.51865059
10/09/2024 20:00,10.46426926
10/09/2024 21:00,10.49164081
10/09/2024 22:00,10.59730077
10/09/2024 23:00,10.36294337
11/09/2024 0:00,10.24699349
11/09/2024 1:00,10.20558827
11/09/2024 2:00,10.25022498
11/09/2024 3:00,10.4429264
11/09/2024 4:00,10.48060421
11/09/2024 5:00,3.327686194
11/09/2024 6:00,0
11/09/2024 7:00,0
11/09/2024 8:00,0
11/09/2024 9:00,0
11/09/2024 10:00,0
11/09/2024 11:00,0
11/09/2024 12:00,0
11/09/2024 13:00,0
11/09/2024 14:00,0
11/09/2024 15:00,0
11/09/2024 16:00,0.976354857
11/09/2024 17:00,11.06430437
11/09/2024 18:00,10.64622902
11/09/2024 19:00,10.53469978
11/09/2024 20:00,10.47967796
11/09/2024 21:00,10.62675355
11/09/2024 22:00,10.60628957
11/09/2024 23:00,10.40297241
12/09/2024 0:00,10.27997969
12/09/2024 1:00,10.25381253
12/09/2024 2:00,10.28845763
12/09/2024 3:00,10.43583514
12/09/2024 4:00,10.40833217
12/09/2024 5:00,4.4989009
12/09/2024 6:00,0
12/09/2024 7:00,0
12/09/2024 8:00,0
12/09/2024 9:00,0
12/09/2024 10:00,0
12/09/2024 11:00,0
12/09/2024 12:00,0
12/09/2024 13:00,0
12/09/2024 14:00,0
12/09/2024 15:00,0
12/09/2024 16:00,7.037023281
12/09/2024 17:00,10.83993359
12/09/2024 18:00,10.66871866
12/09/2024 19:00,10.51132856
12/09/2024 20:00,10.46108277
12/09/2024 21:00,10.43419238
12/09/2024 22:00,10.39954204
12/09/2024 23:00,10.36190056
13/09/2024 0:00,10.25752832
13/09/2024 1:00,10.25215525
13/09/2024 2:00,10.23476555
13/09/2024 3:00,10.25030277
13/09/2024 4:00,10.24248466
13/09/2024 5:00,6.393158617
13/09/2024 6:00,0
13/09/2024 7:00,0
13/09/2024 8:00,0
13/09/2024 9:00,0
13/09/2024 10:00,0
13/09/2024 11:00,0
13/09/2024 12:00,0
13/09/2024 13:00,0
13/09/2024 14:00,0
13/09/2024 15:00,0
13/09/2024 16:00,4.522873215
13/09/2024 17:00,10.91759579
13/09/2024 18:00,10.46112839
13/09/2024 19:00,10.44719729
13/09/2024 20:00,10.36575564
13/09/2024 21:00,10.38587173
13/09/2024 22:00,10.37855598
13/09/2024 23:00,10.25123553
14/09/2024 0:00,10.30753601
14/09/2024 1:00,10.26604597
14/09/2024 2:00,10.23082551
14/09/2024 3:00,10.34907414
14/09/2024 4:00,10.31056746
14/09/2024 5:00,10.28896674
14/09/2024 6:00,1.327248806
14/09/2024 7:00,0
14/09/2024 8:00,0
14/09/2024 9:00,0
14/09/2024 10:00,0
14/09/2024 11:00,0
14/09/2024 12:00,0
14/09/2024 13:00,0
14/09/2024 14:00,1.939075126
14/09/2024 15:00,10.08292394
14/09/2024 16:00,10.68436127
14/09/2024 17:00,10.5269125
14/09/2024 18:00,10.50629816
14/09/2024 19:00,10.23514757
14/09/2024 20:00,10.14147866
14/09/2024 21:00,10.22224156
14/09/2024 22:00,10.18078479
14/09/2024 23:00,10.28984045
15/09/2024 0:00,10.2635431
15/09/2024 1:00,10.15132574
15/09/2024 2:00,10.13704966
15/09/2024 3:00,10.29559031
15/09/2024 4:00,10.28039285
15/09/2024 5:00,5.177464416
15/09/2024 6:00,0
15/09/2024 7:00,0
15/09/2024 8:00,0
15/09/2024 9:00,0
15/09/2024 10:00,0
15/09/2024 11:00,0
15/09/2024 12:00,0
15/09/2024 13:00,0
15/09/2024 14:00,0
15/09/2024 15:00,0.523569516
15/09/2024 16:00,11.07415764
15/09/2024 17:00,10.6703461
15/09/2024 18:00,10.44036867
15/09/2024 19:00,10.29664191
15/09/2024 20:00,10.48056834
15/09/2024 21:00,10.24158569
15/09/2024 22:00,10.24466221
15/09/2024 23:00,10.121577
16/09/2024 0:00,10.10569742
16/09/2024 1:00,10.02573507
16/09/2024 2:00,10.12227548
16/09/2024 3:00,10.23195833
16/09/2024 4:00,10.19914895
16/09/2024 5:00,9.741824063
16/09/2024 6:00,0
16/09/2024 7:00,0
16/09/2024 8:00,0
16/09/2024 9:00,0
16/09/2024 10:00,0
16/09/2024 11:00,0
16/09/2024 12:00,0
16/09/2024 13:00,0
16/09/2024 14:00,4.12830252
16/09/2024 15:00,10.76313101
16/09/2024 16:00,10.66907008
16/09/2024 17:00,10.3861142
16/09/2024 18:00,10.31729705
16/09/2024 19:00,10.27458233
16/09/2024 20:00,10.36034299
16/09/2024 21:00,10.24860705
16/09/2024 22:00,10.42510144
16/09/2024 23:00,10.32501255
17/09/2024 0:00,10.28382547
17/09/2024 1:00,10.24743587
17/09/2024 2:00,10.25778972
17/09/2024 3:00,10.40020463
17/09/2024 4:00,10.42928486
17/09/2024 5:00,8.364917322
17/09/2024 6:00,0
17/09/2024 7:00,0
17/09/2024 8:00,0
17/09/2024 9:00,0
17/09/2024 10:00,0
17/09/2024 11:00,0
17/09/2024 12:00,0
17/09/2024 13:00,0
17/09/2024 14:00,0
17/09/2024 15:00,0
17/09/2024 16:00,3.239065829
17/09/2024 17:00,10.81170062
17/09/2024 18:00,10.69464032
17/09/2024 19:00,10.54682047
17/09/2024 20:00,10.31485698
17/09/2024 21:00,10.42271491
17/09/2024 22:00,10.4298944
17/09/2024 23:00,10.42894345
18/09/2024 0:00,10.13522898
18/09/2024 1:00,10.08760771
18/09/2024 2:00,10.27136404
18/09/2024 3:00,10.36235092
18/09/2024 4:00,10.40228481
18/09/2024 5:00,5.205067843
18/09/2024 6:00,0
18/09/2024 7:00,0
18/09/2024 8:00,0
18/09/2024 9:00,0
18/09/2024 10:00,0
18/09/2024 11:00,0
18/09/2024 12:00,0
18/09/2024 13:00,0
18/09/2024 14:00,0
18/09/2024 15:00,0
18/09/2024 16:00,0
18/09/2024 17:00,10.2464673
18/09/2024 18:00,10.67317658
18/09/2024 19:00,10.6937519
18/09/2024 20:00,10.43705816
18/09/2024 21:00,10.38412316
18/09/2024 22:00,10.38000496
18/09/2024 23:00,10.35905682
19/09/2024 0:00,10.29737325
19/09/2024 1:00,10.22410054
19/09/2024 2:00,10.1642886
19/09/2024 3:00,10.37122892
19/09/2024 4:00,10.43864594
19/09/2024 5:00,1.48426602
19/09/2024 6:00,0
19/09/2024 7:00,0
19/09/2024 8:00,0
19/09/2024 9:00,0
19/09/2024 10:00,0
19/09/2024 11:00,0
19/09/2024 12:00,0
19/09/2024 13:00,0
19/09/2024 14:00,0
19/09/2024 15:00,0
19/09/2024 16:00,0
19/09/2024 17:00,10.74563879
19/09/2024 18:00,10.60607708
19/09/2024 19:00,10.43108034
19/09/2024 20:00,10.40978102
19/09/2024 21:00,10.40903942
19/09/2024 22:00,10.40029952
19/09/2024 23:00,10.37302084
20/09/2024 0:00,10.321901
20/09/2024 1:00,10.27713337
20/09/2024 2:00,10.2750679
20/09/2024 3:00,10.3500521
20/09/2024 4:00,10.33935117
20/09/2024 5:00,1.7087076
20/09/2024 6:00,0
20/09/2024 7:00,0
20/09/2024 8:00,0
20/09/2024 9:00,0
20/09/2024 10:00,0
20/09/2024 11:00,0
20/09/2024 12:00,0
20/09/2024 13:00,0
20/09/2024 14:00,0
20/09/2024 15:00,0
20/09/2024 16:00,0.198857861
20/09/2024 17:00,10.94031432
20/09/2024 18:00,10.59366432
20/09/2024 19:00,10.42465683
20/09/2024 20:00,10.47878688
20/09/2024 21:00,10.39777981
20/09/2024 22:00,10.27408623
20/09/2024 23:00,10.21614264
21/09/2024 0:00,10.1549355
21/09/2024 1:00,10.14921829
21/09/2024 2:00,10.08285049
21/09/2024 3:00,10.23198153
21/09/2024 4:00,10.47741254
21/09/2024 5:00,1.73661935
21/09/2024 6:00,0
21/09/2024 7:00,0
21/09/2024 8:00,0
21/09/2024 9:00,0
21/09/2024 10:00,0
21/09/2024 11:00,0
21/09/2024 12:00,0
21/09/2024 13:00,0
21/09/2024 14:00,0
21/09/2024 15:00,0
21/09/2024 16:00,1.084656477
21/09/2024 17:00,10.97036084
21/09/2024 18:00,10.70280302
21/09/2024 19:00,10.60464938
21/09/2024 20:00,10.61044139
21/09/2024 21:00,10.35666776
21/09/2024 22:00,10.32331816
21/09/2024 23:00,10.33061235
22/09/2024 0:00,10.23201903
22/09/2024 1:00,10.16078753
22/09/2024 2:00,10.15297549
22/09/2024 3:00,10.51896943
22/09/2024 4:00,10.46704582
22/09/2024 5:00,1.572443672
22/09/2024 6:00,0
22/09/2024 7:00,0
22/09/2024 8:00,0
22/09/2024 9:00,0
22/09/2024 10:00,0
22/09/2024 11:00,0
22/09/2024 12:00,0
22/09/2024 13:00,0
22/09/2024 14:00,0
22/09/2024 15:00,0
22/09/2024 16:00,1.5282185
22/09/2024 17:00,10.96665805
22/09/2024 18:00,10.64999647
22/09/2024 19:00,10.47817208
22/09/2024 20:00,10.43619204
22/09/2024 21:00,10.40817698
22/09/2024 22:00,10.4142992
22/09/2024 23:00,10.36832179
23/09/2024 0:00,10.33100622
23/09/2024 1:00,10.26841799
23/09/2024 2:00,10.20056412
23/09/2024 3:00,10.30151074
23/09/2024 4:00,10.42188501
23/09/2024 5:00,2.770107539
23/09/2024 6:00,0
23/09/2024 7:00,0
23/09/2024 8:00,0
23/09/2024 9:00,0
23/09/2024 10:00,0
23/09/2024 11:00,0
23/09/2024 12:00,0
23/09/2024 13:00,0
23/09/2024 14:00,0
23/09/2024 15:00,0
23/09/2024 16:00,1.641924753
23/09/2024 17:00,10.92404689
23/09/2024 18:00,10.55647818
23/09/2024 19:00,10.44596841
23/09/2024 20:00,10.21422883
23/09/2024 21:00,10.27779186
23/09/2024 22:00,10.38929003
23/09/2024 23:00,10.33973369
24/09/2024 0:00,10.26278558
24/09/2024 1:00,10.02282509
24/09/2024 2:00,9.969897076
24/09/2024 3:00,10.21067759
24/09/2024 4:00,10.16167734
24/09/2024 5:00,6.119431848
24/09/2024 6:00,0
24/09/2024 7:00,0
24/09/2024 8:00,0
24/09/2024 9:00,0
24/09/2024 10:00,0
24/09/2024 11:00,0
24/09/2024 12:00,0
24/09/2024 13:00,0
24/09/2024 14:00,0
24/09/2024 15:00,0
24/09/2024 16:00,0.391578866
24/09/2024 17:00,11.01076449
24/09/2024 18:00,10.61104683
24/09/2024 19:00,10.55030595
24/09/2024 20:00,10.55745924
24/09/2024 21:00,10.35531614
24/09/2024 22:00,10.36446795
24/09/2024 23:00,10.30976938
25/09/2024 0:00,10.33043007
25/09/2024 1:00,10.30270931
25/09/2024 2:00,10.27049403
25/09/2024 3:00,10.3556094
25/09/2024 4:00,10.36404604
25/09/2024 5:00,3.322704592
25/09/2024 6:00,0
25/09/2024 7:00,0
25/09/2024 8:00,0
25/09/2024 9:00,0
25/09/2024 10:00,0
25/09/2024 11:00,0
25/09/2024 12:00,0
25/09/2024 13:00,0
25/09/2024 14:00,0
25/09/2024 15:00,0
25/09/2024 16:00,3.5038895
25/09/2024 17:00,10.98189229
25/09/2024 18:00,10.74196548
25/09/2024 19:00,10.52724748
25/09/2024 20:00,10.442286
25/09/2024 21:00,10.54753332
25/09/2024 22:00,10.44493529
25/09/2024 23:00,10.30322084
26/09/2024 0:00,10.27724577
26/09/2024 1:00,10.2343572
26/09/2024 2:00,10.19070486
26/09/2024 3:00,10.07122076
26/09/2024 4:00,10.23725451
26/09/2024 5:00,7.483874222
26/09/2024 6:00,0
26/09/2024 7:00,0
26/09/2024 8:00,0
26/09/2024 9:00,0
26/09/2024 10:00,0
26/09/2024 11:00,0
26/09/2024 12:00,0
26/09/2024 13:00,0
26/09/2024 14:00,0
26/09/2024 15:00,0
26/09/2024 16:00,3.811893252
26/09/2024 17:00,10.87763633
26/09/2024 18:00,10.64114417
26/09/2024 19:00,10.45651847
26/09/2024 20:00,10.45761711
26/09/2024 21:00,10.53270915
26/09/2024 22:00,10.54386061
26/09/2024 23:00,10.44368259
27/09/2024 0:00,10.39726645
27/09/2024 1:00,10.31467047
27/09/2024 2:00,10.31878513
27/09/2024 3:00,10.15670204
27/09/2024 4:00,10.46019125
27/09/2024 5:00,3.798621258
27/09/2024 6:00,0
27/09/2024 7:00,0
27/09/2024 8:00,0
27/09/2024 9:00,0
27/09/2024 10:00,0
27/09/2024 11:00,0
27/09/2024 12:00,0
27/09/2024 13:00,1.631757693
27/09/2024 14:00,3.085457489
27/09/2024 15:00,2.853029075
27/09/2024 16:00,10.92839861
27/09/2024 17:00,10.52528276
27/09/2024 18:00,10.42259711
27/09/2024 19:00,10.4772552
27/09/2024 20:00,10.38104693
27/09/2024 21:00,10.33997053
27/09/2024 22:00,10.4672165
27/09/2024 23:00,10.38733985
28/09/2024 0:00,10.33602148
28/09/2024 1:00,10.127985
28/09/2024 2:00,10.06240789
28/09/2024 3:00,10.37340316
28/09/2024 4:00,10.21943418
28/09/2024 5:00,5.263163421
28/09/2024 6:00,0
28/09/2024 7:00,0
28/09/2024 8:00,0
28/09/2024 9:00,0
28/09/2024 10:00,0
28/09/2024 11:00,0
28/09/2024 12:00,0
28/09/2024 13:00,0
28/09/2024 14:00,0
28/09/2024 15:00,0
28/09/2024 16:00,3.121600297
28/09/2024 17:00,10.94589808
28/09/2024 18:00,10.67415682
28/09/2024 19:00,10.78620445
28/09/2024 20:00,10.45872325
28/09/2024 21:00,10.4516902
28/09/2024 22:00,10.26963179
28/09/2024 23:00,10.34979234
29/09/2024 0:00,10.33263834
29/09/2024 1:00,10.22649505
29/09/2024 2:00,10.45486433
29/09/2024 3:00,10.56712741
29/09/2024 4:00,10.40744745
29/09/2024 5:00,4.53432238
29/09/2024 6:00,0
29/09/2024 7:00,0
29/09/2024 8:00,0
29/09/2024 9:00,0
29/09/2024 10:00,0
29/09/2024 11:00,0
29/09/2024 12:00,0
29/09/2024 13:00,0
29/09/2024 14:00,0
29/09/2024 15:00,0
29/09/2024 16:00,4.607138327
29/09/2024 17:00,10.9501203
29/09/2024 18:00,10.75627445
29/09/2024 19:00,10.67523687
29/09/2024 20:00,10.5426673
29/09/2024 21:00,10.31467586
29/09/2024 22:00,10.26088653
29/09/2024 23:00,10.19174987
30/09/2024 0:00,10.13736882
30/09/2024 1:00,10.09236963
30/09/2024 2:00,10.08254026
30/09/2024 3:00,10.27678222
30/09/2024 4:00,10.42214674
30/09/2024 5:00,5.720656404
30/09/2024 6:00,0
30/09/2024 7:00,0
30/09/2024 8:00,0
30/09/2024 9:00,0
30/09/2024 10:00,0
30/09/2024 11:00,0
30/09/2024 12:00,0
30/09/2024 13:00,0
30/09/2024 14:00,0
30/09/2024 15:00,0
30/09/2024 16:00,6.511137763
30/09/2024 17:00,10.6223995
30/09/2024 18:00,10.45087795
30/09/2024 19:00,10.22119259
30/09/2024 20:00,10.23236307
30/09/2024 21:00,10.2107635
30/09/2024 22:00,10.27813499
30/09/2024 23:00,10.24157144
01/10/2024 0:00,10.20287416
01/10/2024 1:00,10.2005778
01/10/2024 2:00,10.12864983
01/10/2024 3:00,10.20041545
01/10/2024 4:00,10.19566198
01/10/2024 5:00,9.315632294
01/10/2024 6:00,0
01/10/2024 7:00,0
01/10/2024 8:00,0
01/10/2024 9:00,0
01/10/2024 10:00,0
01/10/2024 11:00,0
01/10/2024 12:00,0
01/10/2024 13:00,0
01/10/2024 14:00,0
01/10/2024 15:00,0
01/10/2024 16:00,9.040958287
01/10/2024 17:00,10.83932304
01/10/2024 18:00,10.63297661
01/10/2024 19:00,10.55259886
01/10/2024 20:00,10.31868182
01/10/2024 21:00,10.34037062
01/10/2024 22:00,10.367873
01/10/2024 23:00,10.29765302
02/10/2024 0:00,10.19942357
02/10/2024 1:00,10.17397902
02/10/2024 2:00,10.14543455
02/10/2024 3:00,10.22056502
02/10/2024 4:00,10.20068941
02/10/2024 5:00,7.358021883
02/10/2024 6:00,0
02/10/2024 7:00,0
02/10/2024 8:00,0
02/10/2024 9:00,0
02/10/2024 10:00,0
02/10/2024 11:00,0
02/10/2024 12:00,0
02/10/2024 13:00,0
02/10/2024 14:00,0
02/10/2024 15:00,0
02/10/2024 16:00,8.611998457
02/10/2024 17:00,10.66534268
02/10/2024 18:00,10.44497989
02/10/2024 19:00,10.33461175
02/10/2024 20:00,10.2530767
02/10/2024 21:00,10.29154873
02/10/2024 22:00,10.27629852
02/10/2024 23:00,10.18363051
03/10/2024 0:00,10.12692103
03/10/2024 1:00,10.12315758
03/10/2024 2:00,10.27098834
03/10/2024 3:00,10.32395701
03/10/2024 4:00,10.25608734
03/10/2024 5:00,6.848144353
03/10/2024 6:00,0
03/10/2024 7:00,0
03/10/2024 8:00,0
03/10/2024 9:00,0
03/10/2024 10:00,0
03/10/2024 11:00,0
03/10/2024 12:00,0
03/10/2024 13:00,0
03/10/2024 14:00,0
03/10/2024 15:00,0
03/10/2024 16:00,9.422123245
03/10/2024 17:00,10.57278269
03/10/2024 18:00,10.33532566
03/10/2024 19:00,10.31742075
03/10/2024 20:00,10.27598201
03/10/2024 21:00,10.24980986
03/10/2024 22:00,10.19112891
03/10/2024 23:00,10.13662911
04/10/2024 0:00,10.14657273
04/10/2024 1:00,10.13279098
04/10/2024 2:00,10.15235519
04/10/2024 3:00,10.25273098
04/10/2024 4:00,10.07718322
04/10/2024 5:00,10.11500994
04/10/2024 6:00,3.846627163
04/10/2024 7:00,0
04/10/2024 8:00,0
04/10/2024 9:00,0
04/10/2024 10:00,0
04/10/2024 11:00,0
04/10/2024 12:00,0
04/10/2024 13:00,0
04/10/2024 14:00,0
04/10/2024 15:00,0
04/10/2024 16:00,10.00728782
04/10/2024 17:00,10.72690696
04/10/2024 18:00,10.58080023
04/10/2024 19:00,10.5717667
04/10/2024 20:00,10.46696264
04/10/2024 21:00,10.47332327
04/10/2024 22:00,10.35885418
04/10/2024 23:00,10.38788361
05/10/2024 0:00,10.27539534
05/10/2024 1:00,10.29460699
05/10/2024 2:00,10.33427909
05/10/2024 3:00,10.37249856
05/10/2024 4:00,10.24116596
05/10/2024 5:00,8.206111131
05/10/2024 6:00,0
05/10/2024 7:00,0
05/10/2024 8:00,0
05/10/2024 9:00,0
05/10/2024 10:00,0
05/10/2024 11:00,0
05/10/2024 12:00,0
05/10/2024 13:00,0
05/10/2024 14:00,0
05/10/2024 15:00,0.192718317
05/10/2024 16:00,11.1197416
05/10/2024 17:00,10.68719697
05/10/2024 18:00,10.60651844
05/10/2024 19:00,10.38021918
05/10/2024 20:00,10.33387468
05/10/2024 21:00,10.25246126
05/10/2024 22:00,10.27422067
05/10/2024 23:00,10.23550107
06/10/2024 0:00,10.20016482
06/10/2024 1:00,10.27601819
06/10/2024 2:00,10.21919021
06/10/2024 3:00,10.28445437
06/10/2024 4:00,10.21150297
06/10/2024 5:00,7.248508323
06/10/2024 6:00,0
06/10/2024 7:00,0
06/10/2024 8:00,0
06/10/2024 9:00,0
06/10/2024 10:00,0
06/10/2024 11:00,0
06/10/2024 12:00,0
06/10/2024 13:00,0
06/10/2024 14:00,0
06/10/2024 15:00,0
06/10/2024 16:00,6.203075139
06/10/2024 17:00,10.79077724
06/10/2024 18:00,10.57454991
06/10/2024 19:00,10.44863201
06/10/2024 20:00,10.41475532
06/10/2024 21:00,10.54084968
06/10/2024 22:00,10.65970981
06/10/2024 23:00,10.52578727
07/10/2024 0:00,10.37782675
07/10/2024 1:00,10.27288324
07/10/2024 2:00,10.22896579
07/10/2024 3:00,10.34923796
07/10/2024 4:00,10.39727581
07/10/2024 5:00,8.367067237
07/10/2024 6:00,0
07/10/2024 7:00,0
07/10/2024 8:00,0
07/10/2024 9:00,0
07/10/2024 10:00,0
07/10/2024 11:00,0
07/10/2024 12:00,0
07/10/2024 13:00,0
07/10/2024 14:00,0
07/10/2024 15:00,0
07/10/2024 16:00,7.535312004
07/10/2024 17:00,10.67068191
07/10/2024 18:00,10.43336757
07/10/2024 19:00,10.3246598
07/10/2024 20:00,10.28581877
07/10/2024 21:00,10.31405059
07/10/2024 22:00,10.30166706
07/10/2024 23:00,10.18977724
08/10/2024 0:00,10.2187948
08/10/2024 1:00,10.22938747
08/10/2024 2:00,10.22802157
08/10/2024 3:00,10.2784653
08/10/2024 4:00,10.22370757
08/10/2024 5:00,6.346632172
08/10/2024 6:00,0
08/10/2024 7:00,0
08/10/2024 8:00,0
08/10/2024 9:00,0
08/10/2024 10:00,0
08/10/2024 11:00,0
08/10/2024 12:00,0
08/10/2024 13:00,0
08/10/2024 14:00,0.803563459
08/10/2024 15:00,11.05461042
08/10/2024 16:00,10.72020011
08/10/2024 17:00,10.51017759
08/10/2024 18:00,10.48273303
08/10/2024 19:00,10.23276036
08/10/2024 20:00,10.24391013
08/10/2024 21:00,10.26380518
08/10/2024 22:00,10.25440847
08/10/2024 23:00,10.21675765
09/10/2024 0:00,10.21054393
09/10/2024 1:00,10.19515476
09/10/2024 2:00,10.19960091
09/10/2024 3:00,10.21384643
09/10/2024 4:00,10.20782535
09/10/2024 5:00,9.008683457
09/10/2024 6:00,0
09/10/2024 7:00,0
09/10/2024 8:00,0
09/10/2024 9:00,0
09/10/2024 10:00,0
09/10/2024 11:00,0
09/10/2024 12:00,0
09/10/2024 13:00,0
09/10/2024 14:00,0
09/10/2024 15:00,0
09/10/2024 16:00,8.722981839
09/10/2024 17:00,10.79144293
09/10/2024 18:00,10.57876168
09/10/2024 19:00,10.37259861
09/10/2024 20:00,10.29786889
09/10/2024 21:00,10.29353884
09/10/2024 22:00,10.25116531
09/10/2024 23:00,10.30092686
10/10/2024 0:00,10.17678654
10/10/2024 1:00,10.28169664
10/10/2024 2:00,10.11835107
10/10/2024 3:00,10.32533244
10/10/2024 4:00,10.24081618
10/10/2024 5:00,8.703391263
10/10/2024 6:00,0
10/10/2024 7:00,0
10/10/2024 8:00,0
10/10/2024 9:00,0
10/10/2024 10:00,0
10/10/2024 11:00,0
10/10/2024 12:00,0
10/10/2024 13:00,0
10/10/2024 14:00,0
10/10/2024 15:00,2.652572356
10/10/2024 16:00,10.63698078
10/10/2024 17:00,10.47405349
10/10/2024 18:00,10.20687882
10/10/2024 19:00,10.23161365
10/10/2024 20:00,10.16964691
10/10/2024 21:00,10.21238717
10/10/2024 22:00,10.31441586
10/10/2024 23:00,10.31133879
11/10/2024 0:00,10.23178864
11/10/2024 1:00,10.20240347
11/10/2024 2:00,10.19164957
11/10/2024 3:00,10.214358
11/10/2024 4:00,10.13801689
11/10/2024 5:00,7.985751093
11/10/2024 6:00,0
11/10/2024 7:00,0
11/10/2024 8:00,0
11/10/2024 9:00,0
11/10/2024 10:00,0
11/10/2024 11:00,0
11/10/2024 12:00,0
11/10/2024 13:00,0
11/10/2024 14:00,0
11/10/2024 15:00,0
11/10/2024 16:00,8.7732532
11/10/2024 17:00,10.63545146
11/10/2024 18:00,10.58475349
11/10/2024 19:00,10.4799951
11/10/2024 20:00,10.31594625
11/10/2024 21:00,10.30383311
11/10/2024 22:00,10.36209469
11/10/2024 23:00,10.32659035
12/10/2024 0:00,10.2431464
12/10/2024 1:00,10.18607604
12/10/2024 2:00,10.25165135
12/10/2024 3:00,10.28068919
12/10/2024 4:00,10.17984724
12/10/2024 5:00,7.212999556
12/10/2024 6:00,0
12/10/2024 7:00,0
12/10/2024 8:00,0
12/10/2024 9:00,0
12/10/2024 10:00,0
12/10/2024 11:00,0
12/10/2024 12:00,0
12/10/2024 13:00,0
12/10/2024 14:00,0
12/10/2024 15:00,0
12/10/2024 16:00,10.38427419
12/10/2024 17:00,10.72666975
12/10/2024 18:00,10.69236567
12/10/2024 19:00,10.51487323
12/10/2024 20:00,10.46195671
12/10/2024 21:00,10.47691071
12/10/2024 22:00,10.44652483
12/10/2024 23:00,10.13329296
13/10/2024 0:00,10.09532723
13/10/2024 1:00,10.1305821
13/10/2024 2:00,10.13754801
13/10/2024 3:00,10.43154116
13/10/2024 4:00,10.31158406
13/10/2024 5:00,9.401216382
13/10/2024 6:00,0
13/10/2024 7:00,0
13/10/2024 8:00,0
13/10/2024 9:00,0
13/10/2024 10:00,0
13/10/2024 11:00,0
13/10/2024 12:00,0
13/10/2024 13:00,0
13/10/2024 14:00,0
13/10/2024 15:00,0
13/10/2024 16:00,9.44650684
13/10/2024 17:00,10.61356051
13/10/2024 18:00,10.51487902
13/10/2024 19:00,10.41268702
13/10/2024 20:00,10.39587206
13/10/2024 21:00,10.36592838
13/10/2024 22:00,10.34255527
13/10/2024 23:00,10.18415527
14/10/2024 0:00,10.18516315
14/10/2024 1:00,10.09614269
14/10/2024 2:00,10.08287176
14/10/2024 3:00,10.44113688
14/10/2024 4:00,10.3729827
14/10/2024 5:00,7.359526486
14/10/2024 6:00,0
14/10/2024 7:00,0
14/10/2024 8:00,0
14/10/2024 9:00,0
14/10/2024 10:00,0
14/10/2024 11:00,0
14/10/2024 12:00,0
14/10/2024 13:00,0
14/10/2024 14:00,0
14/10/2024 15:00,2.831053092
14/10/2024 16:00,10.86441093
14/10/2024 17:00,10.59023889
14/10/2024 18:00,10.1559685
14/10/2024 19:00,10.41821248
14/10/2024 20:00,10.34350328
14/10/2024 21:00,10.23079267
14/10/2024 22:00,10.23114166
14/10/2024 23:00,10.24619772
15/10/2024 0:00,10.1765655
15/10/2024 1:00,10.0834905
15/10/2024 2:00,10.09079467
15/10/2024 3:00,10.28962197
15/10/2024 4:00,10.15504762
15/10/2024 5:00,10.26490872
15/10/2024 6:00,2.760302304
15/10/2024 7:00,0
15/10/2024 8:00,0
15/10/2024 9:00,0
15/10/2024 10:00,0
15/10/2024 11:00,0
15/10/2024 12:00,0
15/10/2024 13:00,0
15/10/2024 14:00,0
15/10/2024 15:00,1.951481193
15/10/2024 16:00,10.97839819
15/10/2024 17:00,10.62337854
15/10/2024 18:00,10.45128477
15/10/2024 19:00,10.36623389
15/10/2024 20:00,10.53987516
15/10/2024 21:00,10.35132176
15/10/2024 22:00,10.35451284
15/10/2024 23:00,10.33774621
16/10/2024 0:00,10.26211562
16/10/2024 1:00,10.23846209
16/10/2024 2:00,10.16537422
16/10/2024 3:00,10.33624197
16/10/2024 4:00,10.39354387
16/10/2024 5:00,7.528498828
16/10/2024 6:00,0
16/10/2024 7:00,0
16/10/2024 8:00,0
16/10/2024 9:00,0
16/10/2024 10:00,0
16/10/2024 11:00,0
16/10/2024 12:00,0
16/10/2024 13:00,0
16/10/2024 14:00,0
16/10/2024 15:00,0.108362936
16/10/2024 16:00,10.80308247
16/10/2024 17:00,10.64032841
16/10/2024 18:00,10.5552916
16/10/2024 19:00,10.42304906
16/10/2024 20:00,10.24149384
16/10/2024 21:00,10.24936915
16/10/2024 22:00,10.22331247
16/10/2024 23:00,10.23606071
17/10/2024 0:00,10.05450912
17/10/2024 1:00,10.06822213
17/10/2024 2:00,9.996962147
17/10/2024 3:00,10.22459917
17/10/2024 4:00,10.17210296
17/10/2024 5:00,8.427148138
17/10/2024 6:00,0
17/10/2024 7:00,0
17/10/2024 8:00,0
17/10/2024 9:00,0
17/10/2024 10:00,0
17/10/2024 11:00,0
17/10/2024 12:00,0
17/10/2024 13:00,0
17/10/2024 14:00,0
17/10/2024 15:00,0
17/10/2024 16:00,11.1526681
17/10/2024 17:00,10.56853135
17/10/2024 18:00,10.68461552
17/10/2024 19:00,10.56945268
17/10/2024 20:00,10.30886662
17/10/2024 21:00,10.35988771
17/10/2024 22:00,10.33151598
17/10/2024 23:00,10.29322197
18/10/2024 0:00,10.19806089
18/10/2024 1:00,10.06765499
18/10/2024 2:00,10.11793816
18/10/2024 3:00,10.10229046
18/10/2024 4:00,10.0730693
18/10/2024 5:00,7.397498281
18/10/2024 6:00,0
18/10/2024 7:00,0
18/10/2024 8:00,0
18/10/2024 9:00,0
18/10/2024 10:00,0
18/10/2024 11:00,0
18/10/2024 12:00,0
18/10/2024 13:00,0
18/10/2024 14:00,0
18/10/2024 15:00,0
18/10/2024 16:00,10.82363812
18/10/2024 17:00,10.6275791
18/10/2024 18:00,10.53287995
18/10/2024 19:00,10.32618869
18/10/2024 20:00,10.32378932
18/10/2024 21:00,10.26278032
18/10/2024 22:00,10.33424024
18/10/2024 23:00,10.23605838
19/10/2024 0:00,10.15649859
19/10/2024 1:00,10.149846
19/10/2024 2:00,10.19042532
19/10/2024 3:00,10.3233858
19/10/2024 4:00,10.14661806
19/10/2024 5:00,10.34087414
19/10/2024 6:00,2.418849022
19/10/2024 7:00,0
19/10/2024 8:00,0
19/10/2024 9:00,0
19/10/2024 10:00,0
19/10/2024 11:00,0
19/10/2024 12:00,0
19/10/2024 13:00,0
19/10/2024 14:00,0
19/10/2024 15:00,1.683318167
19/10/2024 16:00,10.83396014
19/10/2024 17:00,10.70352139
19/10/2024 18:00,10.46302842
19/10/2024 19:00,10.4099101
19/10/2024 20:00,10.31030319
19/10/2024 21:00,10.41098826
19/10/2024 22:00,10.49078028
19/10/2024 23:00,10.39845935
20/10/2024 0:00,10.31568386
20/10/2024 1:00,10.30263846
20/10/2024 2:00,10.27936341
20/10/2024 3:00,10.34802136
20/10/2024 4:00,10.22843021
20/10/2024 5:00,9.218663098
20/10/2024 6:00,0
20/10/2024 7:00,0
20/10/2024 8:00,0
20/10/2024 9:00,0
20/10/2024 10:00,0
20/10/2024 11:00,0
20/10/2024 12:00,0
20/10/2024 13:00,0
20/10/2024 14:00,0
20/10/2024 15:00,0.910352183
20/10/2024 16:00,11.00927034
20/10/2024 17:00,10.44658944
20/10/2024 18:00,10.45365843
20/10/2024 19:00,10.39322331
20/10/2024 20:00,10.30162394
20/10/2024 21:00,10.34271594
20/10/2024 22:00,10.32678159
20/10/2024 23:00,10.10891551
21/10/2024 0:00,10.1066518
21/10/2024 1:00,10.07136837
21/10/2024 2:00,10.03150131
21/10/2024 3:00,10.31991102
21/10/2024 4:00,10.13781901
21/10/2024 5:00,10.04153615
21/10/2024 6:00,4.559680204
21/10/2024 7:00,0
21/10/2024 8:00,0
21/10/2024 9:00,0
21/10/2024 10:00,0
21/10/2024 11:00,0
21/10/2024 12:00,0
21/10/2024 13:00,0
21/10/2024 14:00,0
21/10/2024 15:00,0.591274497
21/10/2024 16:00,10.95593558
21/10/2024 17:00,10.5745117
21/10/2024 18:00,10.46485635
21/10/2024 19:00,10.33765629
21/10/2024 20:00,10.23873836
21/10/2024 21:00,10.30689515
21/10/2024 22:00,10.37865064
21/10/2024 23:00,10.50899417
22/10/2024 0:00,10.23953171
22/10/2024 1:00,10.21266954
22/10/2024 2:00,10.14583619
22/10/2024 3:00,10.24688219
22/10/2024 4:00,10.16930321
22/10/2024 5:00,10.18496281
22/10/2024 6:00,2.946672284
22/10/2024 7:00,0
22/10/2024 8:00,0
22/10/2024 9:00,0
22/10/2024 10:00,0
22/10/2024 11:00,0
22/10/2024 12:00,0
22/10/2024 13:00,0
22/10/2024 14:00,0
22/10/2024 15:00,3.152419854
22/10/2024 16:00,10.84315562
22/10/2024 17:00,10.47433721
22/10/2024 18:00,10.45696483
22/10/2024 19:00,10.28284566
22/10/2024 20:00,10.34312329
22/10/2024 21:00,10.37151226
22/10/2024 22:00,10.4493612
22/10/2024 23:00,10.29912477
23/10/2024 0:00,10.0714629
23/10/2024 1:00,10.03961822
23/10/2024 2:00,10.01151107
23/10/2024 3:00,10.1366257
23/10/2024 4:00,10.13419325
23/10/2024 5:00,10.12520437
23/10/2024 6:00,10.2555973
23/10/2024 7:00,6.162825415
23/10/2024 8:00,0
23/10/2024 9:00,0
23/10/2024 10:00,0
23/10/2024 11:00,0
23/10/2024 12:00,0
23/10/2024 13:00,0
23/10/2024 14:00,0
23/10/2024 15:00,9.189793345
23/10/2024 16:00,10.56547451
23/10/2024 17:00,10.4496448
23/10/2024 18:00,10.31222138
23/10/2024 19:00,10.35306704
23/10/2024 20:00,10.28568633
23/10/2024 21:00,10.28917094
23/10/2024 22:00,10.15305586
23/10/2024 23:00,10.06359087
24/10/2024 0:00,9.974699555
24/10/2024 1:00,9.952481427
24/10/2024 2:00,10.15887313
24/10/2024 3:00,10.35423666
24/10/2024 4:00,10.30916075
24/10/2024 5:00,10.22740614
24/10/2024 6:00,1.690095754
24/10/2024 7:00,0
24/10/2024 8:00,0
24/10/2024 9:00,0
24/10/2024 10:00,0
24/10/2024 11:00,0
24/10/2024 12:00,0
24/10/2024 13:00,0
24/10/2024 14:00,0
24/10/2024 15:00,1.985273753
24/10/2024 16:00,10.68754805
24/10/2024 17:00,10.49617258
24/10/2024 18:00,10.34717619
24/10/2024 19:00,10.5191973
24/10/2024 20:00,10.43010692
24/10/2024 21:00,10.32546606
24/10/2024 22:00,10.32548247
24/10/2024 23:00,10.15574041
25/10/2024 0:00,10.0930988
25/10/2024 1:00,10.05917707
25/10/2024 2:00,10.03128849
25/10/2024 3:00,10.30258004
25/10/2024 4:00,10.2220777
25/10/2024 5:00,10.27379995
25/10/2024 6:00,2.207503464
25/10/2024 7:00,0
25/10/2024 8:00,0
25/10/2024 9:00,0
25/10/2024 10:00,0
25/10/2024 11:00,0
25/10/2024 12:00,0
25/10/2024 13:00,0
25/10/2024 14:00,0
25/10/2024 15:00,2.296014886
25/10/2024 16:00,10.79210856
25/10/2024 17:00,10.49808916
25/10/2024 18:00,10.51683316
25/10/2024 19:00,10.463529
25/10/2024 20:00,10.43084615
25/10/2024 21:00,10.25023829
25/10/2024 22:00,10.29922499
25/10/2024 23:00,10.27673605
26/10/2024 0:00,10.22090544
26/10/2024 1:00,10.19460231
26/10/2024 2:00,10.14075833
26/10/2024 3:00,10.16368012
26/10/2024 4:00,10.25154919
26/10/2024 5:00,10.24829681
26/10/2024 6:00,4.436591103
26/10/2024 7:00,0
26/10/2024 8:00,0
26/10/2024 9:00,0
26/10/2024 10:00,0
26/10/2024 11:00,0
26/10/2024 12:00,0
26/10/2024 13:00,0
26/10/2024 14:00,0
26/10/2024 15:00,3.687625933
26/10/2024 16:00,10.72941191
26/10/2024 17:00,10.42389264
26/10/2024 18:00,10.31571273
26/10/2024 19:00,10.28196865
26/10/2024 20:00,10.28033206
26/10/2024 21:00,10.16540036
26/10/2024 22:00,10.25463421
26/10/2024 23:00,10.20571809
27/10/2024 0:00,10.19047826
27/10/2024 1:00,10.12683171
27/10/2024 2:00,10.06411518
27/10/2024 3:00,10.19493609
27/10/2024 4:00,10.21418948
27/10/2024 5:00,10.3530928
27/10/2024 6:00,4.711799533
27/10/2024 7:00,0
27/10/2024 8:00,0
27/10/2024 9:00,0
27/10/2024 10:00,0
27/10/2024 11:00,0
27/10/2024 12:00,0
27/10/2024 13:00,0
27/10/2024 14:00,0
27/10/2024 15:00,10.56618043
27/10/2024 16:00,10.60167836
27/10/2024 17:00,10.40459011
27/10/2024 18:00,10.35354355
27/10/2024 19:00,10.2973125
27/10/2024 20:00,10.24311234
27/10/2024 21:00,10.2379724
27/10/2024 22:00,10.26412333
27/10/2024 23:00,10.18923415
28/10/2024 0:00,10.12096238
28/10/2024 1:00,10.05341908
28/10/2024 2:00,10.06478565
28/10/2024 3:00,10.45136575
28/10/2024 4:00,10.29722519
28/10/2024 5:00,10.25612917
28/10/2024 6:00,5.368505569
28/10/2024 7:00,0
28/10/2024 8:00,0
28/10/2024 9:00,0
28/10/2024 10:00,0
28/10/2024 11:00,0
28/10/2024 12:00,0
28/10/2024 13:00,0
28/10/2024 14:00,0
28/10/2024 15:00,2.930113827
28/10/2024 16:00,10.85348831
28/10/2024 17:00,10.50801707
28/10/2024 18:00,10.46087143
28/10/2024 19:00,10.28730313
28/10/2024 20:00,10.44452385
28/10/2024 21:00,10.33501119
28/10/2024 22:00,10.38803167
28/10/2024 23:00,10.37924303
29/10/2024 0:00,10.25935809
29/10/2024 1:00,10.20761693
29/10/2024 2:00,10.21587351
29/10/2024 3:00,10.31560508
29/10/2024 4:00,10.18012351
29/10/2024 5:00,10.2767265
29/10/2024 6:00,2.941636092
29/10/2024 7:00,0
29/10/2024 8:00,0
29/10/2024 9:00,0
29/10/2024 10:00,0
29/10/2024 11:00,0
29/10/2024 12:00,0
29/10/2024 13:00,0
29/10/2024 14:00,0
29/10/2024 15:00,3.289577674
29/10/2024 16:00,10.74830537
29/10/2024 17:00,10.60559265
29/10/2024 18:00,10.35927129
29/10/2024 19:00,10.30756594
29/10/2024 20:00,10.33388425
29/10/2024 21:00,10.3439036
29/10/2024 22:00,10.30219087
29/10/2024 23:00,10.29087628
30/10/2024 0:00,10.22670652
30/10/2024 1:00,10.16335835
30/10/2024 2:00,10.10568842
30/10/2024 3:00,10.14243297
30/10/2024 4:00,10.08479027
30/10/2024 5:00,10.13893567
30/10/2024 6:00,3.197754353
30/10/2024 7:00,0
30/10/2024 8:00,0
30/10/2024 9:00,0
30/10/2024 10:00,0
30/10/2024 11:00,0
30/10/2024 12:00,0
30/10/2024 13:00,0
30/10/2024 14:00,0
30/10/2024 15:00,8.758833083
30/10/2024 16:00,10.68965416
30/10/2024 17:00,10.53216371
30/10/2024 18:00,10.50850223
30/10/2024 19:00,10.29596582
30/10/2024 20:00,10.32637097
30/10/2024 21:00,10.25855578
30/10/2024 22:00,10.25336233
30/10/2024 23:00,10.28931162
31/10/2024 0:00,10.2198722
31/10/2024 1:00,10.1685647
31/10/2024 2:00,10.14659043
31/10/2024 3:00,10.11817581
31/10/2024 4:00,10.08337348
31/10/2024 5:00,10.15650482
31/10/2024 6:00,4.586366353
31/10/2024 7:00,0
31/10/2024 8:00,0
31/10/2024 9:00,0
31/10/2024 10:00,0
31/10/2024 11:00,0
31/10/2024 12:00,0
31/10/2024 13:00,0
31/10/2024 14:00,0
31/10/2024 15:00,7.145037573
31/10/2024 16:00,10.7191678
31/10/2024 17:00,10.52116106
31/10/2024 18:00,10.38994917
31/10/2024 19:00,10.19600868
31/10/2024 20:00,10.28691079
31/10/2024 21:00,10.27526478
31/10/2024 22:00,10.32830493
31/10/2024 23:00,10.31600517
01/11/2024 0:00,10.06528637
01/11/2024 1:00,9.987370743
01/11/2024 2:00,9.972340401
01/11/2024 3:00,10.0593699
01/11/2024 4:00,9.990922717
01/11/2024 5:00,10.09768437
01/11/2024 6:00,8.47541361
01/11/2024 7:00,0
01/11/2024 8:00,0
01/11/2024 9:00,0
01/11/2024 10:00,0
01/11/2024 11:00,0
01/11/2024 12:00,0
01/11/2024 13:00,0
01/11/2024 14:00,0
01/11/2024 15:00,4.391289884
01/11/2024 16:00,10.74259839
01/11/2024 17:00,10.54385079
01/11/2024 18:00,10.57159099
01/11/2024 19:00,10.46369771
01/11/2024 20:00,10.32642709
01/11/2024 21:00,10.14068413
01/11/2024 22:00,10.19304334
01/11/2024 23:00,10.16300163
02/11/2024 0:00,10.09753214
02/11/2024 1:00,10.0124787
02/11/2024 2:00,10.14689909
02/11/2024 3:00,10.12108401
02/11/2024 4:00,9.958913292
02/11/2024 5:00,10.15402735
02/11/2024 6:00,8.806745106
02/11/2024 7:00,0
02/11/2024 8:00,0
02/11/2024 9:00,0
02/11/2024 10:00,0
02/11/2024 11:00,0
02/11/2024 12:00,0
02/11/2024 13:00,0
02/11/2024 14:00,0
02/11/2024 15:00,5.444971808
02/11/2024 16:00,10.74426447
02/11/2024 17:00,10.4992635
02/11/2024 18:00,10.39317047
02/11/2024 19:00,10.32128626
02/11/2024 20:00,10.21652259
02/11/2024 21:00,10.13313772
02/11/2024 22:00,10.0663884
02/11/2024 23:00,10.08072247
03/11/2024 0:00,10.08773618
03/11/2024 1:00,10.10510639
03/11/2024 2:00,10.18854923
03/11/2024 3:00,10.22582415
03/11/2024 4:00,10.11335574
03/11/2024 5:00,10.01245581
03/11/2024 6:00,2.916901434
03/11/2024 7:00,0
03/11/2024 8:00,0
03/11/2024 9:00,0
03/11/2024 10:00,0
03/11/2024 11:00,0
03/11/2024 12:00,0
03/11/2024 13:00,0
03/11/2024 14:00,0
03/11/2024 15:00,4.17834727
03/11/2024 16:00,10.84033332
03/11/2024 17:00,10.59882539
03/11/2024 18:00,10.57407851
03/11/2024 19:00,10.43393979
03/11/2024 20:00,10.38008829
03/11/2024 21:00,10.368257
03/11/2024 22:00,10.28217596
03/11/2024 23:00,10.42844049
04/11/2024 0:00,10.33442005
04/11/2024 1:00,10.31506417
04/11/2024 2:00,10.32383637
04/11/2024 3:00,10.32133261
04/11/2024 4:00,10.14324204
04/11/2024 5:00,10.2379927
04/11/2024 6:00,3.772363778
04/11/2024 7:00,0
04/11/2024 8:00,0
04/11/2024 9:00,0
04/11/2024 10:00,0
04/11/2024 11:00,0
04/11/2024 12:00,0
04/11/2024 13:00,0
04/11/2024 14:00,0
04/11/2024 15:00,4.959856918
04/11/2024 16:00,10.72156162
04/11/2024 17:00,10.35268741
04/11/2024 18:00,10.25920378
04/11/2024 19:00,10.35694793
04/11/2024 20:00,10.22857952
04/11/2024 21:00,10.20642421
04/11/2024 22:00,10.21037233
04/11/2024 23:00,10.28662042
05/11/2024 0:00,10.1727714
05/11/2024 1:00,10.19488507
05/11/2024 2:00,10.17203803
05/11/2024 3:00,10.27652528
05/11/2024 4:00,10.22268537
05/11/2024 5:00,10.38497256
05/11/2024 6:00,6.771076472
05/11/2024 7:00,0
05/11/2024 8:00,0
05/11/2024 9:00,0
05/11/2024 10:00,0
05/11/2024 11:00,0
05/11/2024 12:00,0
05/11/2024 13:00,0
05/11/2024 14:00,0
05/11/2024 15:00,10.2837705
05/11/2024 16:00,10.67367479
05/11/2024 17:00,10.40535669
05/11/2024 18:00,10.33480029
05/11/2024 19:00,10.29880084
05/11/2024 20:00,10.12814738
05/11/2024 21:00,10.14211168
05/11/2024 22:00,10.27040519
05/11/2024 23:00,10.25277472
06/11/2024 0:00,10.18004654
06/11/2024 1:00,10.16515913
06/11/2024 2:00,10.13996987
06/11/2024 3:00,10.23700568
06/11/2024 4:00,10.06009911
06/11/2024 5:00,10.17860758
06/11/2024 6:00,10.20478998
06/11/2024 7:00,0.983614358
06/11/2024 8:00,0
06/11/2024 9:00,0
06/11/2024 10:00,0
06/11/2024 11:00,0
06/11/2024 12:00,0
06/11/2024 13:00,0
06/11/2024 14:00,0
06/11/2024 15:00,10.73028756
06/11/2024 16:00,10.50159853
06/11/2024 17:00,10.4396733
06/11/2024 18:00,10.31869913
06/11/2024 19:00,10.42106581
06/11/2024 20:00,10.3962806
06/11/2024 21:00,10.24880298
06/11/2024 22:00,10.28024984
06/11/2024 23:00,10.36798926
07/11/2024 0:00,10.27301364
07/11/2024 1:00,10.25807823
07/11/2024 2:00,10.21575235
07/11/2024 3:00,10.32835696
07/11/2024 4:00,10.18156677
07/11/2024 5:00,10.25359284
07/11/2024 6:00,9.463082601
07/11/2024 7:00,0
07/11/2024 8:00,0
07/11/2024 9:00,0
07/11/2024 10:00,0
07/11/2024 11:00,0
07/11/2024 12:00,0
07/11/2024 13:00,0
07/11/2024 14:00,1.278048536
07/11/2024 15:00,10.95754236
07/11/2024 16:00,10.6081359
07/11/2024 17:00,10.49140024
07/11/2024 18:00,10.35654013
07/11/2024 19:00,10.45708088
07/11/2024 20:00,10.42019554
07/11/2024 21:00,10.29870693
07/11/2024 22:00,10.3495749
07/11/2024 23:00,10.31808585
08/11/2024 0:00,10.29251572
08/11/2024 1:00,10.05574629
08/11/2024 2:00,10.13131366
08/11/2024 3:00,10.3109586
08/11/2024 4:00,10.24552201
08/11/2024 5:00,10.31593221
08/11/2024 6:00,10.39163304
08/11/2024 7:00,3.265250531
08/11/2024 8:00,0
08/11/2024 9:00,0
08/11/2024 10:00,0
08/11/2024 11:00,0
08/11/2024 12:00,0
08/11/2024 13:00,0
08/11/2024 14:00,0
08/11/2024 15:00,10.13152539
08/11/2024 16:00,10.64014376
08/11/2024 17:00,10.44110722
08/11/2024 18:00,10.39743724
08/11/2024 19:00,10.40541418
08/11/2024 20:00,10.34442497
08/11/2024 21:00,10.30365837
08/11/2024 22:00,10.09164915
08/11/2024 23:00,10.21072671
09/11/2024 0:00,10.01868631
09/11/2024 1:00,10.23569448
09/11/2024 2:00,10.02632168
09/11/2024 3:00,10.11996534
09/11/2024 4:00,10.20643853
09/11/2024 5:00,10.15624872
09/11/2024 6:00,7.844356534
09/11/2024 7:00,0
09/11/2024 8:00,0
09/11/2024 9:00,0
09/11/2024 10:00,0
09/11/2024 11:00,0
09/11/2024 12:00,0
09/11/2024 13:00,0
09/11/2024 14:00,0
09/11/2024 15:00,6.334041493
09/11/2024 16:00,10.62089345
09/11/2024 17:00,10.41546322
09/11/2024 18:00,10.30337952
09/11/2024 19:00,10.32373582
09/11/2024 20:00,10.36720701
09/11/2024 21:00,10.29576072
09/11/2024 22:00,10.16752964
09/11/2024 23:00,10.15209363
10/11/2024 0:00,10.08642241
10/11/2024 1:00,10.06995205
10/11/2024 2:00,10.09428012
10/11/2024 3:00,10.14730608
10/11/2024 4:00,10.06689942
10/11/2024 5:00,10.22559714
10/11/2024 6:00,10.18942424
10/11/2024 7:00,1.427673693
10/11/2024 8:00,0
10/11/2024 9:00,0
10/11/2024 10:00,0
10/11/2024 11:00,0
10/11/2024 12:00,0
10/11/2024 13:00,0
10/11/2024 14:00,4.32702376
10/11/2024 15:00,10.77742912
10/11/2024 16:00,10.53873053
10/11/2024 17:00,10.41749435
10/11/2024 18:00,10.28257776
10/11/2024 19:00,10.28146323
10/11/2024 20:00,10.26082089
10/11/2024 21:00,10.23872333
10/11/2024 22:00,10.25615349
10/11/2024 23:00,10.29679483
11/11/2024 0:00,10.21246406
11/11/2024 1:00,10.16549096
11/11/2024 2:00,10.10500594
11/11/2024 3:00,10.16098747
11/11/2024 4:00,10.1659407
11/11/2024 5:00,10.19374938
11/11/2024 6:00,10.23723805
11/11/2024 7:00,1.934275417
11/11/2024 8:00,0
11/11/2024 9:00,0
11/11/2024 10:00,0
11/11/2024 11:00,0
11/11/2024 12:00,0
11/11/2024 13:00,0
11/11/2024 14:00,3.565190196
11/11/2024 15:00,10.77965871
11/11/2024 16:00,10.64341551
11/11/2024 17:00,10.34138327
11/11/2024 18:00,10.28597502
11/11/2024 19:00,10.20751212
11/11/2024 20:00,10.15220142
11/11/2024 21:00,10.26850993
11/11/2024 22:00,10.26011219
11/11/2024 23:00,10.26107775
12/11/2024 0:00,10.10582807
12/11/2024 1:00,9.956132754
12/11/2024 2:00,10.11546374
12/11/2024 3:00,10.18318704
12/11/2024 4:00,10.10407495
12/11/2024 5:00,10.14872487
12/11/2024 6:00,10.16639684
12/11/2024 7:00,1.186915194
12/11/2024 8:00,0
12/11/2024 9:00,0
12/11/2024 10:00,0
12/11/2024 11:00,0
12/11/2024 12:00,0
12/11/2024 13:00,0
12/11/2024 14:00,3.290701728
12/11/2024 15:00,10.78445806
12/11/2024 16:00,10.71597641
12/11/2024 17:00,10.5719043
12/11/2024 18:00,10.36508324
12/11/2024 19:00,10.33341516
12/11/2024 20:00,10.29464245
12/11/2024 21:00,10.2616317
12/11/2024 22:00,10.29165055
12/11/2024 23:00,10.56167018
13/11/2024 0:00,10.33607547
13/11/2024 1:00,10.22969797
13/11/2024 2:00,10.21605119
13/11/2024 3:00,10.3555796
13/11/2024 4:00,10.28239139
13/11/2024 5:00,10.36935459
13/11/2024 6:00,10.39300808
13/11/2024 7:00,0.345513917
13/11/2024 8:00,0
13/11/2024 9:00,0
13/11/2024 10:00,0
13/11/2024 11:00,0
13/11/2024 12:00,0
13/11/2024 13:00,0.769595074
13/11/2024 14:00,7.604158372
13/11/2024 15:00,10.71331304
13/11/2024 16:00,10.52998491
13/11/2024 17:00,10.52530636
13/11/2024 18:00,10.35065948
13/11/2024 19:00,10.32059791
13/11/2024 20:00,10.29734378
13/11/2024 21:00,10.28404312
13/11/2024 22:00,10.34991262
13/11/2024 23:00,10.35940101
14/11/2024 0:00,10.29301187
14/11/2024 1:00,10.25715274
14/11/2024 2:00,10.18065941
14/11/2024 3:00,10.38100244
14/11/2024 4:00,10.1121745
14/11/2024 5:00,10.145486
14/11/2024 6:00,10.30401767
14/11/2024 7:00,2.564849033
14/11/2024 8:00,0
14/11/2024 9:00,0
14/11/2024 10:00,0
14/11/2024 11:00,0
14/11/2024 12:00,0
14/11/2024 13:00,0
14/11/2024 14:00,0
14/11/2024 15:00,10.58414817
14/11/2024 16:00,10.80669078
14/11/2024 17:00,10.64770229
14/11/2024 18:00,10.43475059
14/11/2024 19:00,10.46313994
14/11/2024 20:00,10.35062853
14/11/2024 21:00,10.34210974
14/11/2024 22:00,10.32169185
14/11/2024 23:00,10.38176043
15/11/2024 0:00,10.33609117
15/11/2024 1:00,10.26449097
15/11/2024 2:00,10.19368223
15/11/2024 3:00,10.26680756
15/11/2024 4:00,10.22230956
15/11/2024 5:00,10.25832561
15/11/2024 6:00,10.48593302
15/11/2024 7:00,2.455306167
15/11/2024 8:00,0
15/11/2024 9:00,0
15/11/2024 10:00,0
15/11/2024 11:00,0
15/11/2024 12:00,0
15/11/2024 13:00,0
15/11/2024 14:00,0.719323364
15/11/2024 15:00,10.91111597
15/11/2024 16:00,10.47712223
15/11/2024 17:00,10.44882307
15/11/2024 18:00,10.4438686
15/11/2024 19:00,10.3144564
15/11/2024 20:00,10.35978261
15/11/2024 21:00,10.20332489
15/11/2024 22:00,10.21677511
15/11/2024 23:00,10.15070918
16/11/2024 0:00,10.11371893
16/11/2024 1:00,10.04242301
16/11/2024 2:00,10.02884587
16/11/2024 3:00,10.20129563
16/11/2024 4:00,10.06381853
16/11/2024 5:00,10.0064269
16/11/2024 6:00,9.73788539
16/11/2024 7:00,0
16/11/2024 8:00,0
16/11/2024 9:00,0
16/11/2024 10:00,0
16/11/2024 11:00,0
16/11/2024 12:00,0
16/11/2024 13:00,0
16/11/2024 14:00,0.564820729
16/11/2024 15:00,10.85628246
16/11/2024 16:00,10.54337567
16/11/2024 17:00,10.41999171
16/11/2024 18:00,10.4732357
16/11/2024 19:00,10.57546283
16/11/2024 20:00,10.45645073
16/11/2024 21:00,10.40487171
16/11/2024 22:00,10.3876818
16/11/2024 23:00,10.3156127
17/11/2024 0:00,10.18528568
17/11/2024 1:00,10.1490833
17/11/2024 2:00,10.1073674
17/11/2024 3:00,10.19373754
17/11/2024 4:00,10.16454629
17/11/2024 5:00,10.22382442
17/11/2024 6:00,9.671977852
17/11/2024 7:00,0
17/11/2024 8:00,0
17/11/2024 9:00,0
17/11/2024 10:00,0
17/11/2024 11:00,0
17/11/2024 12:00,0
17/11/2024 13:00,0
17/11/2024 14:00,0
17/11/2024 15:00,10.26519994
17/11/2024 16:00,10.49237497
17/11/2024 17:00,10.38515567
17/11/2024 18:00,10.25699644
17/11/2024 19:00,10.28033739
17/11/2024 20:00,10.15179634
17/11/2024 21:00,10.09239185
17/11/2024 22:00,10.21854503
17/11/2024 23:00,10.32303224
18/11/2024 0:00,10.30106368
18/11/2024 1:00,10.25023375
18/11/2024 2:00,10.2275963
18/11/2024 3:00,10.18467273
18/11/2024 4:00,10.12930058
18/11/2024 5:00,10.17766476
18/11/2024 6:00,7.261813373
18/11/2024 7:00,0
18/11/2024 8:00,0
18/11/2024 9:00,0
18/11/2024 10:00,0
18/11/2024 11:00,0
18/11/2024 12:00,0
18/11/2024 13:00,0
18/11/2024 14:00,2.157741564
18/11/2024 15:00,10.86905495
18/11/2024 16:00,10.5139476
18/11/2024 17:00,10.48610817
18/11/2024 18:00,10.37544325
18/11/2024 19:00,10.22542781
18/11/2024 20:00,10.29877885
18/11/2024 21:00,10.21879685
18/11/2024 22:00,10.17973086
18/11/2024 23:00,10.20036423
19/11/2024 0:00,10.05750208
19/11/2024 1:00,10.01072095
19/11/2024 2:00,10.00378796
19/11/2024 3:00,10.15747553
19/11/2024 4:00,10.1978294
19/11/2024 5:00,10.12810188
19/11/2024 6:00,9.530117919
19/11/2024 7:00,0
19/11/2024 8:00,0
19/11/2024 9:00,0
19/11/2024 10:00,0
19/11/2024 11:00,0
19/11/2024 12:00,0
19/11/2024 13:00,0
19/11/2024 14:00,3.325151101
19/11/2024 15:00,10.67074393
19/11/2024 16:00,10.50291288
19/11/2024 17:00,10.53460364
19/11/2024 18:00,10.46012065
19/11/2024 19:00,10.42547488
19/11/2024 20:00,10.30625328
19/11/2024 21:00,10.10702521
19/11/2024 22:00,10.07049428
19/11/2024 23:00,10.3487688
20/11/2024 0:00,10.28608879
20/11/2024 1:00,10.2428542
20/11/2024 2:00,10.03865938
20/11/2024 3:00,10.13313698
20/11/2024 4:00,10.15461544
20/11/2024 5:00,10.10907969
20/11/2024 6:00,10.21254161
20/11/2024 7:00,0
20/11/2024 8:00,0
20/11/2024 9:00,0
20/11/2024 10:00,0
20/11/2024 11:00,0
20/11/2024 12:00,0
20/11/2024 13:00,0
20/11/2024 14:00,0.248502874
20/11/2024 15:00,10.94924073
20/11/2024 16:00,10.67315695
20/11/2024 17:00,10.43192787
20/11/2024 18:00,10.35703141
20/11/2024 19:00,10.37449396
20/11/2024 20:00,10.31424904
20/11/2024 21:00,10.26696922
20/11/2024 22:00,10.32406989
20/11/2024 23:00,10.31768512
21/11/2024 0:00,10.21599414
21/11/2024 1:00,10.34346061
21/11/2024 2:00,10.3063904
21/11/2024 3:00,10.36976392
21/11/2024 4:00,10.23865411
21/11/2024 5:00,10.25335379
21/11/2024 6:00,8.61178771
21/11/2024 7:00,0
21/11/2024 8:00,0
21/11/2024 9:00,0
21/11/2024 10:00,0
21/11/2024 11:00,0
21/11/2024 12:00,0
21/11/2024 13:00,0
21/11/2024 14:00,0
21/11/2024 15:00,10.70317917
21/11/2024 16:00,10.64032963
21/11/2024 17:00,10.44756376
21/11/2024 18:00,10.37184032
21/11/2024 19:00,10.26678699
21/11/2024 20:00,10.28398462
21/11/2024 21:00,10.24758929
21/11/2024 22:00,10.32737106
21/11/2024 23:00,10.27074565
22/11/2024 0:00,10.23131144
22/11/2024 1:00,10.43334919
22/11/2024 2:00,10.29453328
22/11/2024 3:00,10.43004608
22/11/2024 4:00,10.22260066
22/11/2024 5:00,10.25482397
22/11/2024 6:00,10.38280259
22/11/2024 7:00,0.343488267
22/11/2024 8:00,0
22/11/2024 9:00,0
22/11/2024 10:00,0
22/11/2024 11:00,0
22/11/2024 12:00,0
22/11/2024 13:00,0
22/11/2024 14:00,0.04445467
22/11/2024 15:00,10.45669624
22/11/2024 16:00,10.58472305
22/11/2024 17:00,10.39030974
22/11/2024 18:00,10.36405399
22/11/2024 19:00,10.3233898
22/11/2024 20:00,10.24140006
22/11/2024 21:00,10.24809148
22/11/2024 22:00,10.35824625
22/11/2024 23:00,10.28400559
23/11/2024 0:00,10.13256342
23/11/2024 1:00,10.12250339
23/11/2024 2:00,10.12913622
23/11/2024 3:00,10.17935507
23/11/2024 4:00,10.17211954
23/11/2024 5:00,10.24199941
23/11/2024 6:00,9.18572036
23/11/2024 7:00,0
23/11/2024 8:00,0
23/11/2024 9:00,0
23/11/2024 10:00,0
23/11/2024 11:00,0
23/11/2024 12:00,0
23/11/2024 13:00,0
23/11/2024 14:00,0.196361598
23/11/2024 15:00,10.89450302
23/11/2024 16:00,10.70038301
23/11/2024 17:00,10.48812793
23/11/2024 18:00,10.42596766
23/11/2024 19:00,10.36862346
23/11/2024 20:00,10.31973081
23/11/2024 21:00,10.3350385
23/11/2024 22:00,10.28859025
23/11/2024 23:00,10.28155285
24/11/2024 0:00,10.29348059
24/11/2024 1:00,10.29396374
24/11/2024 2:00,10.18502325
24/11/2024 3:00,10.37969593
24/11/2024 4:00,10.26113858
24/11/2024 5:00,10.18770217
24/11/2024 6:00,10.24729819
24/11/2024 7:00,5.276084346
24/11/2024 8:00,0
24/11/2024 9:00,0
24/11/2024 10:00,0
24/11/2024 11:00,0
24/11/2024 12:00,0
24/11/2024 13:00,0
24/11/2024 14:00,0
24/11/2024 15:00,9.969074213
24/11/2024 16:00,10.69429355
24/11/2024 17:00,10.55842835
24/11/2024 18:00,10.37217125
24/11/2024 19:00,10.36047089
24/11/2024 20:00,10.36101648
24/11/2024 21:00,10.34560744
24/11/2024 22:00,10.39301763
24/11/2024 23:00,10.29651021
25/11/2024 0:00,10.35117939
25/11/2024 1:00,10.31941133
25/11/2024 2:00,10.30432269
25/11/2024 3:00,10.3702409
25/11/2024 4:00,10.31170609
25/11/2024 5:00,10.26371532
25/11/2024 6:00,8.03984735
25/11/2024 7:00,0
25/11/2024 8:00,0
25/11/2024 9:00,0
25/11/2024 10:00,0
25/11/2024 11:00,0
25/11/2024 12:00,0
25/11/2024 13:00,0
25/11/2024 14:00,0
25/11/2024 15:00,9.744954443
25/11/2024 16:00,10.70801424
25/11/2024 17:00,10.70622381
25/11/2024 18:00,10.4099033
25/11/2024 19:00,10.26375704
25/11/2024 20:00,10.16082948
25/11/2024 21:00,10.12455258
25/11/2024 22:00,10.15357998
25/11/2024 23:00,10.21525992
26/11/2024 0:00,10.05291188
26/11/2024 1:00,10.22264684
26/11/2024 2:00,10.13345554
26/11/2024 3:00,10.34719424
26/11/2024 4:00,10.09438965
26/11/2024 5:00,10.222244
26/11/2024 6:00,10.25128874
26/11/2024 7:00,4.758277769
26/11/2024 8:00,0
26/11/2024 9:00,0
26/11/2024 10:00,0
26/11/2024 11:00,0
26/11/2024 12:00,0
26/11/2024 13:00,0
26/11/2024 14:00,2.997240621
26/11/2024 15:00,10.82758551
26/11/2024 16:00,10.48677844
26/11/2024 17:00,10.45303258
26/11/2024 18:00,10.40108535
26/11/2024 19:00,10.40992957
26/11/2024 20:00,10.30920817
26/11/2024 21:00,10.30952246
26/11/2024 22:00,10.13417434
26/11/2024 23:00,10.17893425
27/11/2024 0:00,10.13105427
27/11/2024 1:00,10.15209972
27/11/2024 2:00,10.27920373
27/11/2024 3:00,10.41467563
27/11/2024 4:00,10.33935959
27/11/2024 5:00,10.45719987
27/11/2024 6:00,10.39121211
27/11/2024 7:00,1.042949544
27/11/2024 8:00,0
27/11/2024 9:00,0
27/11/2024 10:00,0
27/11/2024 11:00,0
27/11/2024 12:00,0
27/11/2024 13:00,0
27/11/2024 14:00,0
27/11/2024 15:00,10.63340195
27/11/2024 16:00,10.55634759
27/11/2024 17:00,10.4033841
27/11/2024 18:00,10.46751581
27/11/2024 19:00,10.29198748
27/11/2024 20:00,10.35586047
27/11/2024 21:00,10.31754535
27/11/2024 22:00,10.36775775
27/11/2024 23:00,10.46887161
28/11/2024 0:00,10.42372903
28/11/2024 1:00,10.36008544
28/11/2024 2:00,10.39693282
28/11/2024 3:00,10.48142781
28/11/2024 4:00,10.17318959
28/11/2024 5:00,10.22575541
28/11/2024 6:00,10.28846944
28/11/2024 7:00,10.23107126
28/11/2024 8:00,1.356808294
28/11/2024 9:00,0
28/11/2024 10:00,0
28/11/2024 11:00,0
28/11/2024 12:00,0
28/11/2024 13:00,0
28/11/2024 14:00,1.624855523
28/11/2024 15:00,10.96598225
28/11/2024 16:00,10.71955106
28/11/2024 17:00,10.55385975
28/11/2024 18:00,10.53639356
28/11/2024 19:00,10.41552616
28/11/2024 20:00,10.26261739
28/11/2024 21:00,10.321876
28/11/2024 22:00,10.43396994
28/11/2024 23:00,10.45009337
29/11/2024 0:00,10.29229502
29/11/2024 1:00,10.17794724
29/11/2024 2:00,10.12976416
29/11/2024 3:00,10.23090445
29/11/2024 4:00,10.16385517
29/11/2024 5:00,10.13195827
29/11/2024 6:00,10.0308454
29/11/2024 7:00,6.999056582
29/11/2024 8:00,0
29/11/2024 9:00,0
29/11/2024 10:00,0
29/11/2024 11:00,0
29/11/2024 12:00,0
29/11/2024 13:00,0
29/11/2024 14:00,1.626224355
29/11/2024 15:00,10.82047965
29/11/2024 16:00,10.66989184
29/11/2024 17:00,10.38031263
29/11/2024 18:00,10.38440062
29/11/2024 19:00,10.37089729
29/11/2024 20:00,10.32605599
29/11/2024 21:00,10.26358435
29/11/2024 22:00,10.23776797
29/11/2024 23:00,10.31305754
30/11/2024 0:00,10.36152558
30/11/2024 1:00,10.41191184
30/11/2024 2:00,10.34535418
30/11/2024 3:00,10.39433424
30/11/2024 4:00,10.34184386
30/11/2024 5:00,10.34312516
30/11/2024 6:00,9.49463179
30/11/2024 7:00,0
30/11/2024 8:00,0
30/11/2024 9:00,0
30/11/2024 10:00,0
30/11/2024 11:00,0
30/11/2024 12:00,0
30/11/2024 13:00,0
30/11/2024 14:00,0.208632682
30/11/2024 15:00,10.96482957
30/11/2024 16:00,10.84862194
30/11/2024 17:00,10.48934821
30/11/2024 18:00,10.4938359
30/11/2024 19:00,10.44069909
30/11/2024 20:00,10.47698917
30/11/2024 21:00,10.49375318
30/11/2024 22:00,10.34673281
30/11/2024 23:00,10.46451889
01/12/2024 0:00,10.39128332
01/12/2024 1:00,10.1503137
01/12/2024 2:00,10.13577045
01/12/2024 3:00,10.27205705
01/12/2024 4:00,10.26952185
01/12/2024 5:00,10.16882228
01/12/2024 6:00,10.2615119
01/12/2024 7:00,3.308237039
01/12/2024 8:00,0
01/12/2024 9:00,0
01/12/2024 10:00,0
01/12/2024 11:00,0
01/12/2024 12:00,0
01/12/2024 13:00,0
01/12/2024 14:00,5.572361501
01/12/2024 15:00,10.82376292
01/12/2024 16:00,10.69745205
01/12/2024 17:00,10.46234209
01/12/2024 18:00,10.40100879
01/12/2024 19:00,10.41953579
01/12/2024 20:00,10.34783191
01/12/2024 21:00,10.27896133
01/12/2024 22:00,10.35777085
01/12/2024 23:00,10.41481908
02/12/2024 0:00,10.22542042
02/12/2024 1:00,10.18555612
02/12/2024 2:00,10.16453751
02/12/2024 3:00,10.44697435
02/12/2024 4:00,10.29792768
02/12/2024 5:00,10.2426553
02/12/2024 6:00,10.28103723
02/12/2024 7:00,3.775980111
02/12/2024 8:00,0
02/12/2024 9:00,0
02/12/2024 10:00,0
02/12/2024 11:00,0
02/12/2024 12:00,0
02/12/2024 13:00,0
02/12/2024 14:00,3.884197541
02/12/2024 15:00,10.83766536
02/12/2024 16:00,10.56481793
02/12/2024 17:00,10.50242118
02/12/2024 18:00,10.31507349
02/12/2024 19:00,10.29358497
02/12/2024 20:00,10.17050141
02/12/2024 21:00,10.12382027
02/12/2024 22:00,10.16919783
02/12/2024 23:00,10.19477518
03/12/2024 0:00,10.12167935
03/12/2024 1:00,10.11739678
03/12/2024 2:00,10.04265721
03/12/2024 3:00,10.19571
03/12/2024 4:00,10.2316932
03/12/2024 5:00,10.17452154
03/12/2024 6:00,10.15677522
03/12/2024 7:00,4.223849803
03/12/2024 8:00,0
03/12/2024 9:00,0
03/12/2024 10:00,0
03/12/2024 11:00,0
03/12/2024 12:00,0
03/12/2024 13:00,0
03/12/2024 14:00,0.999009653
03/12/2024 15:00,10.89481648
03/12/2024 16:00,10.53427196
03/12/2024 17:00,10.50798811
03/12/2024 18:00,10.31683237
03/12/2024 19:00,10.3434143
03/12/2024 20:00,10.20169682
03/12/2024 21:00,10.46972094
03/12/2024 22:00,10.43985533
03/12/2024 23:00,10.37696921
04/12/2024 0:00,10.36626996
04/12/2024 1:00,10.25343937
04/12/2024 2:00,10.22584251
04/12/2024 3:00,10.24836459
04/12/2024 4:00,10.28172095
04/12/2024 5:00,10.20835727
04/12/2024 6:00,10.26543177
04/12/2024 7:00,1.249717973
04/12/2024 8:00,0
04/12/2024 9:00,0
04/12/2024 10:00,0
04/12/2024 11:00,0
04/12/2024 12:00,0
04/12/2024 13:00,0
04/12/2024 14:00,0.090099531
04/12/2024 15:00,10.82971919
04/12/2024 16:00,10.55017479
04/12/2024 17:00,10.5148674
04/12/2024 18:00,10.44697261
04/12/2024 19:00,10.19548567
04/12/2024 20:00,10.26805136
04/12/2024 21:00,10.32921382
04/12/2024 22:00,10.27445386
04/12/2024 23:00,10.25223017
05/12/2024 0:00,10.09583479
05/12/2024 1:00,10.11624833
05/12/2024 2:00,10.04477935
05/12/2024 3:00,10.194007
05/12/2024 4:00,10.2094729
05/12/2024 5:00,10.17384429
05/12/2024 6:00,10.1237126
05/12/2024 7:00,1.496840656
05/12/2024 8:00,0
05/12/2024 9:00,0
05/12/2024 10:00,0
05/12/2024 11:00,0
05/12/2024 12:00,0
05/12/2024 13:00,0
05/12/2024 14:00,0.02984762
05/12/2024 15:00,11.11021756
05/12/2024 16:00,10.78520012
05/12/2024 17:00,10.55590795
05/12/2024 18:00,10.54107305
05/12/2024 19:00,10.47921131
05/12/2024 20:00,10.3379204
05/12/2024 21:00,10.26383618
05/12/2024 22:00,10.2764666
05/12/2024 23:00,10.39153505
06/12/2024 0:00,10.27610866
06/12/2024 1:00,10.2673591
06/12/2024 2:00,10.05006477
06/12/2024 3:00,10.0867497
06/12/2024 4:00,10.19588602
06/12/2024 5:00,10.13508133
06/12/2024 6:00,10.19906837
06/12/2024 7:00,10.41731769
06/12/2024 8:00,2.594373955
06/12/2024 9:00,0
06/12/2024 10:00,0
06/12/2024 11:00,0
06/12/2024 12:00,0.429528851
06/12/2024 13:00,0
06/12/2024 14:00,4.936878104
06/12/2024 15:00,10.94645431
06/12/2024 16:00,10.73771537
06/12/2024 17:00,10.58380486
06/12/2024 18:00,10.4062293
06/12/2024 19:00,10.46146194
06/12/2024 20:00,10.25303438
06/12/2024 21:00,10.3471743
06/12/2024 22:00,10.32939335
06/12/2024 23:00,10.2977542
07/12/2024 0:00,10.1737461
07/12/2024 1:00,10.16672331
07/12/2024 2:00,10.15024186
07/12/2024 3:00,10.30061247
07/12/2024 4:00,10.13010822
07/12/2024 5:00,10.16919268
07/12/2024 6:00,9.368593798
07/12/2024 7:00,0
07/12/2024 8:00,0
07/12/2024 9:00,0
07/12/2024 10:00,0
07/12/2024 11:00,0
07/12/2024 12:00,0
07/12/2024 13:00,0
07/12/2024 14:00,5.741640556
07/12/2024 15:00,10.92271272
07/12/2024 16:00,10.56584116
07/12/2024 17:00,10.33734
07/12/2024 18:00,10.37527619
07/12/2024 19:00,10.35390336
07/12/2024 20:00,10.27181921
07/12/2024 21:00,10.30751308
07/12/2024 22:00,10.25087837
07/12/2024 23:00,10.32603451
08/12/2024 0:00,10.19410867
08/12/2024 1:00,10.12966726
08/12/2024 2:00,10.16733139
08/12/2024 3:00,10.19415973
08/12/2024 4:00,10.1875645
08/12/2024 5:00,10.27514893
08/12/2024 6:00,10.39066115
08/12/2024 7:00,5.117732705
08/12/2024 8:00,0
08/12/2024 9:00,0
08/12/2024 10:00,0
08/12/2024 11:00,0
08/12/2024 12:00,0
08/12/2024 13:00,0
08/12/2024 14:00,6.780996619
08/12/2024 15:00,10.89236805
08/12/2024 16:00,10.6349588
08/12/2024 17:00,10.40685774
08/12/2024 18:00,10.30886617
08/12/2024 19:00,10.24417719
08/12/2024 20:00,10.30084794
08/12/2024 21:00,10.24862516
08/12/2024 22:00,10.22555523
08/12/2024 23:00,10.38484876
09/12/2024 0:00,10.31817411
09/12/2024 1:00,10.19279912
09/12/2024 2:00,10.19639445
09/12/2024 3:00,10.28280625
09/12/2024 4:00,10.26438278
09/12/2024 5:00,10.25278922
09/12/2024 6:00,10.22387627
09/12/2024 7:00,7.515894664
09/12/2024 8:00,0
09/12/2024 9:00,0
09/12/2024 10:00,0
09/12/2024 11:00,0
09/12/2024 12:00,0
09/12/2024 13:00,0
09/12/2024 14:00,3.573534028
09/12/2024 15:00,10.86681971
09/12/2024 16:00,10.44850627
09/12/2024 17:00,10.37291743
09/12/2024 18:00,10.32962494
09/12/2024 19:00,10.32865711
09/12/2024 20:00,10.23055534
09/12/2024 21:00,10.21239762
09/12/2024 22:00,10.26208635
09/12/2024 23:00,10.30448543
10/12/2024 0:00,10.36603532
10/12/2024 1:00,10.28968494
10/12/2024 2:00,10.26709808
10/12/2024 3:00,10.28944049
10/12/2024 4:00,10.1823836
10/12/2024 5:00,10.23589036
10/12/2024 6:00,9.591091174
10/12/2024 7:00,0
10/12/2024 8:00,0
10/12/2024 9:00,0
10/12/2024 10:00,0
10/12/2024 11:00,0
10/12/2024 12:00,0
10/12/2024 13:00,0
10/12/2024 14:00,1.595833012
10/12/2024 15:00,10.6967163
10/12/2024 16:00,10.64280761
10/12/2024 17:00,10.32756582
10/12/2024 18:00,10.36528872
10/12/2024 19:00,10.39603625
10/12/2024 20:00,10.27935001
10/12/2024 21:00,10.20798293
10/12/2024 22:00,10.24111393
10/12/2024 23:00,10.33018734
11/12/2024 0:00,10.23323238
11/12/2024 1:00,10.20219308
11/12/2024 2:00,10.26693001
11/12/2024 3:00,10.28404917
11/12/2024 4:00,10.06489135
11/12/2024 5:00,10.12778008
11/12/2024 6:00,10.12660465
11/12/2024 7:00,5.097862944
11/12/2024 8:00,0
11/12/2024 9:00,0
11/12/2024 10:00,0
11/12/2024 11:00,0
11/12/2024 12:00,0
11/12/2024 13:00,0
11/12/2024 14:00,4.796348578
11/12/2024 15:00,10.68922232
11/12/2024 16:00,10.54126924
11/12/2024 17:00,10.57290663
11/12/2024 18:00,10.46249135
11/12/2024 19:00,10.28059351
11/12/2024 20:00,10.27585978
11/12/2024 21:00,10.27277626
11/12/2024 22:00,10.28714739
11/12/2024 23:00,10.28411176
12/12/2024 0:00,10.21689784
12/12/2024 1:00,10.07352411
12/12/2024 2:00,10.09782837
12/12/2024 3:00,10.27507279
12/12/2024 4:00,10.11300066
12/12/2024 5:00,10.23892469
12/12/2024 6:00,10.24630365
12/12/2024 7:00,1.366602772
12/12/2024 8:00,0
12/12/2024 9:00,0
12/12/2024 10:00,0
12/12/2024 11:00,0
12/12/2024 12:00,0
12/12/2024 13:00,0
12/12/2024 14:00,0
12/12/2024 15:00,10.98601218
12/12/2024 16:00,10.71048028
12/12/2024 17:00,10.60749352
12/12/2024 18:00,10.48994599
12/12/2024 19:00,10.39390079
12/12/2024 20:00,10.51103972
12/12/2024 21:00,10.36687468
12/12/2024 22:00,10.28210133
12/12/2024 23:00,10.13298266
13/12/2024 0:00,10.12487793
13/12/2024 1:00,10.23329661
13/12/2024 2:00,10.19764315
13/12/2024 3:00,10.29811344
13/12/2024 4:00,10.18956305
13/12/2024 5:00,10.2871874
13/12/2024 6:00,10.17496592
13/12/2024 7:00,9.846216021
13/12/2024 8:00,0
13/12/2024 9:00,0
13/12/2024 10:00,0
13/12/2024 11:00,0
13/12/2024 12:00,0
13/12/2024 13:00,0
13/12/2024 14:00,4.566080168
13/12/2024 15:00,10.62882439
13/12/2024 16:00,10.59942452
13/12/2024 17:00,10.46718024
13/12/2024 18:00,10.43193844
13/12/2024 19:00,10.33549409
13/12/2024 20:00,10.15491848
13/12/2024 21:00,10.27946173
13/12/2024 22:00,10.15790261
13/12/2024 23:00,10.17029002
14/12/2024 0:00,10.12380933
14/12/2024 1:00,10.05793886
14/12/2024 2:00,10.01013193
14/12/2024 3:00,10.06399123
14/12/2024 4:00,10.09015259
14/12/2024 5:00,10.08377289
14/12/2024 6:00,10.04000063
14/12/2024 7:00,4.053437233
14/12/2024 8:00,0
14/12/2024 9:00,0
14/12/2024 10:00,0
14/12/2024 11:00,0
14/12/2024 12:00,0
14/12/2024 13:00,0
14/12/2024 14:00,0.637589569
14/12/2024 15:00,10.82876689
14/12/2024 16:00,10.55534564
14/12/2024 17:00,10.53089902
14/12/2024 18:00,10.53339697
14/12/2024 19:00,10.24657409
14/12/2024 20:00,10.25333513
14/12/2024 21:00,10.12064027
14/12/2024 22:00,10.13755944
14/12/2024 23:00,10.38996513
15/12/2024 0:00,10.20309817
15/12/2024 1:00,10.09247619
15/12/2024 2:00,10.38366758
15/12/2024 3:00,10.57039104
15/12/2024 4:00,10.35461741
15/12/2024 5:00,10.17245247
15/12/2024 6:00,10.29520716
15/12/2024 7:00,5.560993808
15/12/2024 8:00,0
15/12/2024 9:00,0
15/12/2024 10:00,0
15/12/2024 11:00,0
15/12/2024 12:00,0
15/12/2024 13:00,0
15/12/2024 14:00,4.132821742
15/12/2024 15:00,10.80784817
15/12/2024 16:00,10.54098234
15/12/2024 17:00,10.35625099
15/12/2024 18:00,10.45108525
15/12/2024 19:00,10.41621719
15/12/2024 20:00,10.30273714
15/12/2024 21:00,10.27518961
15/12/2024 22:00,10.25846886
15/12/2024 23:00,10.15358534
16/12/2024 0:00,10.24956919
16/12/2024 1:00,10.16824162
16/12/2024 2:00,10.12519883
16/12/2024 3:00,10.22394014
16/12/2024 4:00,10.12344696
16/12/2024 5:00,10.15657246
16/12/2024 6:00,10.16511208
16/12/2024 7:00,6.047264189
16/12/2024 8:00,0
16/12/2024 9:00,0
16/12/2024 10:00,0
16/12/2024 11:00,0
16/12/2024 12:00,0
16/12/2024 13:00,0
16/12/2024 14:00,1.073025729
16/12/2024 15:00,10.71874907
16/12/2024 16:00,10.48525924
16/12/2024 17:00,10.43605016
16/12/2024 18:00,10.41888414
16/12/2024 19:00,10.33488868
16/12/2024 20:00,10.29992021
16/12/2024 21:00,10.25940601
16/12/2024 22:00,10.1801932
16/12/2024 23:00,10.30699139
17/12/2024 0:00,10.0344894
17/12/2024 1:00,10.10496213
17/12/2024 2:00,10.16344774
17/12/2024 3:00,10.11852473
17/12/2024 4:00,10.20671289
17/12/2024 5:00,10.13627709
17/12/2024 6:00,10.16688237
17/12/2024 7:00,8.265144271
17/12/2024 8:00,0
17/12/2024 9:00,0
17/12/2024 10:00,0
17/12/2024 11:00,0
17/12/2024 12:00,0
17/12/2024 13:00,0
17/12/2024 14:00,6.916320637
17/12/2024 15:00,10.5929685
17/12/2024 16:00,10.573709
17/12/2024 17:00,10.45246614
17/12/2024 18:00,10.30546451
17/12/2024 19:00,10.21106555
17/12/2024 20:00,10.18573905
17/12/2024 21:00,10.22884546
17/12/2024 22:00,10.2277321
17/12/2024 23:00,10.3828911
18/12/2024 0:00,10.2772195
18/12/2024 1:00,10.14923197
18/12/2024 2:00,10.09958069
18/12/2024 3:00,10.14948347
18/12/2024 4:00,10.07628445
18/12/2024 5:00,9.995339825
18/12/2024 6:00,10.03746472
18/12/2024 7:00,3.208887947
18/12/2024 8:00,0
18/12/2024 9:00,0
18/12/2024 10:00,0
18/12/2024 11:00,0
18/12/2024 12:00,0
18/12/2024 13:00,0
18/12/2024 14:00,0.012537167
18/12/2024 15:00,10.79698061
18/12/2024 16:00,10.64494502
18/12/2024 17:00,10.43974597
18/12/2024 18:00,10.3803856
18/12/2024 19:00,10.34311433
18/12/2024 20:00,10.27243971
18/12/2024 21:00,10.32343952
18/12/2024 22:00,10.13366318
18/12/2024 23:00,10.16300561
19/12/2024 0:00,10.18585244
19/12/2024 1:00,10.00242666
19/12/2024 2:00,9.919977153
19/12/2024 3:00,10.03049023
19/12/2024 4:00,10.04676577
19/12/2024 5:00,9.983115856
19/12/2024 6:00,10.10994381
19/12/2024 7:00,2.707390231
19/12/2024 8:00,0
19/12/2024 9:00,0
19/12/2024 10:00,0
19/12/2024 11:00,0
19/12/2024 12:00,0
19/12/2024 13:00,0
19/12/2024 14:00,5.639030931
19/12/2024 15:00,10.88932129
19/12/2024 16:00,10.52243472
19/12/2024 17:00,10.41046823
19/12/2024 18:00,10.37631171
19/12/2024 19:00,10.38863248
19/12/2024 20:00,10.19853884
19/12/2024 21:00,10.19975534
19/12/2024 22:00,10.21574261
19/12/2024 23:00,10.2280147
20/12/2024 0:00,10.17402828
20/12/2024 1:00,10.01873255
20/12/2024 2:00,9.937630439
20/12/2024 3:00,10.02308837
20/12/2024 4:00,10.15399073
20/12/2024 5:00,10.13081795
20/12/2024 6:00,10.15878191
20/12/2024 7:00,9.744479881
20/12/2024 8:00,4.820770948
20/12/2024 9:00,0
20/12/2024 10:00,0
20/12/2024 11:00,0
20/12/2024 12:00,0
20/12/2024 13:00,0
20/12/2024 14:00,1.087576733
20/12/2024 15:00,11.11876289
20/12/2024 16:00,10.71316066
20/12/2024 17:00,10.63538825
20/12/2024 18:00,10.37071035
20/12/2024 19:00,10.32638112
20/12/2024 20:00,10.30359901
20/12/2024 21:00,10.18536052
20/12/2024 22:00,10.27914977
20/12/2024 23:00,10.39119916
21/12/2024 0:00,10.25848304
21/12/2024 1:00,10.21002635
21/12/2024 2:00,10.09199047
21/12/2024 3:00,10.14103079
21/12/2024 4:00,10.01360334
21/12/2024 5:00,10.06362281
21/12/2024 6:00,10.19541898
21/12/2024 7:00,2.069844276
21/12/2024 8:00,0
21/12/2024 9:00,0
21/12/2024 10:00,0
21/12/2024 11:00,0
21/12/2024 12:00,0
21/12/2024 13:00,0
21/12/2024 14:00,3.352966309
21/12/2024 15:00,10.90188583
21/12/2024 16:00,10.63686298
21/12/2024 17:00,10.47549922
21/12/2024 18:00,10.40155917
21/12/2024 19:00,10.41882024
21/12/2024 20:00,10.2574077
21/12/2024 21:00,10.28169459
21/12/2024 22:00,10.27107542
21/12/2024 23:00,10.1968656
22/12/2024 0:00,10.05573272
22/12/2024 1:00,10.25104948
22/12/2024 2:00,10.18184365
22/12/2024 3:00,10.0566724
22/12/2024 4:00,10.07447971
22/12/2024 5:00,10.15826155
22/12/2024 6:00,10.10260537
22/12/2024 7:00,10.24666406
22/12/2024 8:00,4.297518752
22/12/2024 9:00,0
22/12/2024 10:00,0
22/12/2024 11:00,0
22/12/2024 12:00,0
22/12/2024 13:00,2.809247906
22/12/2024 14:00,3.092064005
22/12/2024 15:00,10.91326495
22/12/2024 16:00,10.56122575
22/12/2024 17:00,10.4142464
22/12/2024 18:00,10.48575263
22/12/2024 19:00,10.38358743
22/12/2024 20:00,10.27192022
22/12/2024 21:00,10.26473238
22/12/2024 22:00,10.19246413
22/12/2024 23:00,10.30168993
23/12/2024 0:00,10.1712606
23/12/2024 1:00,10.09514501
23/12/2024 2:00,10.13295499
23/12/2024 3:00,10.2761227
23/12/2024 4:00,10.31995248
23/12/2024 5:00,10.34545337
23/12/2024 6:00,10.29831931
23/12/2024 7:00,5.251769949
23/12/2024 8:00,0
23/12/2024 9:00,0
23/12/2024 10:00,0
23/12/2024 11:00,0
23/12/2024 12:00,0
23/12/2024 13:00,0
23/12/2024 14:00,4.834732106
23/12/2024 15:00,10.88783975
23/12/2024 16:00,10.78003447
23/12/2024 17:00,10.69990116
23/12/2024 18:00,10.42644385
23/12/2024 19:00,10.55622061
23/12/2024 20:00,10.73627161
23/12/2024 21:00,10.7658874
23/12/2024 22:00,10.62302741
23/12/2024 23:00,10.53207688
24/12/2024 0:00,10.29828577
24/12/2024 1:00,10.27609416
24/12/2024 2:00,10.07168686
24/12/2024 3:00,10.18421947
24/12/2024 4:00,10.10968849
24/12/2024 5:00,10.278388
24/12/2024 6:00,10.32579838
24/12/2024 7:00,4.797224578
24/12/2024 8:00,0
24/12/2024 9:00,0
24/12/2024 10:00,0
24/12/2024 11:00,0
24/12/2024 12:00,0
24/12/2024 13:00,0
24/12/2024 14:00,0
24/12/2024 15:00,10.87471897
24/12/2024 16:00,10.65311241
24/12/2024 17:00,10.55646037
24/12/2024 18:00,10.57509672
24/12/2024 19:00,10.55719221
24/12/2024 20:00,10.36033108
24/12/2024 21:00,10.31203512
24/12/2024 22:00,10.3088779
24/12/2024 23:00,10.52181589
25/12/2024 0:00,10.30934109
25/12/2024 1:00,10.33830524
25/12/2024 2:00,10.05072186
25/12/2024 3:00,10.10358797
25/12/2024 4:00,10.0876109
25/12/2024 5:00,10.06204535
25/12/2024 6:00,10.30577392
25/12/2024 7:00,5.474581534
25/12/2024 8:00,0
25/12/2024 9:00,0
25/12/2024 10:00,0
25/12/2024 11:00,0
25/12/2024 12:00,0
25/12/2024 13:00,0
25/12/2024 14:00,1.597310849
25/12/2024 15:00,10.97283381
25/12/2024 16:00,10.72627461
25/12/2024 17:00,10.36930889
25/12/2024 18:00,10.41314197
25/12/2024 19:00,10.32593575
25/12/2024 20:00,10.3065784
25/12/2024 21:00,10.33317839
25/12/2024 22:00,10.42554896
25/12/2024 23:00,10.42926309
26/12/2024 0:00,10.27525204
26/12/2024 1:00,10.10581444
26/12/2024 2:00,10.15540107
26/12/2024 3:00,10.26010027
26/12/2024 4:00,10.10460677
26/12/2024 5:00,10.09985141
26/12/2024 6:00,10.24219869
26/12/2024 7:00,6.573034816
26/12/2024 8:00,0
26/12/2024 9:00,0
26/12/2024 10:00,0
26/12/2024 11:00,0
26/12/2024 12:00,0
26/12/2024 13:00,0
26/12/2024 14:00,1.151976129
26/12/2024 15:00,10.84604492
26/12/2024 16:00,10.40350729
26/12/2024 17:00,10.31101266
26/12/2024 18:00,10.30754422
26/12/2024 19:00,10.32914261
26/12/2024 20:00,10.33169068
26/12/2024 21:00,10.25450189
26/12/2024 22:00,10.28580351
26/12/2024 23:00,10.27080474
27/12/2024 0:00,10.20820896
27/12/2024 1:00,10.01898003
27/12/2024 2:00,9.999873803
27/12/2024 3:00,10.19725535
27/12/2024 4:00,10.17463299
27/12/2024 5:00,10.46683136
27/12/2024 6:00,10.47149007
27/12/2024 7:00,3.0402165
27/12/2024 8:00,0
27/12/2024 9:00,0
27/12/2024 10:00,0
27/12/2024 11:00,0
27/12/2024 12:00,0
27/12/2024 13:00,0
27/12/2024 14:00,0
27/12/2024 15:00,9.705724987
27/12/2024 16:00,10.73251244
27/12/2024 17:00,10.58603712
27/12/2024 18:00,10.57257442
27/12/2024 19:00,10.4516763
27/12/2024 20:00,10.56742058
27/12/2024 21:00,10.71126483
27/12/2024 22:00,10.56394569
27/12/2024 23:00,10.43143732
28/12/2024 0:00,10.36418766
28/12/2024 1:00,10.25010029
28/12/2024 2:00,10.28369119
28/12/2024 3:00,10.3308991
28/12/2024 4:00,10.26802032
28/12/2024 5:00,10.1940715
28/12/2024 6:00,10.19833133
28/12/2024 7:00,6.747472183
28/12/2024 8:00,0
28/12/2024 9:00,0
28/12/2024 10:00,0
28/12/2024 11:00,0
28/12/2024 12:00,0
28/12/2024 13:00,0
28/12/2024 14:00,1.606353896
28/12/2024 15:00,10.84944934
28/12/2024 16:00,10.59825202
28/12/2024 17:00,10.54265658
28/12/2024 18:00,10.49495645
28/12/2024 19:00,10.23399316
28/12/2024 20:00,10.21083047
28/12/2024 21:00,10.35130121
28/12/2024 22:00,10.3054603
28/12/2024 23:00,10.42888243
29/12/2024 0:00,10.31130069
29/12/2024 1:00,10.22708537
29/12/2024 2:00,10.18812336
29/12/2024 3:00,10.16812244
29/12/2024 4:00,10.30298901
29/12/2024 5:00,10.19944544
29/12/2024 6:00,10.22970174
29/12/2024 7:00,6.149206379
29/12/2024 8:00,0
29/12/2024 9:00,0
29/12/2024 10:00,0
29/12/2024 11:00,0
29/12/2024 12:00,0
29/12/2024 13:00,0
29/12/2024 14:00,2.164459184
29/12/2024 15:00,10.97224428
29/12/2024 16:00,10.63605225
29/12/2024 17:00,10.60662154
29/12/2024 18:00,10.59115863
29/12/2024 19:00,10.54577986
29/12/2024 20:00,10.41753404
29/12/2024 21:00,10.36675691
29/12/2024 22:00,10.42380182
29/12/2024 23:00,10.35910966
30/12/2024 0:00,10.29541929
30/12/2024 1:00,10.10188914
30/12/2024 2:00,10.04622959
30/12/2024 3:00,10.14329757
30/12/2024 4:00,10.05690346
30/12/2024 5:00,10.10121932
30/12/2024 6:00,10.08966214
30/12/2024 7:00,9.964262853
30/12/2024 8:00,0
30/12/2024 9:00,0
30/12/2024 10:00,0
30/12/2024 11:00,0
30/12/2024 12:00,0
30/12/2024 13:00,0
30/12/2024 14:00,5.386386917
30/12/2024 15:00,10.89705621
30/12/2024 16:00,10.67786027
30/12/2024 17:00,10.61390163
30/12/2024 18:00,10.61569734
30/12/2024 19:00,10.54632479
30/12/2024 20:00,10.40853452
30/12/2024 21:00,10.36964612
30/12/2024 22:00,10.23033723
30/12/2024 23:00,10.10070969
31/12/2024 0:00,10.10580341
31/12/2024 1:00,10.14998521
31/12/2024 2:00,10.16507937
31/12/2024 3:00,10.18606722
31/12/2024 4:00,10.17424799
31/12/2024 5:00,10.15506091
31/12/2024 6:00,10.07121772
31/12/2024 7:00,7.688544061
31/12/2024 8:00,0
31/12/2024 9:00,0
31/12/2024 10:00,0
31/12/2024 11:00,0
31/12/2024 12:00,0
31/12/2024 13:00,0
31/12/2024 14:00,2.810105101
31/12/2024 15:00,10.95830482
31/12/2024 16:00,10.53522733
31/12/2024 17:00,10.45771361
31/12/2024 18:00,10.46185761
31/12/2024 19:00,10.42687426
31/12/2024 20:00,10.22676911
31/12/2024 21:00,10.22022364
31/12/2024 22:00,10.0375363
31/12/2024 23:00,10.52184691